日本語1;Romaji1;Cara Baca1;インドネシア語1;Furigana Segment1;日本語2;Romaji2;Cara Baca2;インドネシア語2;Furigana Segment2;Custom Name
アウト;Auto;あうと;keluar;;ホテルの宿泊客が手続きをして部屋を出ること;hoteru no shukuhaku kyaku ga tetsudzuki o shite heya o deru koto;ホテルのしゅくはくきゃくがてつづきをしてへやをでること;Ketika seorang tamu hotel menyelesaikan formalitas dan meninggalkan kamar.;宿:しゅく|泊:はく|客:きゃく|手:て|続:つづ|部:へ|屋:や|出:で;1. コミュニケーション
イン;In;いん;di dalam;;ホテルの宿泊客が到着して手続きをすること;hoteru no shukuhaku kyaku ga tōchaku shite tetsudzuki o suru koto;ホテルのしゅくはくきゃくがとうちゃくしててつづきをすること;Tamu hotel tiba dan menyelesaikan prosedur;宿:しゅく|泊:はく|客:きゃく|到:とう|着:ちゃく|手:て|続:つづ;1. コミュニケーション
動く;Ugoku;うごく;bergerak;動:うご;機械や設備が作動すること;kikai ya setsubi ga sadō suru koto;きかいやせつびがさどうすること;Pengoperasian mesin dan peralatan;動:うご|機:き|械:かい|設:せつ|備:び|作:さ|動:どう;1. コミュニケーション
終わり;Owari;おわり;akhir;終:お;作業や用事が完了すること;sagyō ya yōji ga kanryō suru koto;さぎょうやようじがかんりょうすること;Penyelesaian pekerjaan atau tugas;終:お|作:さ|業:ぎょう|用:よう|事:じ|完:かん|了:りょう;1. コミュニケーション
グリストラップ;Gurisutorappu;ぐりすとらっぷ;perangkap lemak;;厨房の排水に含まれる油やゴミを一時的に止める阻集器;chūbō no haisui ni fukumareru abura ya gomi o ichijiteki ni tomeru sosshūki;ちゅうぼうのはいすいにふくまれるあぶらやゴミをいちじてきにとめるそしゅうき;Sebuah pencegat yang menghentikan sementara minyak dan kotoran yang terkandung dalam air limbah dapur.;厨:ちゅう|房:ぼう|排:はい|水:すい|含:ふく|油:あぶら|一:いち|時:じ|的:てき|止:と|阻:そ|集:しゅう|器:き;1. コミュニケーション
クレーム;Kurēmu;くれーむ;keluhan / komplain;;利用者やテナントからの苦情・不満の連絡;riyōsha ya tenanto kara no kujō・fuman no renraku;りようしゃやテナントからのくじょう・ふまんのれんらく;Komunikasi keluhan dan ketidakpuasan dari pengguna dan penyewa;利:り|用:よう|者:しゃ|苦:く|情:じょう|不:ふ|満:まん|連:れん|絡:らく;1. コミュニケーション
検針;Kenshin;けんしん;Pembacaan meteran;検:けん|針:しん;電気・水・ガスのメーターの数値を読み取って記録すること;denki・mizu・gasu no mētā no sūchi o yomitotte kiroku suru koto;でんき・みず・ガスのメーターのすうちをよみとってきろくすること;Membaca dan mencatat nilai meteran listrik, air, dan gas;検:けん|針:しん|電:でん|気:き|水:みず|数:すう|値:ち|読:よ|取:と|記:き|録:ろく;1. コミュニケーション
ここですか？;Kokodesu ka?;ここです か?;Apakah di sini?;;場所や位置を確認するときの言葉;basho ya ichi o kakunin suru toki no kotoba;ばしょやいちをかくにんするときのことば;Kata-kata yang digunakan untuk mengkonfirmasi suatu tempat atau lokasi;場:ば|所:しょ|位:い|置:ち|確:かく|認:にん|言:こと|葉:ば;1. コミュニケーション
これでいいですか？;Kore de īdesu ka?;これ で いーです か?;Apakah ini baik-baik saja?;;作業の結果や状態を確認するときの言葉;sagyō no kekka ya jōtai o kakunin suru toki no kotoba;さぎょうのけっかやじょうたいをかくにんするときのことば;Kata-kata yang digunakan saat mengonfirmasi hasil dan status pekerjaan;作:さ|業:ぎょう|結:けっ|果:か|状:じょう|態:たい|確:かく|認:にん|言:こと|葉:ば;1. コミュニケーション
これですか？;Koredesu ka?;これです か?;Apakah ini dia?;;対象の物や指さしているものが合っているか確認するときの言葉;taishō no mono ya yubisashite iru mono ga atte iru ka kakunin suru toki no kotoba;たいしょうのものやゆびさしているものがあっているにかかくにんするときのことば;Kata-kata yang digunakan untuk memeriksa apakah objek sasaran atau yang Anda tunjuk sudah benar.;対:たい|象:しょう|物:もの|指:ゆび|合:あ|確:かく|認:にん|言:こと|葉:ば;1. コミュニケーション
締まる;Shimaru;しまる;mengencangkan;締:し;ネジやボルト、バルブなどがきつく固定されること;neji ya boruto, barubu nado ga kitsuku kotei sareru koto;ネジやボルト、バルブなどがきつくこていされること;Sekrup, baut, katup, dll. harus terpasang erat.;締:し|固:こ|定:てい;1. コミュニケーション
閉まる;Shimaru;しまる;menutup;閉:し;ドアや窓、シャッターなどが閉じること;doa ya mado, shattā nado ga tojiru koto;ドアやまど、シャッターなどがとじること;Menutup pintu, jendela, daun jendela, dll.;窓:まど|閉:と;1. コミュニケーション
閉めて;Shimete;しめて;Tutup itu;閉:し;ドアや窓、シャッターを閉じてほしいと頼む言葉;doa ya mado, shattā o tojite hoshii to tanomu kotoba;ドアやまど、シャッターをとじてほしいとたのむことば;Kata-kata yang meminta agar pintu, jendela, dan daun jendela ditutup;窓:まど|頼:たの|言:こと|葉:ば|閉:と;1. コミュニケーション
テナント;Tenanto;てなんと;penyewa;;ビルや商業施設に入居している店舗や会社のこと;biru ya shōgyō shisetsu ni nyūkyō shite iru tenpo ya kaisha no koto;ビルやしょうぎょうしせつににゅうきょしているてんぽやかいしゃのこと;Toko dan perusahaan yang berlokasi di gedung dan fasilitas komersial;商:しょう|業:ぎょう|施:し|設:せつ|入:にゅう|居:きょ|店:てん|舗:ぽ|会:かい|社:しゃ;1. コミュニケーション
止まった;Tomatta;とまった;berhenti;止:と;動いていた機械や、流れていた水などが停止した状態;ugoite ita kikai ya, nagarete ita mizu nado ga teishi shita jōtai;うごいていたきかいや、ながれていたみずなどがていししたじょうたい;Keadaan dimana mesin yang bergerak atau air yang mengalir terhenti.;動:うご|機:き|械:かい|流:なが|水:みず|停:てい|状:じょう|態:たい|止:し;1. コミュニケーション
バックヤード;Bakkuyādo;ばっくやーど;halaman belakang;;お客様からは見えない、スタッフ専用の作業スペースや通路;okyasama kara wa mienai, sutaffu sen'yō no sagyō supēsu ya tsūro;おきゃくさまからはみえない、スタッフせんようのさぎょうスペースやつうろ;Ruang kerja dan jalan setapak khusus staf yang tidak terlihat oleh pelanggan;客:きゃく|様:さま|見:み|専:せん|用:よう|作:さ|業:ぎょう|通:つう|路:ろ;1. コミュニケーション
ブレーカーがトリップした;Burēkā ga torippu shita;ぶれーかー が とりっぷ した;pemutusnya tersandung;;電気の使いすぎや漏電で、安全装置が働いてスイッチが落ちた状態;denki no tsukaisugi ya rōden de, anzen sōchi ga hataraite suicchi ga ochita jōtai;でんきのつかいすぎやろうでんで、あんぜんそうちがはたらいてスイッチがおちたじょうたい;Perangkat pengaman diaktifkan dan sakelar terputus karena penggunaan listrik yang berlebihan atau kebocoran.;電:でん|気:き|使:つか|漏:ろう|安:あん|全:ぜん|装:そう|置:ち|働:はたら|落:お|状:じょう|態:たい;1. コミュニケーション
ブレーカーが落ちた;Burēkā ga ochita;ぶれーかー が おちた;pemutusnya tersandung;落:お;電気が遮断されて停電した状態;denki ga shadan sarete teiden shita jōtai;でんきがしゃだんされてていでんしたじょうたい;Keadaan ketika aliran listrik terputus sehingga terjadi pemadaman.;落:お|気:き|遮:しゃ|断:だん|停:てい|状:じょう|態:たい|電:でん|電:でん;1. コミュニケーション
フロント;Furonto;ふろんと;depan;;ホテルの受付、またはビルの総合案内所;hoteru no uketsuke, mata wa biru no sōgō annaijo;ホテルのうけつけ、またはビルのそうごうあんないじょ;Penerimaan hotel atau pusat informasi gedung;受:うけ|付:つけ|総:そう|合:ごう|案:あん|内:ない|所:じょ;1. コミュニケーション
メーター;Mētā;めーたー;meter;;電気・水・圧力などの量を測って数字で示めす機器;denki・mizu・atsuryoku nado no ryō o hakatte sūji de shimesu kiki;でんき・みず・あつりょくなどのりょうをはかってすうじでしめすきき;Perangkat yang mengukur jumlah listrik, air, tekanan, dll. dan menunjukkannya dalam angka.;電:でん|気:き|水:みず|圧:あつ|力:りょく|量:りょう|測:はか|数:すう|字:じ|示:し|機:き|器:き;1. コミュニケーション
もう一度お願いします;Mōichido onegaishimasu;もーいちど おねがいします;Tolong katakan itu lagi;度:ど|願:ねが;相手の言葉が聞き取れず、再度言ってほしいときに使う言葉;aite no kotoba ga kikitorezu, saido itte hoshii toki ni tsukau kotoba;あいてのことばがききとれず、さいどいってほしいときにつかうことば;Kata-kata yang digunakan ketika Anda tidak dapat memahami apa yang dikatakan seseorang dan ingin agar orang tersebut mengatakannya lagi;度:ど|願:ねが|相:あい|手:て|言:こと|葉:ば|聞:き|取:と|再:さい|度:ど|言:い|使:つか|言:こと;1. コミュニケーション
ゆっくりお願いします;Yukkuri onegaishimasu;ゆっくり おねがいします;Silakan luangkan waktu Anda;願:ねが;相手の話すスピードを落としてほしいときに使う言葉;aite no hanasu supīdo o otoshite hoshii toki ni tsukau kotoba;あいてのはなすスピードをおとしてほしいときにつかうことば;Ungkapan untuk meminta lawan bicara berbicara lebih lambat.;願:ねが|相:あい|手:て|話:はな|落:お|使:つか|言:こと|葉:ば;1. コミュニケーション
異音;Ion;いおん;suara aneh;異:い|音:おん;機械などから発生する、普段とは違うおかしい音。故障のサイン。;kikai nado kara hassei suru, fudan to wa chigau okashii oto. koshō no sain.;きかいなどからはっせいする、ふだんとはちがうおかしいおと。こしょうのサイン。;Suara-suara aneh yang berbeda dari biasanya, berasal dari mesin dll. Tanda kegagalan.;異:い|機:き|械:かい|発:はっ|生:せい|普:ふ|段:だん|違:ちが|故:こ|障:しょう|音:おと;1. コミュニケーション
異臭;Ishū;いしゅー;Bau yang aneh;異:い|臭:しゅう;普段とは違う、焦げ臭い・生臭いなどのおかしい臭い。;fudan to wa chigau, kogekusai・namagusai nado no okashii nioi.;ふだんとはちがう、こげくさい・なまぐさいなどのおかしいにおい。;Bau aneh seperti bau gosong atau amis yang berbeda dari biasanya.;異:い|普:ふ|段:だん|違:ちが|焦:こ|生:なま|臭:くさ|臭:ぐさ|臭:にお;1. コミュニケーション
異常;Ijō;いじょー;kelainan;異:い|常:じょう;普通ではない状態。故障やトラブルが起きていること。;futsū de wa nai jōtai. koshō ya toraburu ga okite iru koto.;ふつうではないじょうたい。こしょうやトラブルがおきていること。;Bukan situasi normal. Terjadi malfungsi atau masalah.;異:い|常:じょう|普:ふ|通:つう|状:じょう|態:たい|故:こ|障:しょう|起:お;1. コミュニケーション
運んで;Hakonde;はこんで;membawanya;運:はこ;物を別の場所に移動させてほしいと頼む言葉。;mono o betsu no basho ni idō sasete hoshii to tanomu kotoba.;ものをべつのばしょにいどうさせてほしいとたのむことば。;Sebuah kata yang digunakan untuk meminta sesuatu dipindahkan ke lokasi lain.;運:はこ|物:もの|別:べつ|場:ば|所:しょ|移:い|動:どう|頼:たの|言:こと|葉:ば;1. コミュニケーション
開けて;Akete;あけて;Buka itu;開:あ;ドアや窓、バルブなどをひらいてほしいと頼む言葉。;doa ya mado, barubu nado o hiraite hoshii to tanomu kotoba.;ドアやまど、バルブなどをひらいてほしいとたのむことば。;Sebuah kata yang digunakan untuk meminta agar pintu, jendela, katup, dll dibuka.;開:あ|窓:まど|頼:たの|言:こと|葉:ば;1. コミュニケーション
開店;Kaiten;かいてん;Pembukaan;開:かい|店:てん;お店が営業を開始すること。;omise ga eigyō o kaishi suru koto.;おみせがえいぎょうをかいしすること。;Toko mulai beroperasi.;開:かい|営:えい|業:ぎょう|開:かい|始:し|店:みせ;1. コミュニケーション
閉店;Heiten;へいてん;tertutup;閉:へい|店:てん;お店のその日の営業が終わること。;omise no sono hi no eigyō ga owaru koto.;おみせのそのひのえいぎょうがおわること。;Akhir jam kerja toko untuk hari itu.;閉:へい|日:ひ|営:えい|業:ぎょう|終:お|店:みせ;1. コミュニケーション
確認;Kakunin;かくにん;konfirmasi;確:かく|認:にん;間違いや問題がないか、目で見てチェックすること。;machigai ya mondai ga nai ka, me de mite chekku suru koto.;まちがいやもんだいがないか、めでみてチェックすること。;Periksa kesalahan atau masalah secara visual.;確:かく|認:にん|違:まちが|問:もん|題:だい|目:め|見:み;1. コミュニケーション
管球;Kan-kyū;かんーきゅー;tabung;管:かん|球:きゅう;蛍光灯や電球など、照明器具のランプ類のこと。;keikōtō ya denkyū nado, shōmei kigu no ranpu rui no koto.;けいこうとうやでんきゅうなど、しょうめいきぐのランプるいのこと。;Lampu pada peralatan penerangan, seperti lampu neon dan bola lampu.;管:かん|球:きゅう|蛍:けい|光:こう|灯:とう|電:でん|球:きゅう|照:しょう|明:めい|器:き|具:ぐ|類:るい;1. コミュニケーション
緩めて;Yurumete;ゆるめて;Kendurkan itu;緩:ゆる;きつく締まっているネジやバルブなどを少し回して緩くすること。;kitsuku shimatte iru neji ya barubu nado o sukoshi mawashite yuruku suru koto.;きつくしまっているネジやバルブなどをすこしまわしてゆるくすること。;Untuk mengendurkan sekrup atau katup yang sudah kencang dengan cara memutarnya sedikit.;緩:ゆる|締:し|回:まわ;1. コミュニケーション
危ないです;Abunaidesu;あぶないです;Itu berbahaya;危:あぶ;危険な状態であることを相手に知らせ、注意を促す言葉。;kiken na jōtai de aru koto o aite ni shirase, chūi o unagasu kotoba.;きけんなじょうたいであることをあいてにしらせ、ちゅういをおうながすことば。;Kata-kata yang digunakan untuk memberi tahu orang lain tentang situasi berbahaya dan mendesak mereka agar berhati-hati.;険:けん|状:じょう|態:たい|相:あい|手:て|知:し|注:ちゅう|意:い|促:うなが|言:こと|葉:ば|危:き;1. コミュニケーション
期限;Kigen;きげん;tenggat waktu;期:き|限:げん;約束の日時や、作業を終わらせなければならない期限。;yakusoku no nichiji ya, sagyō o owarasenakereba naranai kigen.;やくそくのにちじや、さぎょうをおわらせなければならないきげん。;Tanggal dan waktu yang dijanjikan serta batas waktu penyelesaian pekerjaan.;期:き|限:げん|約:やく|束:そく|日:にち|時:じ|作:さ|業:ぎょう|終:お;1. コミュニケーション
詰まり;Tsumari;つまり;menyumbat;詰:つ;配管などにゴミが溜まり、水などが流れなくなる現象。;haikan nado ni gomi ga tamari, mizu nado ga nagarenaku naru gensshō.;はいかんなどにゴミがたまり、みずなどがながれなくなるげんしょう。;Sebuah fenomena di mana kotoran menumpuk di pipa, dll, dan air berhenti mengalir.;詰:つ|配:はい|管:かん|溜:た|水:みず|流:なが|現:げん|象:しょう;1. コミュニケーション
客室;Kyakushitsu;きゃくしつ;Kamar tamu;客:きゃく|室:しつ;ホテルなどで、お客様が泊まる部屋。;hoteru nado de, okyakusama ga tomaru heya.;ホテルなどで、おきゃくさまがとまるへや。;Kamar tempat tamu menginap di hotel, dll.;客:きゃく|室:しつ|様:さま|泊:と|部:へ|屋:や;1. コミュニケーション
客室係;Kyakushitsu-gakari;きゃくしつーがかり;petugas kamar hotel;客:きゃく|室:しつ|係:かかり;ホテルの客室の清掃やベッドメイク、管理をするスタッフ。;hoteru no kyakushitsu no seisō ya beddo meiku, kanri o suru sutaffu.;ホテルのきゃくしつのせいそうやベッドメイク、かんりをするスタッフ。;Staf yang membersihkan, merapikan tempat tidur, dan mengelola kamar hotel.;客:きゃく|室:しつ|係:かかり|清:せい|掃:そう|管:かん|理:り;1. コミュニケーション
給排水;Kyūhaisui;きゅうはいすい;Pasokan air dan drainase;給:きゅう|排:はい|水:すい;水を供給する「給水」と、汚水を流す「排水」の設備全体のこと。;mizu o kyōkyū suru "kyūsui" to, osui o nagasu "haisui" no setsubi zentai no koto.;みずをきょうきゅうする「きゅうすい」と、おすいをながす「はいすい」のせつびぜんたいのこと。;Yang dimaksud dengan keseluruhan peralatan yang meliputi “penyediaan air” yang menyuplai air dan “drainase” yang mengalirkan air limbah.;給:きゅう|排:はい|供:きょう|給:きゅう|汚:お|流:なが|設:せつ|備:び|全:ぜん|体:たい|水:みず|水:すい|水:すい|水:すい;1. コミュニケーション
共有;Kyōyū;きょーゆー;membagikan;共:きょう|有:ゆう;情報や物を、みんなで一緒に持つこと・知ること。;jōhō ya mono o, minna de issho ni motsu koto・shiru koto.;じょうほうやものを、みんなでいっしょにもつこと・しること。;Untuk memiliki dan mengetahui informasi dan berbagai hal bersama-sama.;共:きょう|有:ゆう|情:じょう|報:ほう|物:もの|一:いっ|緒:しょ|持:も|知:し;1. コミュニケーション
共用部;Kyōyō-bu;きょーよーーぶ;Area umum;共:きょう|用:よう|部:ぶ;エントランスや廊下、トイレなど、みんなが使う場所。;entoransu ya rōka, toire nado, minna ga tsukau basho.;エントランスやろうか、トイレなど、みんながつかうばしょ。;Tempat yang digunakan semua orang, seperti pintu masuk, lorong, dan toilet.;共:きょう|用:よう|部:ぶ|廊:ろう|下:か|使:つか|場:ば|所:しょ;1. コミュニケーション
継続;Keizoku;けいぞく;kelanjutan;継:けい|続:ぞく;作業や状態を止めずに、そのまま続けること。;sagyō ya jōtai o tomezu ni, sonomama tsuzukeru koto.;さぎょうやじょうたいをとめずに、そのままつづけること。;Untuk melanjutkan suatu tugas atau kondisi tanpa henti.;継:けい|作:さ|業:ぎょう|状:じょう|態:たい|止:と|続:つづ;1. コミュニケーション
現場;Genba;げんば;Di tempat;現:げん|場:ば;実際に作業を行う場所、またはトラブルが起きている場所。;jissai ni sagyō o okonau basho, mata wa toraburu ga okite iru basho.;じっさいにさぎょうをおこなうばしょ、またはトラブルがおきているばしょ。;Tempat di mana pekerjaan sebenarnya dilakukan atau di mana masalah terjadi.;現:げん|場:ば|実:じっ|際:さい|作:さ|業:ぎょう|行:おこな|起:お;1. コミュニケーション
故障;Koshō;こしょー;kerusakan;故:こ|障:しょう;機械や設備が壊れて、正常に動かなくなること。;kikai ya setsubi ga kowarete, seijō ni ugokanaku naru koto.;きかいやせつびがこわれて、せいじょうにうごかなくなること。;Mesin dan peralatan rusak dan tidak lagi berfungsi dengan baik.;故:こ|障:しょう|機:き|械:かい|設:せつ|備:び|壊:こわ|正:せい|常:じょう|動:うご;1. コミュニケーション
午後;Gogo;ごご;sore;午:ご|後:ご;昼の12時から夜の12時までの時間。;hiru no 12-ji kara yoru no 12-ji made no jikan.;ひるの12じからよるの12じまでのじかん。;Waktu mulai pukul 12.00 siang hingga pukul 12.00 malam.;午:ご|後:ご|昼:ひる|時:じ|夜:よる|時:じ|間:かん;1. コミュニケーション
午前;Gozen;ごぜん;Pagi;午:ご|前:ぜん;朝の0時から昼の12時までの時間。;asa no 0-ji kara hiru no 12-ji made no jikan.;あさの0じからひるの12じまでのじかん。;Waktunya dari tengah malam pagi hingga jam 12 siang.;午:ご|前:ぜん|朝:あさ|時:じ|昼:ひる|時:じ|間:かん;1. コミュニケーション
本日;Honjitsu;ほんじつ;Hari ini;本:ほん|日:じつ;今日のこと。丁寧な言い方。;kyō no koto. teinei na iikata.;きょうのこと。ていねいないいかた。;Tentang hari ini. Bagaimana mengatakannya dengan sopan.;今日:きょう|丁:てい|寧:ねい|言:い|方:かた;1. コミュニケーション
明日;Ashita;あした;besok;日:ひ;今日の次の日のこと。丁寧な言い方。;kyō no tsugi no hi no koto. teinei na iikata.;きょうのつぎのひのこと。ていねいないいかた。;Tentang hari esok. Bentuk yang lebih sopan untuk mengatakan “besok”.;今日:きょう|次:つぎ|日:ひ|丁:てい|寧:ねい|言:い|方:かた;1. コミュニケーション
今週;Konshū;こんしゅー;minggu ini;今:こん|週:しゅう;今の週のこと。;ima no shū no koto.;いまのしゅうのこと。;Sekitar minggu ini.;週:しゅう|今:いま;1. コミュニケーション
来週;Raishū;らいしゅー;minggu depan;来:らい|週:しゅう;次の週のこと。;tsugi no shū no koto.;つぎのしゅうのこと。;Sekitar minggu depan.;来:らい|週:しゅう;1. コミュニケーション
作業;Sagyō;さぎょー;bekerja;作:さ|業:ぎょう;点検や修理、掃除などの具体的な仕事を行うこと。;tenken ya shūri, sōji nado no gutaiteki na shigoto o okonau koto.;てんけんやしゅうり、そうじなどのぐたいてきなしごとをおこなうこと。;Melakukan tugas tertentu seperti inspeksi, perbaikan, dan pembersihan.;作:さ|業:ぎょう|点:てん|検:けん|修:しゅう|理:り|掃:そう|除:じ|具:ぐ|体:たい|的:てき|行:おこな|事:ごと|仕:し;1. コミュニケーション
止まる;Tomaru;とまる;berhenti;止:と;機械の動きや、水・電気の流れが停止すること。;kikai no ugoki ya, mizu・denki no nagare ga teishi suru koto.;きかいのうごきや、みず・でんきのながれがていしすること。;Berhentinya gerak mesin atau aliran air/listrik.;機:き|械:かい|動:うご|水:みず|電:でん|気:き|流:なが|停:てい|止:し;1. コミュニケーション
止めて;Tomete;とめて;hentikan;止:と;機械や水・電気を停止させてほしいと頼む言葉。;kikai ya mizu・denki o teishi sasete hoshii to tanomu kotoba.;きかいやみず・でんきをていしさせてほしいとたのむことば。;Sebuah kata yang digunakan untuk meminta agar mesin, air, dan listrik dimatikan.;機:き|械:かい|水:みず|電:でん|気:き|停:てい|頼:たの|言:こと|葉:ば|止:し;1. コミュニケーション
至急;Shikyū;しきゅー;mendesak;至:し|急:きゅう;非常に急いで、対応しなければならないこと。;hijō ni isoide, sugu ni taiō shinakereba naranai koto.;ひじょうにいそいで、すぐにたいおうしなければならないこと。;Sesuatu yang perlu ditangani dengan sangat cepat.;至:し|非:ひ|常:じょう|対:たい|応:おう|急:いそ;1. コミュニケーション
持って;Motte;もって;memegang;持:も;物を手に持つこと。;mono o te ni motsu koto.;ものをてにもつこと。;untuk memegang sesuatu di tangan seseorang.;持:も|物:もの|手:て|待:ま|間:ま|違:ちが|可:か|能:のう|性:せい|文:ぶん|脈:みゃく;1. コミュニケーション
待って;Matte;まって;tunggu sebentar;待:ま;動きや作業を一瞬止めて、その場で少し時間を置いてほしいときの言葉。;ugoki ya sagyō o isshun tomete, sono ba de sukoshi jikan o oite hoshii toki no kotoba.;うごきやさぎょうをいっしゅんとめて、そのばですこしじかんをおいてほしいときのことば。;Kata ini digunakan ketika ingin berhenti bergerak atau bekerja sejenak dan berhenti sejenak.;待:ま|動:うご|作:さ|業:ぎょう|一:いっ|瞬:しゅん|止:と|場:ば|少:すこ|時:じ|間:かん|置:お|言:こと|葉:ば;1. コミュニケーション
手伝って;Tetsudatte;てつだって;Bantu aku;手:て|伝:つだ;一人では大変なので、一緒に作業をしてほしいと頼む言葉。;hitori de wa taihen na node, issho ni sagyō o shite hoshii to tanomu kotoba.;ひとりではたいへんなので、いっしょにさぎょうをしてほしいとたのむことば。;Sulit untuk melakukannya sendiri, jadi saya meminta Anda untuk bekerja dengan saya.;手:て|伝:つだ|一:ひと|人:り|大:たい|変:へん|一:いっ|緒:しょ|作:さ|業:ぎょう|頼:たの|言:こと|葉:ば;1. コミュニケーション
終了;Shūryō;しゅーりょー;akhir;終:しゅう|了:りょう;作業や点検がすべて終わること。;sagyō ya tenken ga subete owaru koto.;さぎょうやてんけんがすべておわること。;Semua pekerjaan dan inspeksi telah selesai.;作:さ|業:ぎょう|点:てん|検:けん|終:お;1. コミュニケーション
巡回;Junkai;じゅんかい;patroli;巡:じゅん|回:かい;建物の中を見回って、異常がないかチェックすること。;tatemono no naka o mimawatte, ijō ga nai ka chekku suru koto.;たてもののなかをみまわって、いじょうがないかチェックすること。;Lihatlah sekeliling gedung dan periksa apakah ada kelainan.;巡:じゅん|建:たて|物:もの|中:なか|見:み|異:い|常:じょう|回:まわ;1. コミュニケーション
焦げ臭い;Kogekusai;こげくさい;Bau terbakar;焦:こ|臭:くさ;物が焼けたような臭いがすること。火災や電気トラブルの危険あり。;mono ga yaketa yō na nioi ga suru koto. kasai ya denki toraburu no kiken ari.;ものがやけたようなにおいがすること。かさいやでんきトラブルのきけんあり。;Bau sesuatu yang terbakar. Ada risiko kebakaran atau gangguan listrik.;焦:こ|物:もの|焼:や|火:か|災:さい|電:でん|気:き|危:き|険:けん|臭:にお;1. コミュニケーション
触らない;Sawaranai;さわらない;jangan sentuh;触:さわ;危険なので、手で触れてはいけないことを伝える言葉。;kiken na node, te de furete wa ikenai koto o tsutaeru kotoba.;きけんなので、てでふれてはいけないことをつたえることば。;Kata-kata yang menyampaikan bahwa ada sesuatu yang berbahaya dan tidak boleh disentuh.;危:き|険:けん|手:て|伝:つた|言:こと|葉:ば|触:ふ;1. コミュニケーション
振動;Shindō;しんどー;getaran;振:しん|動:どう;機械がぶるぶると細かく揺れること。激しい場合は異常のサイン。;kikai ga buruburu to komakaku yureru koto. hageshii baai wa ijō no sain.;きかいがぶるぶるとこまかくゆれること。はげしいばあいはいじょうのサイン。;Mesinnya sedikit bergetar. Jika parah, itu pertanda adanya kelainan.;振:しん|動:どう|機:き|械:かい|細:こま|揺:ゆ|激:はげ|場:ば|合:あい|異:い|常:じょう;1. コミュニケーション
厨房;Chūbō;ちゅーぼー;dapur;厨:ちゅう|房:ぼう;レストランやホテルの料理を作る場所。キッチン。;resutoran ya hoteru no ryōri o tsukuru basho. kicchin.;レストランやホテルのりょうりをつくるばしょ。キッチン。;Tempat penyiapan makanan untuk restoran dan hotel. dapur.;厨:ちゅう|房:ぼう|料:りょう|理:り|作:つく|場:ば|所:しょ;1. コミュニケーション
水漏れ;Mizu-more;みずーもれ;kebocoran air;水:みず|漏:も;配管や天井から水が漏れ出していること。;haikan ya tenjō kara mizu ga moradashite iru koto.;はいかんやりょうじょうからみずがもれだしていること。;Air bocor dari pipa atau langit-langit.;水:みず|漏:も|配:はい|管:かん|天:てん|井:じょう|水:みず|漏:も|出:だ;1. コミュニケーション
漏水;Rōsui;ろーすい;kebocoran air;漏:ろう|水:すい;水道管などから水が漏れること。;suidōkan nado kara mizu ga moreru koto.;すいどうかんなどからみずがもれること。;Air bocor dari pipa air, dll.;道:どう|管:かん|同:おな|漏:も|水:すい|水:みず;1. コミュニケーション
専有部;Sen'yū-bu;せんゆーーぶ;Daerah eksklusif;専:せん|有:ゆう|部:ぶ;テナントの室内や客室内など、特定人が借りて使っている区域。;tenanto no shitsunai ya kyakushitsunai nado, tokutei no hito ga karite tsukatte iru kuiki.;テナントのしつないやきゃくしつないなど、とくていのひとがかりてつかっているくいき。;Suatu area yang disewa dan digunakan oleh orang tertentu, seperti kamar penyewa atau kamar tamu.;専:せん|有:ゆう|部:ぶ|室:しつ|内:ない|客:きゃく|特:とく|定:てい|人:ひと|借:か|使:つか|区:く|域:いき;1. コミュニケーション
対応;Taiō;たいおー;penanganan;対:たい|応:おう;問題に対して、修理や調整などの必要な行動をとること。;mondai ni taishite, shūri ya chōsei nado no hitsuyō na kōdō o toru koto.;もんだいにたいして、しゅうりやちょうせいなどのひつようなこうどうをとること。;Mengambil tindakan yang diperlukan seperti perbaikan atau penyesuaian sebagai respons terhadap suatu masalah.;対:たい|応:おう|問:もん|題:だい|対:たい|修:しゅう|理:り|調:ちょう|整:せい|必:ひつ|要:よう|行:こう|動:どう;1. コミュニケーション
中止;Chūshi;ちゅーし;membatalkan;中:ちゅう|止:し;予定していた作業を、途中でやめること。;yotei shite ita sagyō o, tochū de yameru koto.;よていしていたさぎょうを、とちゅうでやめること。;Untuk menghentikan tugas yang direncanakan di tengah jalan.;中:ちゅう|止:し|予:よ|定:てい|作:さ|業:ぎょう|途:と|中:ちゅう;1. コミュニケーション
停電;Teiden;ていでん;pemadaman listrik;停:てい|電:でん;電気の供給が止まり、照明や機械が使えなくなること。;denki no kyōkyū ga tomari, shōmei ya kikai ga tsukaenaku naru koto.;でんきのきょうきゅうがとまり、しょうめいやきかいがつかえなくなること。;Pasokan listrik terputus, sehingga lampu dan mesin tidak dapat digunakan.;停:てい|電:でん|電:でん|気:き|供:きょう|給:きゅう|止:と|照:しょう|明:めい|機:き|械:かい|使:つか;1. コミュニケーション
締めて;Shimete;しめて;Kencangkan;締:し;ネジやバルブをしっかり固定・閉鎖してほしいと頼む言葉。;neji ya barubu o shikkari kotei・heisa shite hoshii to tanomu kotoba.;ネジやバルブをしっかりこてい・へいさしてほしいとたのむことば。;Sebuah kata yang digunakan untuk meminta agar sekrup atau katup dipasang atau ditutup dengan kuat.;締:し|固:こ|定:てい|閉:へい|鎖:さ|頼:たの|言:こと|葉:ば;1. コミュニケーション
点検;Tenken;てんけん;Inspeksi;点:てん|検:けん;機械や設備が正常に動いているか、詳しく調べること。;kikai ya setsubi ga seijō ni ugoite iru ka, kuwashiku shiraberu koto.;きかいやせつびがせいじょうにうごいているか、くわしくしらべること。;Periksa secara detail apakah mesin dan peralatan berfungsi dengan baik.;点:てん|検:けん|機:き|械:かい|設:せつ|備:び|正:せい|常:じょう|動:うご|詳:くわ|調:しら;1. コミュニケーション
電源を切って;Dengen o kitte;でんげん お きって;mematikan listrik;電:でん|源:げん|切:き;機械のスイッチをオフにしてほしいと頼む言葉。;kikai no suicchi o ofu  ni shite hoshii to tanomu kotoba.;きかいのスイッチをオフ にしてほしいとたのむことば。;Kata-kata yang meminta mesin dimatikan.;電:でん|源:げん|切:き|機:き|械:かい|頼:たの|言:こと|葉:ば;1. コミュニケーション
電源を入れて;Dengen o irete;でんげん お いれて;nyalakan daya;電:でん|源:げん|入:い;機械のスイッチをオンにしてほしいと頼む言葉。;kikai no suicchi o on  ni shite hoshii to tanomu kotoba.;きかいのスイッチをオン にしてほしいとたのむことば。;Kata-kata yang meminta mesin dihidupkan.;電:でん|源:げん|入:い|機:き|械:かい|頼:たの|言:こと|葉:ば;1. コミュニケーション
動かして;Ugokashite;うごかして;memindahkannya;動:うご;機械のスイッチを入れて作動させてほしいと頼む言葉。;kikai no suicchi o irete sadō sasete hoshii to tanomu kotoba.;きかいのスイッチをいれてさどうさせてほしいとたのむことば。;Kata-kata yang meminta mesin untuk dihidupkan dan dihidupkan.;機:き|械:かい|入:い|作:さ|頼:たの|言:こと|葉:ば|動:どう;1. コミュニケーション
動かない;Ugokanai;うごかない;Tidak bergerak;動:うご;機械の電源が入らない、または壊れて作動しない状態。;kikai no dengen ga hairanai, mata wa kowarete sadō shinai jōtai.;きかいのでんげんがはいらない、またはこわれてさどうしないじょうたい。;Mesin tidak menyala atau rusak dan tidak berfungsi.;機:き|械:かい|電:でん|源:げん|入:はい|壊:こわ|作:さ|状:じょう|態:たい|動:どう;1. コミュニケーション
破損;Hason;はそん;Kerusakan;破:は|損:そん;物が割れたり、折れたりして壊れていること。;mono ga waretari, oretari shite kowareteru koto.;ものがわれたり、おれたりしてこわれていること。;Benda yang pecah atau patah.;破:は|損:そん|物:もの|割:わ|折:お|壊:こわ;1. コミュニケーション
発熱;Hatsunetsu;はつねつ;panas berlebih;発:はつ|熱:ねつ;機械やブレーカーなどが、異常に熱を持っていること。故障の危険。;kikai ya burēkā nado ga, ijō ni netsu o motte iru koto. koshō no kiken.;きかいやブレーカーなどが、いじょうにねつをもっていること。こしょうのきけん。;Mesin, pemutus arus, dll. panasnya tidak normal. Resiko kegagalan.;発:はつ|熱:ねつ|機:き|械:かい|異:い|常:じょう|熱:ねつ|持:も|故:こ|障:しょう|危:き|険:けん;1. コミュニケーション
不具合;Fuguai;ふぐあい;cacat;不:ふ|具:ぐ|合:あい;機械や設備の調子が悪く、正常に動かない部分があること。;kikai ya setsubi no chōshi ga waruku, seijō ni ugokanai bubun ga aru koto.;きかいやせつびのちょうしがわるく、せいじょうにうごかないぶぶんがあること。;Mesin dan peralatan berada dalam kondisi buruk dan beberapa bagian tidak berfungsi dengan baik.;不:ふ|具:ぐ|合:あい|機:き|械:かい|設:せつ|備:び|調:ちょう|子:し|悪:わる|正:せい|常:じょう|動:うご|部:ぶ|分:ぶん;1. コミュニケーション
わかりました;Wakarimashita;わかりました;mengerti;;相手の言った内容を理解したことを伝える言葉。;aite no itta naiyō o rikai shita koto o tsutaeru kotoba.;あいてのいったないようをりかいしたことをつたえることば。;Sebuah kata yang digunakan untuk menyampaikan bahwa Anda memahami apa yang dikatakan orang lain.;分:わ|相:あい|手:て|言:い|内:ない|容:よう|理:り|解:かい|伝:つた|言:こと|葉:ば;1. コミュニケーション
わかりません;Wakarimasen;わかりません;Saya tidak mengerti;;相手の言った内容や、やり方が理解できないことを伝える言葉。;aite no itta naiyō ya, yarikata ga rikai dekinai koto o tsutaeru kotoba.;あいてのいったないようや、やりかたがりかいできないことをつたえることば。;Sebuah kata yang digunakan untuk memberitahu seseorang bahwa Anda tidak mengerti apa yang mereka katakan atau bagaimana mereka melakukannya.;分:わ|相:あい|手:て|言:い|内:ない|容:よう|方:かた|理:り|解:かい|伝:つた|言:こと|葉:ば;1. コミュニケーション
片付けて;Katadzukete;かたづけて;Membersihkan;片:かた|付:づ;使った工具やゴミを整理して、元のきれいな状態に戻すよう頼む言葉。;tsukatta kōgu ya gomi o seiri shite, moto no kirei na jōtai ni modosu yō tanomu kotoba.;つかったこうぐやゴミをせいりして、もとのきれいなじょうたいにもどすようたのむことば。;Sebuah kata yang meminta Anda untuk memilah alat dan sampah yang Anda gunakan dan mengembalikannya ke kondisi bersih semula.;片:かた|付:づ|使:つか|工:こう|具:ぐ|整:せい|理:り|元:もと|状:じょう|態:たい|戻:もど|頼:たの|言:こと|葉:ば;1. コミュニケーション
防災;Bōsai;ぼーさい;pencegahan bencana;防:ぼう|災:さい;火災や地震などの災害を防ぐ、または被害を小さくするための活動。;kasai ya jishin nado no saigai o fusegu, mata wa higai o chiisaku suru tame no katsudō.;かさいやじしんなどのさいがいをふせぐ、またはひがいをちいさくするためのかつどう。;Kegiatan untuk mencegah atau mengurangi kerusakan akibat bencana seperti kebakaran dan gempa bumi.;防:ぼう|災:さい|火:か|災:さい|地:じ|震:しん|災:さい|害:がい|防:ふせ|被:ひ|害:がい|小:ちい|活:かつ|動:どう;1. コミュニケーション
油漏れ;Abura-more;あぶらーもれ;kebocoran minyak;油:あぶら|漏:も;機械やグリストラップなどから油が外に漏れ出していること。;kikai ya gurisutorappu nado kara abura ga soto ni moredashite iru koto.;きかいやグリストラップなどからあぶらがそとにもれだしていること。;Oli bocor keluar dari mesin atau perangkap gemuk.;油:あぶら|漏:も|機:き|械:かい|油:あぶら|外:そと|漏:も|出:だ;1. コミュニケーション
予定;Yotei;よてい;jadwal;予:よ|定:てい;これから行う作業などのスケジュール。計画。;korekara okonau sagyō nado no sukejūru. keikaku.;これからおこなうさぎょうなどのスケジュール。けいかく。;Jadwal pekerjaan yang harus diselesaikan mulai sekarang. rencana.;予:よ|定:てい|行:おこな|作:さ|業:ぎょう|計:けい|画:かく;1. コミュニケーション
経年劣化;Keinen rekka;けいねん れっか;Kemunduran seiring berjalannya waktu;経:けい|年:ねん|劣:れっ|化:か;長い年月使ったことで、部品が自然に古くなり傷むこと。;nagai nengetsu tsukatta koto de, buhin ga shizen ni furuku nari itamu koto.;ながいねんげつつかったことで、ぶひんがしぜんにふるくなりいたむこと。;Suku cadang secara alami menjadi tua dan rusak setelah digunakan bertahun-tahun.;経:けい|年:ねん|劣:れっ|化:か|長:なが|年:ねん|月:げつ|使:つか|部:ぶ|品:ひん|自:じ|然:ぜん|古:ふる|傷:いた;1. コミュニケーション
誤操作;Gosōsa;ごそーさ;Kesalahan pengoperasian;誤:ご|操:そう|作:さ;間違ったボタンを押すなど、機械の扱い方を間違えること。;machigatta botan o osu nado, kikai no atsukaikata o machigaeru koto.;まちがったボタンをおすなど、きかいのあつかいかたをまちがえること。;Kesalahan penanganan mesin, misalnya salah menekan tombol.;誤:ご|操:そう|作:さ|違:まちが|押:お|機:き|械:かい|扱:あつか|方:かた|違:まちが;1. コミュニケーション
誤動作;Godōsa;ごどーさ;kerusakan;誤:ご|動:どう|作:さ;機械やセンサーが、何も起きていないのに間違って動いてしまうこと。;kikai ya sensā ga, nani mo okite inai ni machigatte ugoite shimau koto.;きかいやセンサーが、なにもおきていないのにまちがってうごいてしまうこと。;Mesin atau sensor tidak beroperasi dengan benar meskipun tidak terjadi apa-apa.;誤:ご|作:さ|機:き|械:かい|何:なに|起:お|違:まちが|動:うご;1. コミュニケーション
不良;Furyō;ふりょー;cacat;不:ふ|良:りょう;状態が良くないこと。部品が壊れていること。;jōtai ga yokunai koto. buhin ga kowarete iru koto.;じょうたいがよくないこと。ぶひんがこわれていること。;Tidak dalam kondisi baik. Bagian-bagiannya rusak.;不:ふ|状:じょう|態:たい|部:ぶ|品:ひん|壊:こわ|良:よ;1. コミュニケーション
朝礼;Chōrei;ちょーれい;pertemuan pagi;朝:ちょう|礼:れい;1日の仕事を始める前に行う短い打ち合わせ。;1-nichi no shigoto o hajimeru mae ni okonau mijikai uchiawase.;1にちのしごとをはじめるまえにおこなうみじかいうちあわせ。;Pertemuan singkat sebelum memulai pekerjaan hari ini.;朝:ちょう|礼:れい|日:にち|仕:し|事:ごと|始:はじ|前:まえ|行:おこな|短:みじか|打:う|合:あ|予:よ|定:てい|注:ちゅう|意:い|点:てん|共:きょう|有:ゆう;1. コミュニケーション
昼礼;Hiru rei;ひる れい;rapat siang;昼:ちゅう|礼:れい;昼の時間に行う短い打ち合わせ。;hiru no jikan ni okonau mijikai uchiawase.;ひるのじかんにおこなうみじかいうちあわせ。;Pertemuan singkat yang diadakan pada siang hari.;礼:れい|時:じ|間:かん|行:おこな|短:みじか|打:う|合:あ|昼:ひる;1. コミュニケーション
夕礼;Sekirei;せきれい;Upacara malam;夕:ゆう|礼:れい;その日の終わりに行う打ち合わせです。作業結果や引き継ぎを確認します。;sono hi no owari ni okonau uchiawase desu. sagyō kekka ya hikitsugi o kakunin shimasu.;そのひのおわりにおこなううちあわせです。さぎょうけっかやひきつぎをかくにんします。;Ini adalah pertemuan yang diadakan di penghujung hari. Periksa hasil pekerjaan dan serah terima.;夕:ゆう|礼:れい|日:ひ|終:お|行:おこな|打:う|合:あ|作:さ|業:ぎょう|結:けっ|果:か|引:ひ|継:つぎ|確:かく|認:にん;1. コミュニケーション
報告;Hōkoku;ほーこく;laporan;報:ほう|告:こく;仕事の進み具合や仕事の結果を、上司や先輩に伝えること。;shigoto no susumiguai ya shigoto no kekka o, jōshi ya senpai ni tsutaeru koto.;しごとのすすみぐあいやしごとのけっかを、じょうしやせんぱいつたえること。;Mengkomunikasikan kemajuan dan hasil kerja kepada atasan dan senior.;報:ほう|告:こく|仕:し|事:ごと|進:すす|具:ぐ|合:あい|仕:し|事:ごと|結:けっ|果:か|上:じょう|司:し|先:せん|輩:ぱい|伝:つた;1. コミュニケーション
連絡;Renraku;れんらく;kontak;連:れん|絡:らく;伝えるべきことを関係者に伝えること。;tsutaerubeki koto o kankeisha ni tsutaeru koto.;つたえるべきことをかんけいしゃにつたえること。;Komunikasikan apa yang perlu dikomunikasikan kepada pihak-pihak terkait.;連:れん|絡:らく|伝:つた|関:かん|係:けい|者:しゃ|伝:つた|電:でん|話:わ|無:む|線:せん|使:つか;1. コミュニケーション
相談;Sōdan;そーだん;konsultasi;相:そう|談:だん;悩んだとき、上司や先輩にアドバイスをもらうこと。;nayanda toki, jōshi ya senpai ni adobaisu o morau koto.;なやんだとき、じょうしやせんぱいにアドバイスをもらうこと。;Bila Anda khawatir, mintalah nasihat dari atasan atau senior Anda.;相:そう|談:だん|悩:なや|上:じょう|司:し|先:せん|輩:ぱい;1. コミュニケーション
アナログテスター;Anarogutesutā;あなろぐてすたー;penguji analog;;電気の電圧などを測る際、数値が針メーターで動いて示される測定器。;denki no den'atsu nado o hakaru sai, sūchi ga hari mētā de ugoite shimesareru sokuteiki.;でんきのでんあつなどをはかるさい、すうちがはりメーターでうごいてしめされるそくていき。;Alat ukur yang menggunakan jarum bergerak untuk menampilkan nilai numerik saat mengukur tegangan listrik, dll.;測:はか|定:てい|器:き|電:でん|気:き|電:でん|圧:あつ|際:さい|数:すう|値:ち|針:はり|動:うご|示:しめ|測:そく;2. 測定器
デジタルテスター;Dejitarutesutā;でじたるてすたー;penguji digital;;電圧や抵抗の数値を、液晶画面にハッキリと数字で表示する測定器。;den'atsu ya teikō no sūchi o, ekishō gamen ni hakkiri to sūji de hyōji suru sokuteiki.;でんあつやていこうのすうちを、えきしょうがめんにハッキリですうじでひょうじするそくていき。;Alat ukur yang menampilkan dengan jelas nilai tegangan dan hambatan pada layar LCD.;測:そく|定:てい|器:き|電:でん|圧:あつ|抵:てい|抗:こう|数:すう|値:ち|液:えき|晶:しょう|画:が|面:めん|数:すう|字:じ|表:ひょう|示:じ;2. 測定器
テスター;Tesutā;てすたー;penguji;;電気の電圧・電流・抵抗などが生きているかを調べるための測定器の総称。;denki no den'atsu・denryū・teikō nado ga ikite iru ka o shiraberu tame no sokuteiki no sōshō.;でんきのでんあつ・でんりゅう・ていこうなどがいきているかをしらべるためのそくていきのそうしょう。;Istilah umum untuk alat ukur yang digunakan untuk memeriksa tegangan listrik, arus, hambatan, dll.;測:そく|定:てい|器:き|電:でん|気:き|電:でん|圧:あつ|電:でん|流:りゅう|抵:てい|抗:こう|生:い|調:しら|総:そう|称:しょう;2. 測定器
メガー;Megā;めがー;Megger;;配管や電線が漏電していないかを調べるための「絶縁抵抗計」という専用の測定器。;haikan ya densen ga rōden shite inai ka o shiraberu tame no "zetsuen teikōkei" to iu sen'yō no sokuteiki.;はいかんやでんせんがろうでんしていないかをしらべるための「ぜつえんていこうけい」というせんようのそくていき。;Alat pengukur khusus yang disebut ``pengukur resistansi isolasi'' digunakan untuk memeriksa kebocoran listrik pada pipa dan kabel listrik.;測:そく|定:てい|器:き|配:はい|管:かん|電:でん|線:せん|漏:ろう|電:でん|調:しら|絶:ぜつ|縁:えん|抵:てい|抗:こう|計:けい|専:せん|用:よう;2. 測定器
クランプメーター;Kuranpumētā;くらんぷめーたー;meteran penjepit;;電線を丸い輪で挟むだけで、電線を切らずに電流を測れる測定器。;densen o marui wa dehasamu dake de, densen o kirazu ni denryū o hakareu sokuteiki.;でんせんをまるいわではさむだけで、でんせんをきらずにでんりゅうをはかれるそくていき。;Alat ukur yang dapat mengukur arus tanpa memotong kawat hanya dengan memegang kawat diantara cincin bulat.;定:てい|器:き|電:でん|線:せん|丸:まる|輪:わ|挟:はさ|切:き|電:でん|流:りゅう|測:はか|測:そく;2. 測定器
ヘルメット;Herumetto;へるめっと;helm;;上からの落下物などから頭を守るための硬い帽子。作業時は必ず着用。;ue kara no rakkabutsu nado kara atama o mamoru tame no katai bōshi. sagyōji wa kanarazu chakuyō.;うえからのらっかぶつなどからあたまをまもるためのかたいぼうし。さぎょうじはかならずちゃくよう。;Topi keras yang melindungi kepala dari benda jatuh dari atas. Selalu kenakan saat bekerja.;上:うえ|落:らっ|下:か|物:ぶつ|頭:あたま|守:まも|硬:かた|帽:ぼう|子:し|作:さ|業:ぎょう|時:じ|必:かなら|着:ちゃく|用:よう;2. 安全
安全靴;Anzen-gutsu;あんぜんぐつ;sepatu keselamatan;安:あん|全:ぜん|靴:ぐつ;つま先に鉄板などが入っており、重い物が落ちても足先を守れる頑丈な作業靴。;tsumasaki ni teppan nado ga haitte ori, omoi mono ga ochitemo ashisaki o mamoreru ganjō na sagyōgutsu.;つまさきにてっぱんなどがはいっており、おもいものがおちてもあしさきをまもれるがんじょうなさぎょうぐつ。;Sepatu kerja kokoh dengan pelat besi di bagian jari kaki untuk melindungi jari kaki meskipun ada benda berat terjatuh.;安:あん|全:ぜん|靴:ぐつ|先:さき|鉄:てっ|板:ぱん|入:はい|重:おも|物:もの|落:お|足:あし|先:さき|守:まも|頑:がん|丈:じょう|作:さ|業:ぎょう|靴:ぐつ;2. 安全
安全帯;Anzen'obi;あんぜんおび;sabuk pengaman;安:あん|全:ぜん|帯:たい;高所作業のときに、命綱を構造物にかけて墜落を防ぐためのベルト。;kōsho sagyō no toki ni, inochizuna o kōzōbutsu ni kakete tsuiraku o fusegu tame no beruto.;こうしょさぎょうのときに、いのちづなをこうぞうぶつにかけてついらくをふせぐためのベルト。;Sabuk yang digunakan untuk mengikat tali penyelamat pada suatu struktur untuk mencegah terjatuh saat bekerja di ketinggian.;安:あん|全:ぜん|帯:たい|高:こう|所:しょ|作:さ|業:ぎょう|命:いのち|綱:づな|構:こう|造:ぞう|物:ぶつ|墜:つい|落:らく|防:ふせ;2. 安全
火気厳禁;Kaki genkin;かき げんきん;Tidak boleh ada api;火:か|気:き|厳:げん|禁:きん;タバコの火や、溶接の火花など、絶対に火を使ってはいけない場所やルール。;tabako no hi ya, yōsetsu no hibana nado, zettai ni hi o tsukatte wa ikenai basho ya rūru.;タバコのひや、ようせつのひばななど、ぜったいにひをつかってはいけないばしょやルール。;Tempat dan aturan di mana Anda tidak boleh menggunakan api, seperti rokok atau percikan api las.;気:き|厳:げん|禁:きん|溶:よう|接:せつ|花:ばな|絶:ぜっ|対:たい|使:つか|場:ば|所:しょ|火:ひ|火:ひ|火:ひ;2. 安全
巻き込まれ;Makikomare;まきこまれ;terjebak dalam;巻:ま|込:こ;回転しているモーターやベルトなどに、手や服が引っ張られて挟まれる労災事故。;kaiten shite iru mōtā ya beruto nado ni, te ya fuku ga hippararete hasamareru rōsai jiko.;かいてんしているモーターやベルトなどに、てやふくがひっぱられてはさまれるろうさいじこ。;Kecelakaan industri yang menyebabkan tangan atau pakaian tertarik atau tersangkut pada motor atau sabuk yang berputar.;巻:ま|込:こ|回:かい|転:てん|手:て|服:ふく|引:ひ|張:ぱ|挟:はさ|労:ろう|災:さい|事:じ|故:こ;2. 安全
挟まれ;Hasamare;はさまれ;terjebak di antara keduanya;挟:はさ;閉まるドアや、機械の動くパーツの隙間に身体の一部が挟まれる労災事故。;shimaru doa ya, kikai no ugoku pātsu no sukima ni karada no ichibu ga hasamareru rōsai jiko.;しまるドアや、きかいのうごくパーツのすきまにからだのいちぶがはさまれるろうさいじこ。;Kecelakaan industri yang mengakibatkan sebagian tubuh terjepit di antara pintu yang tertutup atau bagian mesin yang bergerak.;挟:はさ|閉:し|機:き|械:かい|動:うご|隙:すき|間:ま|体:からだ|一:いち|部:ぶ|挟:はさ|労:ろう|災:さい|事:じ|故:こ;2. 安全
手袋;Tebukuro;てぶくろ;sarung tangan;手:て|袋:ぶくろ;作業時に手をケガや汚れ、感電から守るために、はめる手袋・軍手や絶縁手袋。;sagyōji ni te o kega ya yogore, kanden kara mamoru tame ni, hameru tebukuro・gunte ya zetsuen tebukuro.;さぎょうじてをケガやよごれ、かんでんからまもるために、はめるてぶくろ・ぐんてやぜつえんてぶくろ。;Kenakan sarung tangan, sarung tangan kerja, dan sarung tangan berinsulasi untuk melindungi tangan Anda dari cedera, kotoran, dan sengatan listrik saat bekerja.;手:て|袋:ぶくろ|作:さ|業:ぎょう|時:じ|手:て|汚:よご|感:かん|電:でん|守:まも|手:て|袋:ぶくろ|軍:ぐん|手:て|絶:ぜつ|縁:えん|手:て|袋:ぶくろ;2. 安全
終了;Shūryō;しゅーりょー;akhir;終:しゅう|了:りょう;安全作業が問題なく完了すること。;anzen sagyō ga mondai naku kanryō suru koto.;あんぜんさぎょうがもんだいなくかんりょうすること。;Pekerjaan keselamatan harus diselesaikan tanpa masalah.;安:あん|全:ぜん|作:さ|業:ぎょう|問:もん|題:だい|完:かん|了:りょう;2. 安全
墜落;Tsuiraku;ついらく;menabrak;墜:つい|落:らく;足場や脚立などの高い場所から、地面に落ちること。大きなケガにつながり危険。;ashiba ya kyatatsu nado no takai basho kara, jimen ni ochiru koto. ōkina kega ni tsunagari kiken.;あしばやきゃたつなどのたかいばしょから、じめんにおちること。おおきなケガにつながりきけん。;Jatuh ke tanah dari tempat yang tinggi seperti perancah atau tangga. Berbahaya karena dapat menyebabkan cedera serius.;墜:つい|足:あし|場:ば|脚:きゃ|立:たつ|高:たか|場:ば|所:しょ|地:じ|面:めん|大:おお|危:き|険:けん|落:お;2. 安全
転倒;Tentō;てんとー;jatuh;転:てん|倒:とう;床の水やコードにつまずいて、バタッと倒れること。;yuka no mizu ya kōdo ni tsumazuite, batatto taoreru koto.;ゆかのみずやコードにつまずいて、バタッとたおれること。;Tersandung air atau tali di lantai dan terjatuh.;転:てん|床:ゆか|水:みず|倒:たお;2. 安全
保護メガネ;Hogo megane;ほご めがね;kacamata pelindung;保:ほ|護:ご;削りかすや薬品・火花が目に入るのを防ぐための作業用ゴーグル。;kezurikasu ya yakuhin・hibana ga me ni hairu no o fusegu tame no sagyōyō gōguru.;けずりかすややくひん・ひばながめにはいるのをおふせぐためのさぎょうようゴーグル。;Kacamata kerja untuk mencegah serutan, bahan kimia, dan percikan api masuk ke mata Anda.;保:ほ|護:ご|削:けず|薬:やく|品:ひん|火:ひ|花:ばな|目:め|入:はい|防:ふせ|作:さ|業:ぎょう|用:よう;2. 安全
保護具;Hogo-gu;ほごーぐ;Peralatan pelindung;保:ほ|護:ご|具:ぐ;ヘルメット・安全靴・メガネなど、作業員の体をケガから守るための道具の総称。;herumetto・anzengutsu・megane nado, sagyōin no karada o kega kara mamoru tame no dōgu no sōshō.;ヘルメット・あんぜんぐつ・メガネなど、さぎょういんのからだをケガからまもるためのどうぐのそうしょう。;Istilah umum untuk alat yang digunakan untuk melindungi pekerja dari cedera, seperti helm, sepatu keselamatan, dan kacamata.;保:ほ|護:ご|具:ぐ|安:あん|全:ぜん|靴:ぐつ|作:さ|業:ぎょう|員:いん|体:からだ|守:まも|道:どう|具:ぐ|総:そう|称:しょう;2. 安全
ヒヤリハット;Hiyarihatto;ひやりはっと;Hampir meleset;;事故やけがには至らなかったものの、「ひやっとした」「はっとした」出来事のことです。;jiko ya kega ni wa itaranakatta monono, "hiyatto shita" "hatto shita" dekigoto no koto desu.;じこやけがにはいたらなかったものの、「ひやっとした」「はっとした」できごとのことです。;Insiden nyaris celaka yang tidak sampai mengakibatkan kecelakaan atau cedera.;事:じ|故:こ|至:いた|出来:でき|事:ごと;2. 安全
高圧;Kōatsu;こーあつ;tegangan tinggi;高:こう|圧:あつ;高い電圧のこと。触ると非常に危険。;takai den'atsu no koto. sawaru to hijō ni kiken.;たかいでんあつのこと。さわるとひじょうにきけん。;Tegangan tinggi. Sangat berbahaya jika disentuh.;圧:あつ|電:でん|圧:あつ|触:さわ|非:ひ|常:じょう|危:き|険:けん|高:たか;2. 基礎
スピーカー;Supīkā;すぴーかー;pembicara;;音や放送を流す機器。;oto ya hōsō o nagasu kiki.;おとやほうそうをながすきき。;Peralatan yang mentransmisikan suara dan siaran.;音:おと|放:ほう|送:そう|流:なが|機:き|器:き;2. 基礎
低圧;Teiatsu;ていあつ;tekanan rendah;低:てい|圧:あつ;低い電圧のこと。一般的な家庭やオフィス用。;hikui den'atsu no koto. ippanteki na katei ya ofisu yō.;ひくいでんあつのこと。いっぱんてきなかていやオフィスよう。;Tegangan rendah. Untuk penggunaan umum di rumah dan kantor.;圧:あつ|電:でん|圧:あつ|一:いっ|般:ぱん|的:てき|家:か|庭:てい|用:よう|低:ひく;2. 基礎
抵抗;Teikō;ていこー;perlawanan;抵:てい|抗:こう;電気の流れにくさのこと。;denki no nagarenikusa no koto.;でんきのながれにくさのこと。;Kesulitan aliran listrik.;抵:てい|抗:こう|電:でん|気:き|流:なが;2. 基礎
電圧;Den'atsu;でんあつ;Voltase;電:でん|圧:あつ;電気を押し出す力強さのこと。単位はV。;denki o oshidasu chikarazuyosa no koto. tan'i wa bui.;でんきをおしだすちからづよさのこと。たんいはぶい。;Kekuatan mendorong keluar listrik. Satuannya adalah V.;電:でん|圧:あつ|電:でん|気:き|押:お|出:だ|力:ちから|強:づよ|単:たん|位:い;2. 基礎
電力;Denryoku;でんりょく;tenaga listrik;電:でん|力:りょく;電気が仕事をする大きさ。単位はW。;denki ga shigoto o suru ōkisa. tan'i wa daburyū.;でんきがしごとをするおおきさ。たんいはだぶりゅー。;Jumlah kerja yang dilakukan listrik. Satuannya adalah W.;電:でん|力:りょく|電:でん|気:き|仕:し|事:ごと|大:おお|単:たん|位:い;2. 基礎
復旧;Fukkyū;ふっきゅー;restorasi;復:ふっ|旧:きゅう;壊れたり止まったりした状態を元に戻すこと。;kowaretari tomarttari shita jōtai o moto ni modosu koto.;こわれたりとまったりしたじょうたいをもとにもどすこと。;Untuk mengembalikan keadaan yang telah rusak atau terhenti.;復:ふっ|旧:きゅう|壊:こわ|止:と|状:じょう|態:たい|元:もと|戻:もど;2. 基礎
法則;Hōsoku;ほーそく;hukum;法:ほう|則:そく;決まった規則やルールのこと。;kimatta kisoku ya rūru no koto.;きまったきそくやルールのこと。;Aturan dan regulasi tetap.;法:ほう|則:そく|決:き|規:き|則:そく|法:ほう|則:そく;2. 基礎
マイク;Maiku;まいく;mikropon;;音や声を拾う機器。;oto ya koe o hirou kiki.;おとやこえをひろうきき。;Perangkat yang menangkap suara dan suara.;音:おと|声:こえ|拾:ひろ|機:き|器:き;2. 基礎
リセット;Risetto;りせっと;mengatur ulang;;機器の設定や状態を最初に戻すこと。;kiki no settei ya jōtai o saisho ni modosu koto.;ききのせっていやじょうたいをさいしょにもどすこと。;Untuk mengembalikan pengaturan dan status perangkat ke keadaan awal.;機:き|器:き|設:せっ|定:てい|状:じょう|態:たい|最:さい|初:しょ|初:しょ|期:き|状:じょう|態:たい|戻:もど;2. 基礎
電気;Denki;でんき;listrik;電:でん|気:き;照明をつけたり機械を動かしたりするエネルギー。;shōmei o tsuketari kikai o ugokashitari suru enerugī.;しょうめいをつけたりきかいをうごかしたりするエネルギー。;Energi yang menyalakan lampu dan menjalankan mesin.;電:でん|気:き|照:しょう|明:めい|機:き|械:かい|動:うご;2. 基礎
電流;Denryū;でんりゅー;arus listrik;電:でん|流:りゅう;電気の流れ量のこと。単位はA。;denki ga nagareru ryō no koto. tan'i wa ē.;でんきがながれるりょうのこと。たんいはえー。;Besarnya listrik yang mengalir. Satuannya adalah A.;電:でん|電:でん|気:き|量:りょう|単:たん|位:い|流:なが;2. 基礎
加圧ポンプ;Kaatsu ponpu;かあつ ぽんぷ;pompa tekanan;加:か|圧:あつ;水に圧力をかけて勢いよく送り出すポンプ。;mizu ni atsuryoku o kakete ikioiyoku okuridasu ponpu.;みずにあつりょくをかけていきおいよくおくりだすポンプ。;Sebuah pompa yang memberikan tekanan pada air dan mengeluarkannya dengan paksa.;加:か|圧:あつ|水:みず|圧:あつ|力:りょく|勢:いき|送:おく|出:だ;2. 給排水
給湯機;Kyūtō-ki;きゅーとーーき;pemanas air;給:きゅう|湯:とう|機:き;お湯を作る機械。;oyu o tsukuru kikai.;おゆをつくるきかい。;Mesin yang membuat air panas.;給:きゅう|機:き|作:つく|機:き|械:かい|湯:ゆ;2. 給排水
高架水槽;Kōka suisō;こーか すいそー;tangki air yang ditinggikan;高:こう|架:か|水:すい|槽:そう;ビルの屋上など高い場所にある水タンク。;biru no okujō nado takai basho ni aru mizu tanku.;ビルのおくじょうなどたかいばしょにあるみずタンク。;Tangki air yang letaknya di tempat tinggi seperti atap gedung.;架:か|槽:そう|屋:おく|上:じょう|場:ば|所:しょ|高:たか|水:みず;2. 給排水
バルブ;Barubu;ばるぶ;katup;;配管の水やガスの流れを止めたり流したりする弁。;haikan no mizu ya gasu no nagare o tometari nagashitari suru ben.;はいかんのみずやガスのながれをとめたりながしたりするべん。;Katup yang menghentikan atau membiarkan air atau gas mengalir melalui pipa.;配:はい|管:かん|水:みず|流:なが|止:と|流:なが|弁:べん|栓:せん;2. 給排水
ボイラー;Boirā;ぼいらー;ketel;;燃料を燃やしてお湯や蒸気を作る大きな機械。;nenryō o moyashite oyu ya jōki o tsukuru ōkii kikai.;ねんりょうをもやしておゆやじょうきをつくるおおきなきかい。;Mesin besar yang membakar bahan bakar untuk menghasilkan air panas atau uap.;燃:ねん|料:りょう|燃:も|湯:ゆ|蒸:じょう|気:き|作:つく|大:おお|機:き|械:かい;2. 給排水
ポンプ;Ponpu;ぽんぷ;pompa;;水などの液体を吸い上げたり送り出したりする機械。;mizu nado no ekitai o suiagetari okuridashitari suru kikai.;みずなどのえきたいをすいあげたりおくりだしたりするきかい。;Mesin yang menyedot atau memompa keluar cairan seperti air.;水:みず|液:えき|体:たい|吸:す|上:あ|送:おく|出:だ|機:き|械:かい;2. 給排水
揚水ポンプ;Yōsui ponpu;よーすい ぽんぷ;Pompa pengangkat;揚:よう|水:すい;下の水槽から上の水槽へ水を汲み上げるポンプ。;shita no suisō kara ue no suisō he mizu o kumiageru ponpu.;したのすいそうからうえのすいそうへみずをくみあげるポンプ。;Sebuah pompa memompa air dari tangki bawah ke tangki atas.;揚:よう|水:すい|下:した|水:すい|槽:そう|上:うえ|水:すい|槽:そう|水:みず|汲:く|上:あ;2. 給排水
圧力計;Atsuryoku-kei;あつりょくーけい;alat pengukur tekanan;圧:あつ|力:りょく|計:けい;配管などの圧力を測るメーター。;haikan nado no atsuryoku o hakaru mētā.;はいかんなどのあつりょくをはかるメーター。;Meteran yang mengukur tekanan dalam pipa, dll.;圧:あつ|力:りょく|計:けい|配:はい|管:かん|圧:あつ|力:りょく|測:はか;2. 給排水
給水;Kyūsui;きゅーすい;persediaan air;給:きゅう|水:すい;必要な場所へ水を送ること。;hitsuyō na basho he mizu o okuru koto.;ひつようなばしょへみずをおくること。;untuk mengirim air ke tempat yang membutuhkannya.;給:きゅう|必:ひつ|要:よう|場:ば|所:しょ|送:おく|水:みず;2. 給排水
給水ポンプ;Kyūsui ponpu;きゅーすい ぽんぷ;pompa air;給:きゅう|水:すい;蛇口などに水を送るためのポンプ。;jaguchi nado ni mizu o okuru tame no ponpu.;じゃぐちなどにみずをおくるためのポンプ。;Pompa yang mengalirkan air ke keran, dll.;給:きゅう|蛇:じゃ|口:ぐち|送:おく|水:みず;2. 給排水
高置水槽;Kōchisuisō;こーちすいそー;Tangki air yang ditinggikan;高:こう|置:ち|水:すい|槽:そう;高い場所に設置された水タンクと同じ。;takai basho ni secchi sareta mizu tanku to onaji.;たかいばしょにせっちされたみずタンクとおなじ。;Sama seperti tangki air yang dipasang di tempat tinggi.;高:たか|場:ば|所:しょ|設:せっ|置:ち|水:みず|同:おな;2. 給排水
受水槽;Jusuisō;じゅすいそー;tangki air;受:じゅ|水:すい|槽:そう;水道局から送られてきた水を一時的に貯めるタンク。;suidōkyoku kara okurarete kita mizu o ichijiteki ni tameru tanku.;すいどうきょくからおくられてきたみずをいちじてきにためるタンク。;Tangki yang menyimpan sementara air yang dikirim dari biro pengairan.;受:じゅ|槽:そう|道:どう|局:きょく|送:おく|一:いち|時:じ|的:てき|貯:た|水:すい|水:みず;2. 給排水
排水;Haisui;はいすい;drainase;排:はい|水:すい;使い終わった汚れた水を外に流すこと。;tsukaiowatta yogoreta mizu o soto ni nagasu koto.;つかいおわったよごれたみずをそとにながすこと。;Tiriskan bekas air kotor di luar.;排:はい|使:つか|終:お|汚:よご|外:そと|流:なが|水:みず;2. 給排水
排水ポンプ;Haisui ponpu;はいすい ぽんぷ;pompa pembuangan;排:はい|水:すい;溜まった汚水や雨水を外に汲み出すポンプ。;tamatta osui ya amamizu o soto ni kumidasu ponpu.;たまったおすいやあまみずをそとにくみだすポンプ。;Sebuah pompa yang memompa akumulasi limbah dan air hujan ke luar.;排:はい|溜:たま|汚:お|雨:あま|外:そと|汲:く|出:だ|水:すい|水:みず;2. 給排水
エルボ;Erubo;えるぼ;siku;;配管を90度などL字型に曲げるための接続部品。;haikan o kyūjūdo nado eru-jigata ni mageru tame no setsuzoku buhin.;はいかんをきゅうじゅうどなどえるじがたにまげるためのせつぞくぶひん。;Bagian penghubung untuk membengkokkan pipa menjadi bentuk L seperti 90 derajat.;配:はい|管:かん|度:ど|字:じ|型:がた|曲:ま|接:せつ|続:ぞく|部:ぶ|品:ひん;2. 給排水
チーズ;Chīzu;ちーず;keju;;配管をT字型に3方向へ分岐させるための接続部品。;haikan o tī-jigata ni san-hōkō e bunki saseru tame no setsuzoku buhin.;はいかんをてぃーじがたにさんほうこうへぶんきさせるためのせつぞくぶひん。;Bagian sambungan untuk percabangan pipa dalam tiga arah berbentuk T.;配:はい|管:かん|字:じ|型:がた|方:ほう|向:こう|分:ぶん|岐:き|接:せつ|続:ぞく|部:ぶ|品:ひん;2. 給排水
ジョイント;Jointo;じょいんと;sambungan pipa;;配管や部品どうしをつなぐ継手。;haikan ya buhin dōshi o tsunagu tsugite.;はいかんやぶひんどうしをつなぐつぎて。;Sambungan yang menghubungkan pipa dan bagian-bagiannya.;配:はい|管:かん|部:ぶ|品:ひん|継:つぎ|手:て|目:め;2. 給排水
ピンホール;Pinhōru;ぴんほーる;lubang jarum;;配管などにできる、針で突いたような小さな穴。水漏れの原因。;haikan nado ni dekiru, hari de tsuita yō na chiisana ana. mizumore no gen'in.;はいかんなどにできる、はりでついたようなちいさなあな。みずもれのげんいん。;Sebuah lubang kecil yang terlihat seperti jarum yang ditusukkan ke dalam sesuatu seperti pipa. Penyebab kebocoran air.;配:はい|管:かん|針:はり|突:つ|小:ちい|穴:あな|水:みず|漏:も|原:げん|因:いん;2. 給排水
アーロンテープ;Ārontēpu;あーろんてーぷ;pita Aron;;配管の水漏れを緊急で止めるための自己融着テープ。;haikan no mizumore o kinkyuu de tomeru tame no jiko yūchaku tēpu.;はいかんのみずもれをきんきゅうにとめるためのじこゆうちゃくテープ。;Pita perekat untuk menghentikan kebocoran air pada pipa dalam keadaan darurat.;配:はい|管:かん|水:みず|漏:も|緊:きん|急:きゅう|止:と|自:じ|己:こ|融:ゆう|着:ちゃく;2. 給排水
残留塩素;Zanryū enso;ざんりゅー えんそ;sisa klorin;残:ざん|留:りゅう|塩:えん|素:そ;水の中に残っている塩素です。給水の衛生確認で使う言葉です。;mizu no naka ni nokotte iru enso desu. kyūsui no eisei kakunin de tsukau kotoba desu.;みずのなかのにのっているえんそです。きゅうすいのえいせいかくにんでつかうことばです。;Ini adalah klorin yang tersisa di dalam air. Ini adalah kata yang digunakan untuk memeriksa kebersihan pasokan air.;残:ざん|留:りゅう|塩:えん|素:そ|水:みず|中:なか|残:のこ|塩:えん|素:そ|給:きゅう|水:すい|衛:えい|生:せい|確:かく|認:にん|使:つか|言:こと|葉:ば;2. 給排水
薬注装置;Yakuchū sōchi;やくちゅー そーち;Perangkat dosis kimia;薬:やく|注:ちゅう|装:そう|置:ち;薬品を水などに自動で入れる装置です。水質管理で使います。;yakuhin o mizu nado ni jidō de ireru sōchi desu. suishitsu kanri de tsukai masu.;やくひんをみずなどにじどうでいれるそうちです。すいしつかんりでつかいます。;Ini adalah perangkat yang secara otomatis menambahkan bahan kimia ke dalam air, dll. Digunakan untuk mengontrol kualitas air.;薬:やく|注:ちゅう|装:そう|置:ち|薬:やく|品:ひん|水:みず|自:じ|動:どう|入:い|装:そう|置:ち|水:すい|質:しつ|管:かん|理:り|使:つか;2. 給排水
薬注ポンプ;Yakuchū ponpu;やくちゅー ぽんぷ;pompa dosis kimia;薬:やく|注:ちゅう;薬品を一定量送るポンプです。薬品を入れる作業で使います。;yakuhin o itteiryō okuru ponpu me desu. yakuhin o ireru sagyō de tsukai masu.;やくひんをいっていりょうおくるポンプです。やくひんをいれるさぎょうでつかいます。;Sebuah pompa yang mengalirkan bahan kimia dalam jumlah tetap. Digunakan untuk menambahkan bahan kimia.;薬:やく|注:ちゅう|薬:やく|品:ひん|一:いっ|定:てい|量:りょう|送:おく|薬:やく|品:ひん|入:い|作:さ|業:ぎょう|使:つか;2. 給排水
電磁弁;Denji-ben;でんじーべん;katup solenoid;電:でん|磁:じ|弁:べん;電気の力で開け閉めする弁です。水や空気の流れを制御します。;denki no chikara de akeshime suru ben desu. mizu ya kūki no nagare o seigyo shimasu.;でんきのちからであけしめするべんです。みずやくうきのながれをせいぎょします。;Katup yang membuka dan menutup menggunakan listrik. Kontrol aliran air dan udara.;電:でん|磁:じ|弁:べん|電:でん|気:き|力:ちから|開:あ|閉:し|弁:べん|水:みず|空:くう|気:き|流:なが|制:せい|御:ぎょ;2. 給排水
フィルター;Firutā;ふぃるたー;penyaring;;空気の中のゴミ・ホコリをろ過して取り除く網。;kūki ya mizu no naka no gomi・hokori o roka shite torinozoku ami.;くうきやみずのなかのゴミ・ホコリをろかしてとりぞくあみ。;Jaring yang menyaring dan menghilangkan kotoran dan debu di udara.;空:くう|気:き|水:みず|中:なか|過:か|取:と|除:のぞ|網:あみ;3. 共通
モーター;Mōtā;もーたー;motor;;電気を回転する力に変える電動機。;denki o kaiten suru chikara ni kaeru dendōki.;でんきをかいてんするちからにかえるでんどうき。;Motor listrik yang mengubah listrik menjadi gaya putar.;電:でん|気:き|回:かい|転:てん|力:ちから|変:か|電:でん|動:どう|機:き|原:げん|動:どう|機:き;3. 共通
温度計;Ondokei;おんどけい;termometer;温:おん|度:ど|計:けい;温度を測るメーター。;ondo o hakaru mētā.;おんどをはかるメーター。;Meteran yang mengukur suhu.;温:おん|度:ど|計:けい|温:おん|度:ど|測:はか;3. 共通
危険;Kiken;きけん;bahaya;危:き|険:けん;ケガをしたり命に関わったりする危ない状態。;kega o shitari inochi ni kakawattari suru abunai jōtai.;ケガをしたりいのちにかかわったりするあぶないじょうたい。;Situasi berbahaya yang dapat mengakibatkan cedera atau kematian.;険:けん|命:いのち|関:かか|状:じょう|態:たい|危:あぶ;3. 共通
注意;Chūi;ちゅーい;peringatan;注:ちゅう|意:い;気をつけること。危ない目に遭わないよう警戒すること。;ki o tsukeru koto. abunai me ni awanai yō keikai suru koto.;きをつけること。あぶないめにあわないようけいかいすること。;Hati-hati. Berhati-hatilah agar tidak mengalami bahaya.;注:ちゅう|意:い|気:き|危:あぶ|目:め|遭:あ|警:けい|戒:かい;3. 共通
配管;Haikan;はいかん;pipa saluran air;配:はい|管:かん;水やガス、空気などを通すための管を設置すること。;mizu ya gasu, kūki nado o tōsu tame no kuda o secchi suru koto.;みずやガス、くうきなどをとおすためのくだをせっちすること。;Memasang pipa untuk mengalirkan air, gas, udara, dll.;配:はい|水:みず|空:くう|気:き|通:とお|設:せっ|置:ち|管:くだ;3. 共通
立入禁止;Tachiirikinshi;たちいりきんし;Jangan Masuk;立:たち|入:いり|禁:きん|止:し;関係者以外は中に入ってはいけない場所。;kankeisha igai wa naka ni hairatte wa ikenai basho.;かんけいしゃいがいはいってはいけないばしょ。;Tempat di mana hanya personel yang berwenang yang diperbolehkan masuk.;立:たち|禁:きん|止:し|関:かん|係:けい|者:しゃ|以:い|外:がい|中:なか|場:ば|所:しょ|入:はい;3. 共通
AHU;Ē eichi yū;えーえいちゆー;AHU;;大きなビル用の大型空気調和機。;ōkina biru yō no ōgata kūki chōwa ki.;おおきなビルようのおおがたくうきちょうわき。;AC besar untuk gedung besar.;大:おお|用:よう|大:おお|型:がた|空:くう|気:き|調:ちょう|和:わ|機:き;3. 空調
外調機;Gaichōki;がいちょうき;mesin pendingin luar;外:がい|調:ちょう|機:き;外の新鮮な空気を取り入れ、温度を調整して室内に送る機械。;soto no shinsen na kūki o toriire, ondo o chōsei shite shitsunai ni okuru kikai.;そとのしんせんなくうきをとりいれ、おんどをちょうせいしてしつないにおくるきかい。;Mesin yang mengambil udara segar dari luar, mengatur suhunya, dan mengirimkannya ke dalam ruangan.;外:そと|新:しん|鮮:せん|空:くう|気:き|取:と|入:い|温:おん|度:ど|調:ちょう|整:せい|室:しつ|内:ない|送:おく|機:き|械:かい;3. 空調
換気扇;Kankisen;かんきせん;kipas ventilasi;換:かん|気:き|扇:せん;室内の汚れた空気を外に出すためのファン。;shitsunai no yogoreta kūki o soto ni dasu tame no fan.;しつないのよごれたくうきをそとにだすためのファン。;Kipas angin untuk mengeluarkan udara kotor dari dalam ruangan.;換:かん|気:き|扇:せん|室:しつ|内:ない|汚:よご|空:くう|気:き|外:そと|出:だ|扇:せん|風:ぷう|機:き;3. 空調
吸収式冷凍機;Kyūshūshikireitōki;きゅーしゅーしきれいとーき;kulkas penyerapan;吸:きゅう|収:しゅう|式:しき|冷:れい|凍:とう|機:き;熱を使って冷たい水を作る大型の冷房機械。;netsu o tsukatte tsumetai mizu o tsukuru ōgata no reibō kikai.;ねつをつかってつめたいみずをつくるおおがたのれいぼうきかい。;Mesin AC besar yang menggunakan panas untuk membuat air dingin.;吸:きゅう|収:しゅう|式:しき|凍:とう|機:き|熱:ねつ|蒸:じょう|気:き|使:つか|水:みず|作:つく|大:おお|型:がた|房:ぼう|機:き|械:かい|冷:つめ|冷:れい;3. 空調
セントラル空調;Sentoraru kūchō;せんとらる くーちょー;AC sentral;空:くう|調:ちょう;1カ所の機械室からビル全体の冷暖房をまとめて管理する方式。;ikkasho no kikaishitsu kara biru zentai no reidanbō o matomete kanri suru hōshiki.;いっかしょのきかいしつからビルぜんたいのれいだんぼうをまとめてかんりするほうしき。;Sebuah sistem yang mengelola pemanasan dan pendinginan seluruh gedung secara terpusat dari satu ruang mesin.;空:くう|調:ちょう|所:しょ|機:き|械:かい|室:しつ|全:ぜん|体:たい|冷:れい|暖:だん|房:ぼう|管:かん|理:り|方:ほう|式:しき;3. 空調
全熱交換機;Zen'netsukōkan-ki;ぜんねつこーかんーき;penukar panas total;全:ぜん|熱:ねつ|交:こう|換:かん|機:き;換気するときに室内の温度を逃がさずに外の空気と入れ替える機械。;kanki suru toki ni shitsunai no ondo o nigasazu ni soto no kūki to irekaeru kikai.;かんきするときにしつないのおんどにがさずにそとのくうきといれかえるきかい。;Mesin yang menggantikan udara dalam ruangan dengan udara luar tanpa membiarkan suhu dalam ruangan keluar saat ventilasi.;全:ぜん|熱:ねつ|交:こう|換:かん|機:き|換:かん|気:き|室:しつ|内:ない|温:おん|度:ど|熱:ねつ|逃:にが|外:そと|空:くう|気:き|入:い|替:か|機:き|械:かい;3. 空調
ターボ冷凍機;Tābo reitō-ki;たーぼ れいとーーき;pendingin turbo;冷:れい|凍:とう|機:き;羽根車を高速回転させてフロンを圧縮し、冷水を作る大型冷凍機。;haneguruma o kōsoku kaiten sasete furon o asshuku shi, reisui o tsukuru ōgata reitōki.;はねぐるまをこうそくかいてんさせてフロンをあっしゅくし、れいすいをつくるおおがたれいとうき。;Kulkas besar yang memutar impeler dengan kecepatan tinggi untuk mengompresi Freon dan menghasilkan air dingin.;冷:れい|凍:とう|機:き|羽:は|根:ね|車:ぐるま|高:こう|速:そく|回:かい|転:てん|圧:あっ|縮:しゅく|冷:れい|水:みず|作:つく|大:おお|型:がた|冷:れい|凍:とう|機:き;3. 空調
チラー冷凍機;Chirā reitō-ki;ちらー れいとーーき;mesin pendingin (chiller);冷:れい|凍:とう|機:き;冷水または温水を作って循環させ、全体の冷暖房を行う機械。;reisui mata wa onsui o tsukutte junkan sase, zentai no reidanbō o okonau kikai.;れいすいまたはおんすいをつくってじゅんかんさせ、ぜんたいのれいだんぼうをおこなうきかい。;Mesin yang menghasilkan dan mensirkulasikan air dingin atau panas untuk memanaskan dan mendinginkan seluruh area.;冷:れい|凍:とう|機:き|冷:れい|水:みず|温:おん|水:みず|作:つく|循:じゅん|環:かん|全:ぜん|体:たい|冷:れい|暖:だん|房:ぼう|行:おこな|機:き|械:かい;3. 空調
パッケージ式エアコン;Pakkēji-shiki eakon;ぱっけーじーしき えあこん;AC kemasan;式:しき;店舗やオフィスで使われる、一般的な業務用エアコン。;tenpo ya ofisu de tsukawareru, ippanteki na gyōmuyō eakon.;てんぽやオフィスでつかわれる、いっぱんてきなぎょうむようエアコン。;AC komersial umum digunakan di toko dan kantor.;式:しき|店:てん|舗:ぽ|使:つか|一:いっ|般:ぱん|的:てき|業:ぎょう|務:む|用:よう;3. 空調
ヒートポンプ式;Hītoponpu-shiki;ひーとぽんぷーしき;jenis pompa panas;式:しき;空気中の熱を集めて移動させる、効率の良い冷暖房の仕組み。;kūkichū no netsu o atsumete idō saseru, kōritsu no yoi reidanbō no shikumi.;くうきちゅうのねつをあつめていどうさせる、こうりつのよいれいだんぼうのしくみ。;Sistem pemanas dan pendingin efisien yang mengumpulkan dan memindahkan panas dari udara.;式:しき|空:くう|気:き|中:ちゅう|熱:ねつ|集:あつ|移:い|動:どう|効:こう|率:りつ|良:よ|冷:れい|暖:だん|房:ぼう|組:く;3. 空調
ファン;Fan;ふぁん;penggemar;;風を送るための羽根、または送風機のこと。;kaze o okuru tame no hane, mata wa sōfūki no koto.;かぜをおくるためのはね、またはそうふうきのこと。;Baling-baling atau blower untuk mengalirkan udara.;風:かぜ|送:おく|羽:は|根:ね|送:そう|風:ふう|機:き;3. 空調
換気;Kanki;かんき;ventilasi;換:かん|気:き;室内の汚れた空気を、外の新鮮な空気と入れ替えること。;shitsunai no yogoreta kūki o, soto no shinsen na kūki to irekaeru koto.;しつないのよごれたくうきを、そとのしんせんなくうきといれかえること。;Gantilah udara kotor di dalam ruangan dengan udara segar di luar.;換:かん|気:き|室:しつ|内:ない|汚:よご|空:くう|気:き|外:そと|新:しん|鮮:せん|空:くう|気:き|入:い|替:か;3. 空調
空調;Kūchō;くーちょー;AC;空:くう|調:ちょう;部屋の温度・湿度・空気のきれいさを調整すること。;heya no ondo・shitsudo・kūki no kireisa o chōsei suru koto.;へやのおんど・しつど・くうきのきれいさをちょうせいすること。;Mengatur suhu, kelembapan, dan kebersihan udara dalam suatu ruangan.;空:くう|調:ちょう|部:へ|屋:や|温:おん|度:ど|湿:しつ|度:ど|空:くう|気:き|調:ちょう|整:せい|空:くう|気:き|調:ちょう|和:わ;3. 空調
空調設備;Kūchō setsubi;くーちょー せつび;Peralatan pendingin udara;空:くう|調:ちょう|設:せつ|備:び;エアコンや換気扇など、空気の調整を行うための設備全体。;eakon ya kankisen nado, kūki no chōsei o okonau tame no setsubi zentai.;エアコンやかんきせんなど、くうきのちょうせいをおこなうためのせつびぜんたい。;Semua peralatan yang digunakan untuk mengatur udara, seperti AC dan kipas ventilasi.;空:くう|調:ちょう|設:せつ|備:び|換:かん|気:き|扇:せん|空:くう|気:き|調:ちょう|整:せい|行:おこな|設:せつ|備:び|全:ぜん|体:たい;3. 空調
室外機;Shitsugai-ki;しつがいーき;unit luar ruangan;室:しつ|外:がい|機:き;建物の外に置くエアコンの機械。;tatemono no soto ni oku eakon no kikai.;たてもののそとにおくエアコンのきかい。;Mesin AC ditempatkan di luar gedung.;室:しつ|機:き|建:たて|物:もの|置:お|機:き|械:かい|熱:ねつ|出:だ|外:そと;3. 空調
室内機;Shitsunai-ki;しつないーき;Unit dalam ruangan;室:しつ|内:ない|機:き;エアコンの部屋の中に置く機械。;eakon no heya no naka ni oku kikai.;エアコンのへやのなかにおくきかい。;Sebuah mesin ditempatkan di dalam ruangan ber-AC.;部:へ|屋:や|中:なか|置:お|機:き|械:かい;3. 空調
冷却塔;Reikyaku-tō;れいきゃくーとー;menara pendingin;冷:れい|却:きゃく|塔:とう;大型冷凍機で温まった水を、外気と触れさせて冷やすタワー。;ōgata reitōki de atatamatta mizu o, gaiki to furesasete hiyasu tawā.;おおがたれいとうきであたたまったみずを、がいきとふれさせてひやすタワー。;Sebuah menara yang mendinginkan air yang dipanaskan oleh lemari es besar dengan cara membawanya ke dalam kontak dengan udara luar.;却:きゃく|塔:とう|大:おお|型:がた|凍:とう|機:き|温:あたた|水:みず|外:がい|気:き|触:ふ|冷:れい|冷:ひ;3. 空調
蒸発;Jōhatsu;じょーはつ;penguapan;蒸:じょう|発:はつ;液体が気体になることです。空調の仕組みを考えるときに使います。;ekitai ga kitai ni naru koto desu. kūchō no shikumi o kangaeru toki ni tsukai masu.;えきたいがきたいになることです。くうちょうのしくみをかんがえるときにつかいます。;Cairan menjadi gas. Digunakan ketika mempertimbangkan mekanisme AC.;蒸:じょう|発:はつ|液:えき|体:たい|気:き|体:たい|空:くう|調:ちょう|組:く|考:かんが|使:つか;3. 空調
凝縮;Gyōshuku;ぎょーしゅく;kondensasi;凝:ぎょう|縮:しゅく;気体が液体に戻ることです。冷房や冷凍の仕組みで使います。;kitai ga ekitai ni modoru koto desu. reidanbō ya reitō no shikumi de tsukai masu.;きたいがえきたいにもどることです。れいぼうやれいとうのしくみでつかいます。;Ini adalah kembalinya gas menjadi cair. Digunakan dalam sistem pendingin dan pembekuan.;凝:ぎょう|縮:しゅく|気:き|体:たい|液:えき|体:たい|戻:もど|冷:れい|房:ぼう|冷:れい|凍:とう|組:く|使:つか;3. 空調
圧縮;Asshuku;あっしゅく;kompresi;圧:あっ|縮:しゅく;気体を小さく押し縮めることです。冷凍や空調の仕組みで使います。;kitai o chiisaku oshichidimeru koto desu. reitō ya kūchō no shikumi de tsukai masu.;きたいをちいさくおしちぢめることです。れいとうやくうちょうのしくみでつかいます。;Ini memampatkan gas menjadi ukuran kecil. Digunakan dalam sistem pendingin dan pendingin udara.;圧:あっ|気:き|小:ちい|押:お|冷:れい|凍:とう|空:くう|調:ちょう|組:く|使:つか|縮:ちぢ;3. 空調
膨張;Bōchō;ぼーちょー;ekspansi;膨:ぼう|張:ちょう;圧力が下がって広がることです。空調機の冷却の流れで使います。;atsuryoku ga sagatte hirogaru koto desu. kūchōki no reikyaku no nagare de tsukai masu.;あつりょくがさがってひろがることです。くうちょうきのれいきゃくのながれでつかいます。;Tekanannya berkurang dan menyebar. Digunakan dalam aliran pendingin AC.;膨:ぼう|張:ちょう|圧:あつ|力:りょく|下:さ|広:ひろ|空:くう|調:ちょう|機:き|冷:れい|却:きゃく|流:なが|使:つか;3. 空調
圧着ペンチ;Atchaku penchi;あっちゃくぺんち;tang crimping;圧:あっ|着:ちゃく;電線と端子を、強い力でギュッと潰して固定するための専用ペンチ。;densen to tanshi o, tsuyoi chikara de gyutto tsubushite kotei suru tame no sen'yō penchi.;でんせんとたんしを、つよいちからでギュッとつぶしてこていするためのせんようペンチ。;Tang khusus untuk menjepit terminal ke kabel hingga terpasang kuat.;圧:あっ|着:ちゃく|電:でん|線:せん|端:たん|子:し|金:かな|具:ぐ|強:つよ|力:ちから|潰:つぶ|固:こ|定:てい|専:せん|用:よう;3. 工具
イギリスレンチ;Igirisurenchi;いぎりすれんち;kunci inggris;;挟む部分の幅をネジで大きく変えられ、太い配管などを回す大型のレンチ。;hasamu bubun no haba o neji de ōkiku kaerare, futoi haikan nado o mawasu ōgata no renchi.;はさむぶぶんのはばをネジでおおきくかえられ、ふといはいかんなどをまわすおおがたのレンチ。;Kunci pas besar yang dapat digunakan untuk memutar pipa tebal, dll. Lebar bagian yang terjepit dapat diubah secara signifikan dengan sekrup.;挟:はさ|部:ぶ|分:ぶん|幅:はば|大:おお|変:か|太:ふと|配:はい|管:かん|回:まわ|大:おお|型:がた;3. 工具
インパクトドリル;Inpakutodoriru;いんぱくとどりる;bor dampak;;回転に打撃を加え、固いネジを強力に締める電動工具。;kaiten ni dageki o kurae, katai neji o kyōryoku ni shimeru dendō kōgu.;かいてんにだげきをくわえ、かたいネジをきょうりょくにしめるでんどうこうぐ。;Perkakas listrik yang mengencangkan sekrup keras dengan kuat dengan memberikan pukulan pada putarannya.;回:かい|転:てん|打:だ|撃:げき|衝:しょう|撃:げき|固:かた|力:りょく|締:し|電:でん|動:どう|工:こう|具:ぐ|強:きょう;3. 工具
塩ビカッター;Shio bikattā;しお びかったー;pemotong pvc;塩:えん;プラスチック製の配管パイプを、軽い力できれいに切断する専用ハサミ。;purasuchikku sei no haikan paipu o, karui chikara de kirei ni setsudan suru sen'yō hasami.;プラスチックせいのはいかんパイプを、かるいちからできれいにせつだんするせんようハサミ。;Gunting khusus yang memotong pipa pipa plastik dengan rapi dengan kekuatan ringan.;塩:えん|製:せい|塩:えん|化:か|配:はい|管:かん|軽:かる|力:ちから|切:せつ|断:だん|専:せん|用:よう;3. 工具
大ハンマー;Dai hanmā;だい はんまー;palu godam;大:おお;大きな石や金属、杭などを叩き壊したり打ち込んだりするための、両手で持つ重いハンマー。;ōkina ishi ya kinzoku, kui nado o tatakikowashitari uchikondari suru tame no, ryōte de motsu omoi hanmā.;おおきないしやきんぞく、くいなどをたたきこわしたりうちこんだりするための、りょうてでもつおもいハンマー。;Palu berat yang dipegang dengan kedua tangan untuk memecahkan benda seperti batu atau logam, atau memancang tiang.;大:おお|石:いし|金:きん|属:ぞく|杭:くい|叩:たた|壊:こわ|打:う|込:こ|両:りょう|手:て|持:も|重:おも;3. 工具
カッター;Kattā;かったー;pemotong;;紙やビニールテープなどを切る、刃が折れる一般的な文房具・作業工具。;kami ya binīrutēpu nado o kiru, ha ga oreru ippanteki na bunbōgu・sagyō kōgu.;かみやビニールテープなどをきる、はがおれるいっぱんてきなぶんぼうぐ・さぎょうこうぐ。;Alat tulis/alat kerja umum dengan mata pisau yang mudah pecah untuk memotong kertas, pita vinil, dll.;紙:かみ|切:き|刃:は|折:お|一:いっ|般:ぱん|的:てき|文:ぶん|房:ぼう|具:ぐ|作:さ|業:ぎょう|工:こう|具:ぐ;3. 工具
金ノコ;Kin Noko;きん のこ;gergaji besi;金:かね;金属のパイプやボルトを切るための、目が細かい金属用ノコギリ。;kinzoku no paipu ya boruto o kiru tame no, me ga komakai kinzokuyō nokogiri.;きんぞくのパイプやボルトをきるための、めがこまかいきんぞくようノコギリ。;Gergaji logam halus untuk memotong pipa dan baut logam.;切:き|目:め|細:こま|属:ぞく|用:よう|属:ぞく|金:きん|金:きん;3. 工具
クラッチ付きドリル;Kuratchi-tsuki doriru;くらっちつきどりる;bor dengan kopling;付:つ;ネジを締めすぎないよう、一定の力がかかると自動で空回りする電動ドライバー。;neji o shimesuginai yō, ittei no chikara ga kakaruto jidō de karamawari suru dendō doraibā.;ネジをしめすぎないよう、いってい のちからがかかるとじどうでからまわりするでんどうドライバー。;Obeng listrik yang berputar secara otomatis ketika sejumlah gaya diberikan untuk mencegah sekrup terlalu kencang.;付:つ|締:し|一:いっ|定:てい|力:ちから|自:じ|動:どう|空:から|回:まわ|電:でん|動:どう;3. 工具
サンダー;Sandā;さんだー;guruh;;金属を削ったり切ったり、サビを落としたりするために、円盤状の刃が高速回転する電動工具。;kinzoku o kezurtari kittari, sabi o otoshitari suru tame ni, enbanjō no ha ga kōsoku kaiten suru dendō kōgu.;きんぞくをけずったりきったり、サビをおとしたりするために、えんばんじょうのはがこうそくかいてんするでんどうこうぐ。;Perkakas listrik dengan bilah berbentuk cakram yang berputar dengan kecepatan tinggi untuk menggores atau memotong logam atau menghilangkan karat.;金:きん|属:ぞく|削:けず|切:き|落:お|円:えん|盤:ばん|状:じょう|刃:は|高:こう|速:そく|回:かい|転:てん|電:でん|動:どう|工:こう|具:ぐ;3. 工具
ジグソー;Jigusō;じぐそー;gergaji ukir;;ミシンのように細い刃を上下に細かく動かして、板などを自由な形に切る電動ノコギリ。;mishin no yō ni hosoi ha o jōge ni komakaku ugokashite, ita nado o jiyū na katachi ni kiru dendō nokogiri.;ミシンのようにほそいはをじょうげにこまかくうごかして、いたなどをじゆうなかたちにきるでんどうノコギリ。;Gergaji listrik yang memotong papan dan benda lain menjadi bentuk sewenang-wenang dengan menggerakkan bilah tipisnya ke atas dan ke bawah secara halus seperti mesin jahit.;細:ほそ|刃:は|上:じょう|下:げ|細:こま|動:うご|板:いた|自:じ|由:ゆう|形:かたち|曲:きょく|線:せん|切:き|電:でん|動:どう;3. 工具
スケール;Sukēru;すけーる;skala;;長さを測るための、金属製の巻尺。;nagasa o hakaru tame no, kinzokusei no makijaku.;ながさをはかるための、きんぞくせいのまきじゃく。;Pita pengukur logam untuk mengukur panjang.;長:なが|測:はか|金:きん|属:ぞく|製:せい|巻:まき|尺:じゃく;3. 工具
スパナ;Supana;すぱな;kunci pas;;ボルトやナットを回すための、先端がコ字型にひらいた金属製の工具。サイズが固定。;boruto ya natto o mawasu tame no, sentan ga konojigata ni hiraita kinzokusei no kōgu. saizu ga kotei.;ボルトやナットをまわすための、せんたんがこのじがたにひらいたきんぞくせいのこうぐ。サイズがこてい。;Alat logam dengan ujung berbentuk U untuk memutar baut dan mur. Ukuran tetap.;回:まわ|先:せん|端:たん|字:じ|型:がた|金:きん|属:ぞく|製:せい|工:こう|具:ぐ|固:こ|定:てい;3. 工具
卓上丸鋸;Takujō marunoko;たくじょー まるのこ;gergaji bundar meja;卓:たく|上:じょう|丸:まる|鋸:のこ;台座の上に丸いノコギリの刃が固定されており、木材などを正確にまっすぐ切る電動工具。;daiza no ue ni marui nokogiri no ha ga kotei sarete ori, mokuzai nado o seikaku ni massugu kiru dendō kōgu.;だいざのうえにまるいノコギリのはがこていされており、もくざいをせいかくにまっすぐきるでんどうこうぐ。;Perkakas listrik dengan mata gergaji bundar yang dipasang pada alasnya untuk memotong kayu secara akurat, dll.;卓:たく|丸:まる|鋸:のこ|台:だい|座:ざ|丸:まる|刃:は|固:こ|定:てい|木:もく|材:ざい|正:せい|確:かく|切:き|電:でん|動:どう|工:こう|具:ぐ|上:うえ;3. 工具
電工ペンチ;Denkō penchi;でんこー ぺんち;tang tukang listrik;電:でん|工:こう;電線を切る、被覆を剥く、端子を潰すなど、電気工事に特化したペンチ。;densen o kiru, hifuku o muku, tanshi o tsubusu nado, denki kōji ni tokka shita penchi.;でんせんをきる、ひふくをむく、たんしをつぶすなど、でんきこうじにとっかしたペンチ。;Tang khusus untuk pekerjaan kelistrikan, seperti memotong kabel, mengupas kabel, dan menghancurkan terminal.;電:でん|工:こう|電:でん|線:せん|切:き|被:ひ|覆:ふく|剥:む|端:たん|子:し|潰:つぶ|電:でん|気:き|工:こう|事:じ|特:とっ|化:か;3. 工具
電動ドリル;Dendō doriru;でんどー どりる;bor listrik;電:でん|動:どう;電気の力で刃を回転させ、穴を開けたりネジを回したりする工具。;denki no chikara de ha o kaiten sase, ana o aketari neji o mawashitari suru kōgu.;でんきのちからではをかいてんさせ、あなをあけたりネジをまわしたりするこうぐ。;Alat yang menggunakan listrik untuk memutar bilah untuk mengebor lubang atau memutar sekrup.;電:でん|動:どう|電:でん|気:き|力:ちから|刃:は|回:かい|転:てん|穴:あな|開:あ|回:まわ|工:こう|具:ぐ;3. 工具
ニッパー;Nippā;にっぱー;sesuatu yg menjentik;;電線や針金をパチンと切るための、刃先が鋭い切断専用の工具。;densen ya harigane o pachin to kiru tame no, hasaki ga surudoi setsudan sen'yō no kōgu.;でんせんをクリック、はりがねをパチンときるための、はさきがするどいせつだんせんようのこうぐ。;Alat pemotong khusus berujung tajam untuk memotong kabel dan kawat.;電:でん|線:せん|針:はり|金:がね|切:き|刃:は|先:さき|鋭:するど|切:せつ|断:だん|専:せん|用:よう|工:こう|具:ぐ;3. 工具
ノコギリ;Nokogiri;のこぎり;gergaji;;木材やパイプを手動でギコギコ切るための、ギザギザの刃がついた道具。;mokuzai ya paipu o shudō de gikogiko kiru tame no, gizagiza no ha ga tsuita dōgu.;もくざいやパイプをしゅどうでギコギコきるための、ギザギザのはがついたどうぐ。;Alat dengan mata pisau bergerigi untuk memotong kayu atau pipa secara manual.;木:もく|材:ざい|手:しゅ|動:どう|切:き|刃:は|道:どう|具:ぐ;3. 工具
パイプカッター;Paipukattā;ぱいぷかったー;pemotong pipa;;金属や樹脂のパイプの周りをくるくる回しながら、きれいに切断する工具。;kinzoku ya jushi no paipu no mawari o kurukuru mawashi nagara, kirei ni setsudan suru kōgu.;きんぞくやじゅしのパイプのまわりをくるくるまわしながら、きれいにせつだんするこうぐ。;Alat yang memotong pipa logam dan resin secara rapi dengan memutarnya di sekelilingnya.;金:きん|属:ぞく|樹:じゅ|脂:し|周:まわ|回:まわ|切:せつ|断:だん|工:こう|具:ぐ;3. 工具
パイプレンチ;Paipurenchi;ぱいぷれんち;kunci tabung;;丸い金属専用配管をガッチリ掴んで、強い力で回すための重いレンチ。;marui kinzokusen'yō haikan o gacchiri tsukande, tsuyoi chikara de mawasu tame no omoi renchi.;まるいきんぞくせんようはいかんをガッチリつかんで、つよいちからでまわすためのおもいレンチ。;Kunci pas berat yang mencengkeram pipa logam bundar dengan kuat dan memutarnya dengan kekuatan yang kuat.;丸:まる|金:きん|属:ぞく|専:せん|用:よう|配:はい|管:かん|掴:つか|強:つよ|力:ちから|回:まわ|重:おも;3. 工具
ハンマー;Hanmā;はんまー;palu;;釘を叩いたり、部品を叩き込んだりするための金槌やポンチ。;kugi o tatakitari, buhin o tatakikondari suru tame no kanadzuchi ya ponchi.;くぎをたたいたり、ぶひんをたたきこんだりするためのかなづちやポンチ。;Palu atau pukulan untuk memalu paku atau memalu sebagian.;釘:くぎ|叩:たた|部:ぶ|品:ひん|叩:たた|込:こ|金:かな|槌:づち;3. 工具
プラスドライバー;Purasudoraibā;ぷらすどらいばー;Obeng Phillips;;頭の溝が「＋」の形をしたネジを回すための工具。;atama no mizo ga "+" no katachi o shita neji o mawasu tame no kōgu.;あたまのみぞが「＋」のかたちをしたネジをまわすためのこうぐ。;Alat untuk memutar sekrup dengan lekukan berbentuk "+" pada bagian kepalanya.;頭:あたま|溝:みぞ|形:かたち|回:まわ|工:こう|具:ぐ;3. 工具
マイナスドライバー;Mainasudoraibā;まいなすどらいばー;obeng pipih;;頭の溝が「－」の形をしたネジを回すための工具。;atama no mizo ga "-" no katachi o shita neji o mawasu tame no kōgu.;あたまのみぞが「ー」のかたちをしたネジをまわすためのこうぐ。;Alat untuk memutar sekrup dengan lekukan berbentuk "-" pada kepalanya.;頭:あたま|溝:みぞ|形:かたち|回:まわ|工:こう|具:ぐ;3. 工具
ホールソー;Hōrusō;ほーるそー;gergaji lubang;;電気ドリルに取り付けて、鉄板や木板に丸くて大きなきれいな穴を開けるための円筒型の刃。;denki doriru ni toritsukete, teppan ya mokuban ni marukute ōkina kirei na ana o akeru tame no entōgata no ha.;でんきドリルにとりつけて、てっぱんやもくばんにまるくておおきなきれいなあなをあけるためのえんとうがたのは。;Pisau berbentuk silinder yang dapat dipasang pada bor listrik untuk mengebor lubang besar, bulat, dan bersih pada pelat besi atau kayu.;電:でん|気:き|取:と|付:つ|鉄:てっ|板:ぱん|木:もく|板:ばん|丸:まる|大:おお|穴:あな|開:あ|円:えん|筒:とう|型:がた|刃:は;3. 工具
ボール盤;Bōru-ban;ぼーるーばん;mesin bor;盤:ばん;台座に材料を固定し、上からドリルを垂直に下ろして正確に穴を開ける据置型の機械。;daiza ni zairyō o kotei shi, ue kara doriru o suichoku ni oroshite seikaku ni ana o akeru sueokigata no kikai.;だいざにざいりょうをこていし、うえからドリルをすいちょくにおろしてせいかくにあなをあけるすえおきがたのきかい。;Mesin stasioner yang memasang material pada alas dan menurunkan bor secara vertikal dari atas untuk mengebor lubang secara akurat.;盤:ばん|台:だい|座:ざ|材:ざい|料:りょう|固:こ|定:てい|上:うえ|垂:すい|直:ちょく|下:お|正:せい|確:かく|穴:あな|開:あ|据:すえ|置:おき|型:がた|機:き|械:かい;3. 工具
丸鋸;Marunoko;まるのこ;Gergaji bundar;丸:まる|鋸:のこ;円盤型のノコギリ刃が高速回転し、木材を一気に直線で切断する手持ちの電動工具。;enbangata no nokogiri ha ga kōsoku kaiten shi, mokuzai o ikki ni chokusen de setsudan suru temochi no dendō kōgu.;えんばんがたのノコギリはがこうそくかいてんし、もくざいをいっきにちょくせんでせつだんするてもちのでんどうこうぐ。;Perkakas listrik genggam dengan mata gergaji berbentuk cakram yang berputar dengan kecepatan tinggi dan sekaligus memotong kayu dalam garis lurus.;丸:まる|鋸:のこ|円:えん|盤:ばん|型:がた|刃:は|高:こう|速:そく|回:かい|転:てん|木:もく|材:ざい|一:いっ|気:き|直:ちょく|線:せん|切:せつ|断:だん|手:て|持:も|電:でん|動:どう|工:こう|具:ぐ;3. 工具
メガネレンチ;Meganerenchi;めがねれんち;kunci pas kotak;;先端が丸いリング状になっており、ボルトの頭を完全に囲んでしっかり回す工具。;sentan ga marui ringu jō ni natte ori, boruto no atama o kanzen ni kakonde shikkari mawasu kōgu.;せんたんがまるいリングじょうになっており、ボルトのあたまをかんぜんにかこんでしっかりまわすこうぐ。;Alat dengan ujung berbentuk cincin bulat yang mengelilingi kepala baut sepenuhnya dan memutarnya dengan kuat.;先:せん|端:たん|丸:まる|状:じょう|頭:あたま|完:かん|全:ぜん|囲:かこ|回:まわ|工:こう|具:ぐ;3. 工具
モンキーレンチ;Monkīrenchi;もんきーれんち;kunci Inggris;;下のギアを回すことで、ボルトのサイズに合わせて挟む隙間の幅を自由に変えられる便利なレンチ。;shita no gia o mawasu koto de, boruto no saizu ni awasete hasamu sukima no haba o jiyū ni kaerareru benri na renchi.;したのギアをまわすことで、ボルトのサイズにあわせてはさますきまのはばをじゆうにかえられるべんりなレンチ。;Kunci pas praktis yang memungkinkan Anda dengan bebas mengubah lebar celah agar sesuai dengan ukuran baut dengan memutar gigi bawah.;下:した|回:まわ|合:あ|挟:はさ|隙:すき|間:ま|幅:はば|自:じ|由:ゆう|変:か|便:べん|利:り;3. 工具
ラジオペンチ;Rajiopenchi;らじおぺんち;tang radio;;先端が細長くなっており、狭い場所の細かい部品を掴んだり針金を曲げたりするペンチ。;sentan ga hosonagaku natte ori, semai basho no komakai buhin o tsukandari harigane o magetari suru penchi.;せんたんがほそながくなっており、せまいばしょのこまかいぶひんをつかんだりはりがねをまげたりするペンチ。;Tang dengan ujung memanjang yang dapat digunakan untuk memegang bagian-bagian kecil di tempat sempit atau membengkokkan kawat.;先:せん|端:たん|細:ほそ|長:なが|狭:せま|場:ば|所:しょ|細:こま|部:ぶ|品:ひん|掴:つか|針:はり|金:がね|曲:ま;3. 工具
ラチェットレンチ;Rachetto renchi;らちぇっとれんち;kunci pas ratchet;;カチカチと一方向だけに回る仕組みがあり、工具をボルトから外さずに往復運動だけで素早く締める工具。;kachikachi to ippōkō dake ni mawaru shikumi ga ari, kōgu o boruto kara hazusazu ni ōfuku undō dake de subayaku shimeru kōgu.;カチカチといっほうこうだけにまわるしくみがあり、こうぐをボルトからはずさずにおうふくうんどうだけですばやくしめるこうぐ。;Alat ini memiliki mekanisme yang berputar hanya satu arah, sehingga memungkinkan Anda mengencangkan baut secara cepat dengan gerakan bolak-balik tanpa harus melepas alat dari bautnya.;一:いっ|方:ほう|向:こう|回:まわ|仕:し|組:く|工:こう|具:ぐ|外:はず|往:おう|復:ふく|運:うん|動:どう|素:す|早:ばや|締:し|工:こう|具:ぐ;3. 工具
六角レンチ;Rokkaku renchi;ろっかく れんち;kunci hex;六:ろっ|角:かく;L字型の棒で、頭に六角形の穴があるボルトを回すための工具。;eru-jigata no bō de, atama ni rokkakukei no ana ga aru boruto o mawasu tame no kōgu.;えるじがたのぼうで、あたまにろっかけいのあながあるぼるとをまわすためのこうぐ。;Alat untuk memutar baut yaitu batang berbentuk L dengan lubang segi enam pada bagian kepalanya.;六:ろっ|角:かく|字:じ|型:がた|棒:ぼう|頭:あたま|六:ろっ|角:かく|形:けい|穴:あな|回:まわ|工:こう|具:ぐ;3. 工具
脚立;Kyatatsu;きゃたつ;tangga;脚:きゃ|立:たつ;ハシゴをAの字型にひらいて自立するようにした、高い場所の作業に使う台。;hashigo o ē no jigata ni hiraite jiritsu suru yō ni shita, takai basho no sagyō ni tsukau dai.;はしごをえーのじがたにひらいてじりつするようにした、たかいばしょのさぎょうにつかうだい。;Platform yang digunakan untuk bekerja di tempat tinggi, dengan tangga yang dapat dibuka berbentuk A sehingga dapat berdiri sendiri.;脚:きゃ|字:じ|型:がた|自:じ|高:たか|場:ば|所:しょ|作:さ|業:ぎょう|使:つか|台:だい|立:りつ;3. 工具
振動ドリル;Shindō doriru;しんどー どりる;bor bergetar;振:しん|動:どう;コンクリートに穴を開けるための電動ドリル。;konkurīto ni ana o akeru tame no dendō doriru.;コンクリートにあなをあけるためのでんどうドリル。;Bor listrik untuk mengebor lubang pada beton.;振:しん|動:どう|穴:あな|開:あ|電:でん|動:どう;3. 工具
記録;Kiroku;きろく;catatan;記:き|録:ろく;点検の数値や作業内容を、書類やパソコンに書いて残すこと。;tenken no sūchi ya sagyō naiyō o, shorui ya pasokon ni kaite nokosu koto.;てんけんのすうちやさぎょうないようを、しょるいやパソコンにかいてのこすこと。;Tuliskan nilai pemeriksaan dan rincian pekerjaan pada dokumen atau di komputer.;記:き|録:ろく|点:てん|検:けん|数:すう|値:ち|作:さ|業:ぎょう|内:ない|容:よう|書:しょ|類:るい|書:か|残:のこ;4. 作業
給油;Kyūyu;きゅーゆ;pelumasan;給:きゅう|油:ゆ;機械の動く部分〔ベアリングなど〕に、スムーズに動くようオイルやグリスを塗ること。;kikai no ugoku bubun [bearingu nado] ni, sumūzu ni ugoku yō oiru ya gurisu o nuru koto.;きかいのうごくぶぶん〔ベアリングなど〕に、スムーズにうごくようオイルやグリスをぬること。;Oleskan oli atau gemuk pada bagian mesin yang bergerak (bantalan, dll.) untuk memastikan kelancaran pergerakan.;給:きゅう|油:ゆ|機:き|械:かい|部:ぶ|分:ぶん|塗:ぬ|動:うご|動:うご;4. 作業
交換;Kōkan;こーかん;menukarkan;交:こう|換:かん;古くなった部品や切れた電球を外して、新しいものに取り替えること。;furuku natta buhin ya kireta denkyū o hazushite, atarashii mono ni torikaeru koto.;ふるくなったぶひんやきれたでんきゅうをはずして、あたらしいものにとりかえること。;Lepaskan bagian-bagian lama dan bola lampu yang terbakar dan gantilah dengan yang baru.;交:こう|換:かん|古:ふる|部:ぶ|品:ひん|切:き|電:でん|球:きゅう|外:はず|新:あたら|取:と|替:か;4. 作業
試運転;Shiunten;しうんてん;Uji coba;試:し|運:うん|転:てん;修理や点検が終わったあと、機械が正しく動くか実際にスイッチを入れてテストすること。;shūri ya tenken ga owatta ato, kikai ga tadashiku ugoku ka jissai ni suicchi o irete tesuto suru koto.;しゅうりやてんけんがおわったあと、きかいがただしくうごくかじっさいにスイッチをいれてテストすること。;Setelah perbaikan dan pemeriksaan selesai, uji apakah mesin berfungsi dengan baik dengan benar-benar menyalakannya.;試:し|運:うん|転:てん|修:しゅう|理:り|点:てん|検:けん|終:お|機:き|械:かい|正:ただ|動:うご|実:じっ|際:さい|入:い;4. 作業
写真;Shashin;しゃしん;foto;写:しゃ|真:しん;作業の前ビフォーと、作業の後アフターの状態をカメラで記録すること。;sagyō no mae bifō to, sagyō no ato afutā no jōtai o kamera de kiroku suru koto.;さぎょうのまえビフォーと、さぎょうのあとアフターのじょうたいをカメラできろくすること。;Gunakan kamera untuk merekam kondisi sebelum dan sesudah pekerjaan.;写:しゃ|真:しん|作:さ|業:ぎょう|前:まえ|作:さ|業:ぎょう|後:あと|状:じょう|態:たい|記:き|録:ろく;4. 作業
修理;Shūri;しゅーり;memperbaiki;修:しゅう|理:り;壊れた場所や、調子の悪い機械を直して、使えるようにすること。;kowareta basho ya, chōshi no warui kikai o naoshite, tsukaeru yō ni suru koto.;こわされたばしょや、ちょうしのわるいきかいをなおして、つかえるようにすること。;Memperbaiki bagian yang rusak dan mesin yang tidak berfungsi agar dapat digunakan kembali.;修:しゅう|理:り|壊:こわ|場:ば|所:しょ|調:ちょう|子:し|悪:わる|機:き|械:かい|直:なお|使:つか;4. 作業
清掃;Seisō;せいそー;pembersihan;清:せい|掃:そう;機械の周りや作業場所を掃除して、きれいにすること。;kikai no mawari ya sagyō basho o sōji shite, kirei ni suru koto.;きかいのまわりやさぎょうばしょをそうじして、きれいにすること。;Bersihkan dan jaga kebersihan area sekitar mesin dan area kerja.;清:せい|掃:そう|機:き|械:かい|周:まわ|作:さ|業:ぎょう|場:ば|所:しょ|掃:そう|除:じ;4. 作業
増し締め;Mashijime;ましじめ;Kencangkan kembali;増:ま|締:じ;ネジやボルトが緩んでいないか、工具でもう一度きつく締め直すこと。;neji ya boruto ga yurunde inai ka, kōgu de mō ichido kitsuku shimenaosu koto.;ネジやボルトがゆるんでいないか、こうぐでもういちどきつくしめなおすこと。;Pastikan sekrup dan baut tidak kendor dan kencangkan kembali menggunakan alat.;増:ま|緩:ゆる|工:こう|具:ぐ|一:いち|度:ど|直:なお|締:し;4. 作業
測定;Sokutei;そくてい;pengukuran;測:そく|定:てい;テスターやメーターを使って、電圧や温度、圧力などの数値を正確に測ること。;tesutā ya mētā o tsukatte, den'atsu ya ondo, atsuryoku nado no sūchi o seikaku ni hakaru koto.;テスターやメーターをつかって、でんあつやおんど、あつりょくなどのすうちをせいかくにはかること。;Mengukur nilai secara akurat seperti tegangan, suhu, dan tekanan menggunakan tester atau meter.;測:そく|定:てい|使:つか|電:でん|圧:あつ|温:おん|度:ど|圧:あつ|力:りょく|数:すう|値:ち|正:せい|確:かく|測:はか;4. 作業
養生;Yōjō;よーじょー;Perawatan kesehatan;養:よう|生:じょう;作業中に周りの壁や床が汚れたり傷ついたりしないよう、ビニールシートなどで保護すること。;sagyōchū ni mawari no kabe ya yuka ga yogoretari kizutsuitari shinai yō, binīru shīto nado de hogo suru koto.;さぎょうちゅうにまわりのかべやゆかがよごれたりきずついたりしないよう、ビニールシートなどでほごすること。;Lindungi dinding dan lantai di sekitarnya dengan lembaran vinil, dll. agar tidak kotor atau rusak selama pengerjaan.;養:よう|生:じょう|作:さ|業:ぎょう|中:ちゅう|周:まわ|壁:かべ|床:ゆか|汚:よご|傷:きず|保:ほ|護:ご;4. 作業
報告;Hōkoku;ほーこく;laporan;報:ほう|告:こく;終わった作業の内容や、見つかった異常を上司やテナントに伝えること。〔コミュニケーションの91番と同じ〕;owatta sagyō no naiyō ya, mitsukatta ijō o jōshi ya tenanto ni tsutaeru koto. komyunikēshon no 91-ban to onaji;おわったさぎょうのないようや、みつかったいじょうをじょうしやテナントにつたえること。〔コミュニケーションの91ばんとおなじ〕;Komunikasikan rincian pekerjaan yang telah selesai dan segala kelainan yang ditemukan kepada atasan dan penyewa. [Sama seperti nomor komunikasi 91];報:ほう|告:こく|終:お|作:さ|業:ぎょう|内:ない|容:よう|見:み|異:い|常:じょう|上:じょう|司:し|伝:つた;4. 作業
音響停止;Onkyō teishi;おんきょうていし;suara berhenti;音:おん|響:きょう|停:てい|止:し;火災受信機のベルやサイレンの音を、一時的に止めるボタンや操作。;kasai jushinki no beru ya sairen no oto o, ichijiteki ni tomeru botan ya sōsa;おんきょうていし;Tombol atau pengoperasian yang menghentikan sementara bunyi bel atau sirene penerima api.;響:きょう|停:てい|止:し|火:か|災:さい|受:じゅ|信:しん|機:き|一:いち|時:じ|的:てき|止:と|操:そう|作:さ|音:おと;4. 消防
火災受信機;Kasai jushin-ki;かさい じゅしんーき;panel penerima alarm kebakaran;火:か|災:さい|受:じゅ|信:しん|機:き;建物内の火災センサーからの信号をまとめて受け、警報を出す中央の機械。;tatemono-nai no kasai sensā kara no shingō o matomete uke, keihō o dasu chūō no kikai;かさいじゅしんき;Mesin pusat yang menerima sinyal dari sensor kebakaran di dalam gedung dan mengeluarkan alarm.;火:か|災:さい|信:しん|機:き|建:たて|物:もの|内:ない|火:か|災:さい|信:しん|号:ごう|警:けい|報:ほう|出:だ|中:ちゅう|央:おう|機:き|械:かい|受:う;4. 消防
カットリレー;Kattorirē;かっとりれー;relai pemutus siaran;;火災が起きたとき、非常放送が聞こえやすくなるよう、一般のBGM放送などを自動で切る装置。;kasai ga okita toki, hijō hōsō ga kikoeyasuku naru yō, ippan no BGM hōsō nado o jidō de kiru sōchi;カットリレー;Perangkat yang secara otomatis mematikan siaran musik latar belakang umum sehingga siaran darurat dapat dengan mudah didengar jika terjadi kebakaran.;火:か|災:さい|起:お|非:ひ|常:じょう|放:ほう|送:そう|聞:き|一:いっ|般:ぱん|放:ほう|送:そう|自:じ|動:どう|切:き|装:そう|置:ち;4. 消防
感知器;Kanchi-ki;かんちーき;sensor;感:かん|知:ち|器:き;火災の「煙」や「熱」を自動で見つける天井のセンサー。;kasai no "kemuri" ya "netsu" o jidō de mitsukeru tenjō no sensā;かんちき;Sensor langit-langit yang secara otomatis mendeteksi asap dan panas dari api.;感:かん|知:ち|器:き|火:か|災:さい|煙:けむり|熱:ねつ|自:じ|動:どう|見:み|天:てん|井:じょう;4. 消防
消火器;Shōkaki;しょーかき;ALAT PEMADAM API;消:しょう|火:か|器:き;小さな火を消すための、手で持って使う赤い筒状の道具。;chiisana hi o kesu tame no, te de motte tsukau akai tsutsujō no dōgu;しょうかき;Alat genggam berbentuk silinder berwarna merah yang digunakan untuk memadamkan api kecil.;火:か|器:き|小:ちい|火:ひ|手:て|持:も|使:つか|赤:あか|筒:つつ|状:じょう|道:どう|具:ぐ|消:け;4. 消防
消火栓;Shōkasen;しょーかせん;hidran kebakaran;消:しょう|火:か|栓:せん;火災のときにホースをつないで強い水で消火するための、壁にある四角い設備。;kasai no toki ni hōsu o tsunaide tsuyoi mizu de shōka suru tame no, kabe ni aru shikakui setsubi;しょうかせん;Alat berbentuk persegi di dinding yang dapat disambungkan ke selang dan digunakan untuk memadamkan api dengan air deras jika terjadi kebakaran.;消:しょう|火:か|栓:せん|火:か|災:さい|強:つよ|水:みず|消:しょう|火:か|壁:かべ|四:し|角:かく|設:せつ|備:び;4. 消防
消防設備;Shōbō setsubi;しょーぼー せつび;peralatan kebakaran;消:しょう|防:ぼう|設:せつ|備:び;消火器やスプリンクラー、火災報知器など、火災に備えるための設備全体。;shōkaki ya supurinkurā, kasai hōchiki nado, kasai ni sonaeru tame no setsubi zentai;しょうぼうせつび;Semua perlengkapan untuk persiapan menghadapi kebakaran, seperti alat pemadam kebakaran, alat penyiram, dan alarm kebakaran.;消:しょう|防:ぼう|設:せつ|消:しょう|火:か|器:き|火:か|災:さい|報:ほう|知:ち|器:き|火:か|災:さい|設:せつ|全:ぜん|体:たい|備:そな;4. 消防
スプリンクラー;Supurinkurā;すぷりんくらー;alat penyiram;;火災の熱を感知すると、天井から自動で水を撒いて消火する装置。;kasai no netsu o kanchi suru to, tenjō kara jidō de mizu o maite shōka suru sōchi;スプリンクラー;Alat ini secara otomatis menyemprotkan air dari langit-langit untuk memadamkan api ketika mendeteksi panasnya api.;火:か|災:さい|熱:ねつ|感:かん|知:ち|天:てん|井:じょう|自:じ|動:どう|水:みず|撒:ま|消:しょう|火:か|装:そう|置:ち;4. 消防
排煙垂壁幕;Haien tarekabe maku;はいえん たれかべ まく;tirai/penghalang asap gantung;排:はい|煙:えん|垂:たれ|壁:かべ|幕:まく;天井から垂れ下がっている、煙がとなりの区域に広がるのを防ぐ防煙壁。ガラス板など。;tenjō kara taresagatte iru, kemuri ga tonari no kuiki ni hirogaru no o fusegu bōenheki. garasu ita nado;はいえんたれかべまく;Penghalang asap yang menggantung di langit-langit untuk mencegah asap menyebar ke area sekitar, misalnya panel kaca.;排:はい|煙:えん|垂:たれ|壁:かべ|幕:まく|天:てん|井:じょう|垂:たれ|下:さ|煙:けむり|区:く|域:いき|広:ひろ|防:ふせ|防:ぼう|煙:えん|壁:かべ|板:いた;4. 消防
排煙ファン;Haien fan;はいえん ふぁん;kipas pembuangan asap;排:はい|煙:えん;火災のときに、建物内の煙を強力に外へ吸い出すための大型換気扇。;kasai no toki ni, tatemono-nai no kemuri o kyōryoku ni soto e suidashu tame no ōgata kankisen;はいえんファン;Kipas ventilasi besar yang menyedot asap keluar gedung dengan kuat jika terjadi kebakaran.;排:はい|煙:えん|火:か|災:さい|建:たて|物:もの|内:ない|煙:けむり|強:きょう|力:りょく|外:そと|吸:す|出:だ|大:おお|型:がた|換:かん|気:き|扇:せん;4. 消防
排煙窓;Haien mado;はいえん まど;jendela pembuangan asap;排:はい|煙:えん|窓:まど;火災のときに、煙を外に逃がすために天井近くに設置された窓。;kasai no toki ni, kemuri o soto ni nigasu tame ni tenjō chikaku ni setchi sareta mado;はいえんまど;Sebuah jendela dipasang di dekat langit-langit untuk memungkinkan asap keluar jika terjadi kebakaran.;排:はい|煙:えん|窓:まど|火:か|災:さい|煙:けむり|外:そと|逃:にが|天:てん|井:じょう|近:ちか|設:せつ|置:ち|窓:まど;4. 消防
発信機;Hatsushinki;はつしんき;pemancar;発:はっ|信:しん|機:き;火災を見つけた人が、手動でボタンを押して非常ベルを鳴らす赤い装置。;kasai o mitsuketa hito ga, shudō de botan o oshite hijō beru o narasu akai sōchi;はっしんき;Perangkat berwarna merah yang digunakan oleh orang yang melihat kebakaran secara manual untuk menekan tombol untuk membunyikan bel darurat.;発:はっ|信:しん|機:き|火:か|災:さい|見:み|人:ひと|手:しゅ|動:どう|押:お|非:ひ|常:じょう|鳴:な|赤:あか|装:そう|置:ち;4. 消防
発報;Happō;はっぽー;Peringatan;発:はっ|報:ほう;火災感知器や非常ボタンが作動して、警報ベルやサイレンが鳴ること。;kasai kanchiki ya hijō botan ga sadō shite, keihō beru ya sairen ga naru koto;はっぽう;Detektor kebakaran dan tombol darurat diaktifkan, menyebabkan bel alarm dan sirene berbunyi.;発:はっ|報:ほう|火:か|災:さい|感:かん|知:ち|器:き|非:ひ|常:じょう|作:さ|動:どう|警:けい|報:ほう|鳴:な;4. 消防
不活性ガス;Fukasseigasu;ふかっせいがす;gas inert;不:ふ|活:かっ|性:せい;電気室などで水を使わずに、二酸化炭素などのガスを充たして酸素を無くし消火する仕組み。;denki-shitsu nado de mizu o tsukawazu ni, nisanka tanso nado no gasu o mitashite sanso o nakushi shōka suru shikumi;でんきしつなどでみずをつかわずに、にさんかたんそなどのガスをみたしてさんそをなくししょうかするしくみ。;Suatu sistem untuk memadamkan api dengan mengisi ruangan listrik dengan gas seperti karbon dioksida untuk menghilangkan oksigen tanpa menggunakan air.;電:でん|気:き|室:しつ|水:みず|使:つか|二:に|酸:さん|化:か|炭:たん|素:そ|充:み|酸:さん|素:そ|無:な|消:しょう|火:か|仕:し|組:く;4. 消防
防火シャッター;Bōka shattā;ぼーか しゃったー;penutup api;防:ぼう|火:か;火災のときに自動で閉まり、炎や煙が広がるのを遮断する金属製のシャッター。;kasai no toki ni jidō de shimari, honō ya kemuri ga hirogaru no o shadan suru kinzokusei no shattā;ぼうかシャッター;Penutup logam yang menutup secara otomatis jika terjadi kebakaran, menghalangi penyebaran api dan asap.;防:ぼう|火:か|火:か|災:さい|自:じ|動:どう|閉:し|炎:ほのお|煙:けむり|広:ひろ|遮:しゃ|断:だん|金:きん|属:ぞく|製:せい;4. 消防
防火ダンパー;Bōka danpā;ぼーか だんぱー;peredam api;防:ぼう|火:か;空調のダクト風道内にあり、火災の熱などで自動的に閉じて炎や煙の移動を防ぐ弁。;kūchō no dakuto fūdō-nai ni ari, kasai no netsu nado de jidōteki ni tojite honō ya kemuri no idō o fusegu ben;ぼうかダンパー;Katup yang terletak pada saluran udara saluran AC yang menutup secara otomatis akibat panasnya api untuk mencegah pergerakan api dan asap.;防:ぼう|火:か|空:くう|調:ちょう|風:ふう|道:どう|内:ない|火:か|災:さい|熱:ねつ|自:じ|動:どう|的:てき|閉:と|炎:ほのお|煙:けむり|移:い|動:どう|防:ふせ|弁:べん;4. 消防
防火戸;Bōka to;ぼーか と;pintu kebakaran;防:ぼう|火:か|戸:ど;火災のときに自動で閉まり、炎や煙を遮断する鉄製の重いドア。;kasai no toki ni jidō de shimari, honō ya kemuri o shadan suru tetsusei no omoi doa;ぼうかドア;Pintu besi berat yang menutup secara otomatis jika terjadi kebakaran, menghalangi api dan asap.;防:ぼう|火:か|戸:ど|火:か|災:さい|自:じ|動:どう|閉:し|炎:ほのお|煙:けむり|遮:しゃ|断:だん|鉄:てつ|製:せい|重:おも;4. 消防
補助散水栓;Hojo sansui sen;ほじょ さんすい せん;Keran air tambahan;助:じょ|散:さん|水:すい|栓:せん;スプリンクラーの一種で、人がホースを取り出して初期消火を行える設備。;supurinkurā no isshu de, hito ga hōsu o toridashite shoki shōka o okonaeru setsubi;ほじょさんすいせん;Jenis alat penyiram yang memungkinkan seseorang mengeluarkan selang dan memadamkan api awal.;捕:ほ|助:じょ|散:さん|水:すい|栓:せん|一:いっ|種:しゅ|人:ひと|取:と|出:だ|初:しょ|期:き|消:しょう|火:か|行:おこな|設:せつ|備:び;4. 消防
火災;Kasai;かさい;kebakaran;火:か|災:さい;火事のこと。建物などが燃える災害。;kaji no koto. tatemono nado ga moeru saigai.;かさい;Tentang api. Bencana dimana gedung-gedung terbakar.;火:か|災:さい|火:か|事:じ|建:たて|物:もの|燃:も|災:さい|害:がい;4. 消防
クランプメーター;Kuranpumētā;くらんぷめーたー;meteran penjepit;;電線をはさみ、電流などを測る測定器です。設備点検によく使います。;densen o hasami, denryū nado o hakaru sokuteiki desu. setsubi tenken ni yoku tsukaimasu.;クランプメーター;Alat pengukur yang mengukur arus, dll. dengan menyatukan kabel. Sering digunakan untuk inspeksi peralatan.;電:でん|線:せん|電:でん|流:りゅう|測:はか|測:そく|定:てい|器:き|設:せつ|備:び|点:てん|検:けん|使:つか;4. 測定器
アース線;Āsu-sen;あーすーせん;kawat tanah;線:せん;漏電した電気を地面に逃がし、人間が感電するのを防ぐための緑色の電線。;rōden shita denki o jimen ni nigashi, ningen ga kanden suru no o fusegu tame no midori-iro no densen;アースせん;Kabel listrik berwarna hijau yang mengalirkan listrik bocor ke tanah untuk mencegah orang tersengat listrik.;線:せん|漏:ろう|電:でん|電:でん|気:き|地:じ|面:めん|逃:にが|人:にん|間:げん|感:かん|電:でん|防:ふせ|緑:みどり|色:いろ|電:でん|線:せん;4. 電気
接地線;Setchi-sen;せっちせん;kawat tanah;接:せっ|地:ち|線:せん;アース線と同じ意味。電気を地面に逃がすための線。;āsu-sen to onaji imi. denki o jimen ni nigasu tame no sen.;せっちせん;Arti yang sama dengan kabel ground. Kawat yang menghantarkan listrik ke tanah.;接:せっ|線:せん|同:おな|意:い|味:み|電:でん|気:き|面:めん|逃:にが|線:せん|地:じ;4. 電気
高圧;Kōatsu;こーあつ;tegangan tinggi;高:こう|圧:あつ;施設に入ってくる高い電圧600V超。触ると非常に危険。;shisetsu ni haitte kuru takai den'atsu 600 V-chō. sawaru to hijō ni kiken.;こうあつ;Tegangan tinggi melebihi 600V memasuki fasilitas. Sangat berbahaya jika disentuh.;圧:あつ|施:し|設:せつ|入:はい|電:でん|圧:あつ|超:ちょう|触:さわ|非:ひ|常:じょう|危:き|険:けん|高:たか;4. 電気
受変電設備;Juhendensetsubi;じゅへんでんせつび;Peralatan penerima dan pengubah daya;受:じゅう|変:へん|電:でん|設:せつ|備:び;電力会社から届いた高い電圧高圧を、使いやすい低い電圧に変える設備全体。;denryoku gaisha kara todoita takai den'atsu kōatsu o, tsukaiyasui hikui den'atsu ni kaeru setsubi zentai;じゅうへんでんせつび;Seluruh peralatan tersebut mengubah tegangan tinggi yang diterima dari perusahaan listrik menjadi tegangan rendah sehingga lebih mudah digunakan.;受:じゅう|変:へん|電:でん|設:せつ|備:び|電:でん|力:りょく|会:がい|社:しゃ|届:とど|高:たか|電:でん|圧:あつ|高:こう|圧:あつ|使:つか|低:ひく|電:でん|圧:あつ|変:か|設:せつ|備:び|全:ぜん|体:たい;4. 電気
キュービクル;Kyūbikuru;きゅーびくる;panel kubikel;;駐車場の脇や屋上にある、高圧の電気を受けて変圧する金属製の大きな箱。;chūshajō no waki ya okujō ni aru, kōatsu no denki o ukete hen'atsu suru kinzokusei no ōkina hako;キュービクル;Sebuah kotak logam besar yang terletak di sebelah tempat parkir atau di atap yang menerima listrik bertegangan tinggi dan mengubahnya.;駐:ちゅう|車:しゃ|場:じょう|脇:わき|屋:おく|上:じょう|高:こう|圧:あつ|電:でん|気:き|受:う|変:へん|圧:あつ|金:きん|属:ぞく|製:せい|大:おお|箱:はこ;4. 電気
配電盤;Haidenban;はいでんばん;panel distribusi listrik;配:はい|電:でん|盤:ばん;発電所や変電所からの電気を受け、各フロアの分電盤へ分けるための大きな配電盤。;hatsudensho ya hendensho kara no denki o uke, kaku furoa no bundenban e wakeru tame no ōkina haidenban;はいでんばん;Papan distribusi tenaga listrik berukuran besar yang menerima listrik dari pembangkit listrik dan gardu induk dan mendistribusikannya ke papan distribusi di setiap lantai.;配:はい|電:でん|盤:ばん|発:はつ|電:でん|所:しょ|変:へん|電:でん|所:しょ|電:でん|気:き|受:う|各:かく|分:ぶん|電:でん|盤:ばん|分:わ|大:おお|配:はい|電:でん|盤:ばん;4. 電気
ブレーカー;Burēkā;ぶれーかー;pemutus arus;;電気の流れすぎたり漏電したりしたときに、自動でスイッチを切って電線を守る安全装置。;denki no nagare-sugitari rōden shitari shita toki ni, jidō de suicchi o kitte densen o mamoru anzen sōchi;ブレーカー;Alat pengaman yang mematikan saklar secara otomatis untuk melindungi kabel jika terjadi aliran listrik berlebih atau kebocoran listrik.;電:でん|気:き|流:なが|漏:ろう|電:でん|自:じ|動:どう|切:き|電:でん|線:せん|守:まも|安:あん|全:ぜん|装:そう|置:ち;4. 電気
過電流;Ka denryū;か でんりゅー;arus lebih;過:か|電:でん|流:りゅう;電線や機器の能力を超えて、電気が流れすぎている状態。発熱や火災の原因になる。;densen ya kiki no nōryoku o koete, denki ga nagare-sugite iru jōtai. hatsunetsu ya kasai no gen'in ni naru.;かでんりゅう;Suatu keadaan di mana terlalu banyak listrik yang mengalir melebihi kapasitas kabel dan peralatan. Melakukannya dapat menyebabkan timbulnya panas atau kebakaran.;過:か|電:でん|流:りゅう|電:でん|線:せん|機:き|器:き|能:のう|力:りょく|超:こ|電:でん|気:き|流:なが|状:じょう|態:たい|発:はつ|熱:ねつ|火:か|災:さい|原:げん|因:いん;4. 電気
単相3線;Tansō 3-sen;たんそー 3ーせん;sistem satu fasa tiga kawat;単:たん|相:そう|線:せん;100V家電用と200Vエアコン用などを同時に取れる、一般的な電気の配線方式。;100 V kaden-yō to 200 V eakon-yō nado o dōji ni toreru, ippanteki na denki no haisen hōshiki;たんそうさんせん;Metode pengkabelan listrik umum yang dapat digunakan untuk peralatan rumah tangga 100V dan AC 200V secara bersamaan.;単:たん|相:そう|線:せん|家:か|電:でん|用:よう|用:よう|同:どう|時:じ|取:と|一:いっ|般:ぱん|的:てき|電:でん|気:き|配:はい|線:せん|方:ほう|式:しき;4. 電気
三相3線;Sansō 3-sen;さんそー 3ーせん;sistem tiga fasa tiga kawat;三:さん|相:そう|線:せん;エレベーターや大きなポンプなど、業務用のモーターを動かすための動力用200Vの配線方式。;erebētā ya ōkina ponpu nado, gyōmuyō no mōtā o ugokasu tame no dōryokuyō 200 V no haisen hōshiki;さんそうさんせん;Sistem kabel listrik 200V untuk mengoperasikan motor komersial seperti elevator dan pompa besar.;三:さん|相:そう|線:せん|大:おお|業:ぎょう|務:む|用:よう|動:うご|動:どう|力:りょく|用:よう|配:はい|線:せん|方:ほう|式:しき;4. 電気
三相4線;Sansō 4-sen;さんそー 4ーせん;sistem tiga fasa empat kawat;三:さん|相:そう|線:せん;大きなビルの照明242Vや動力415Vを効率よく送るための、大規模施設向けの配線方式。;ōkina biru no shōmei 242 V ya dōryoku 415 V o kōritsu yoku okuru tame no, daikibo shisetsu-muke no haisen hōshiki;さんそうよんせん;Metode pengkabelan untuk fasilitas berskala besar yang secara efisien mentransmisikan pencahayaan 242V dan daya 415V untuk gedung besar.;三:さん|相:そう|線:せん|大:おお|照:しょう|明:めい|動:どう|力:りょく|効:こう|率:りつ|送:おく|大:だい|規:き|模:ぼ|施:し|設:せつ|向:む|配:はい|線:せん|方:ほう|式:しき;4. 電気
感電;Kanden;かんでん;sengatan listrik;感:かん|電:でん;人間の体に電気が流れてしまい、しびれたりケガをしたりすること。大変危険です。;ningen no karada ni denki ga nagarete shimai, shibiretari kega o shitari suru koto. taihen kiken desu.;かんでん;Listrik melewati tubuh manusia, menyebabkan mati rasa atau cedera. Ini sangat berbahaya.;感:かん|電:でん|人:にん|間:げん|体:からだ|電:でん|気:き|流:なが|大:たい|変:へん|危:き|険:けん;4. 電気
制御盤;Seigyo-ban;せいぎょーばん;panel kontrol;制:せい|御:ぎょ|盤:ばん;モーターやポンプなどの機械を自動でコントロールするための、スイッチや基板が入った箱。;mōtā ya ponpu nado no kikai o jidō de kontorōru suru tame no, suicchi ya kiban ga haitta hako;せいぎょばん;Sebuah kotak berisi sakelar dan papan sirkuit untuk mengendalikan mesin secara otomatis seperti motor dan pompa.;制:せい|御:ぎょ|盤:ばん|機:き|械:かい|自:じ|動:どう|基:き|板:ばん|入:はい|箱:はこ;4. 電気
配線;Haisen;はいせん;kabel;配:はい|線:せん;電気を通すための電線を、機器につないで設置すること。;denki o tōsu tame no densen o, kiki ni tsunaide setchi suru koto.;はいせん;Memasang kabel listrik untuk menyambung peralatan menghantarkan listrik.;配:はい|線:せん|電:でん|気:き|通:とお|電:でん|線:せん|機:き|器:き|設:せつ|置:ち;4. 電気
分電盤;Bunden-ban;ぶんでんーばん;Papan distribusi;分:ぶん|電:でん|盤:ばん;壁の中などにあり、各部屋の照明やコンセントへブレーカーを介して電気を細かく分ける箱。;kabe no naka nado ni ari, kaku heya no shōmei ya konsento e burēkā o kaishite denki o komakaku wakeru hako;ぶんでんばん;Sebuah kotak yang terletak di dalam dinding, dll., yang memisahkan listrik ke lampu dan stopkontak setiap ruangan melalui pemutus.;電:でん|盤:ばん|壁:かべ|中:なか|各:かく|部:へ|屋:や|照:しょう|明:めい|介:かい|電:でん|気:き|細:こま|箱:はこ|分:わ;4. 電気
変圧器;Hen'atsuki;へんあつき;transformator;変:へん|圧:あつ|器:き;電圧を高くしたり低くしたりして、使いやすい電圧に変える機械トランス。;den'atsu o takaku shitari hikuku shitari shite, tsukaiyasui den'atsu ni kaeru kikai toransu.;へんあつき;Trafo mekanis yang menaikkan atau menurunkan tegangan ke tingkat yang nyaman untuk digunakan.;圧:あつ|器:き|電:でん|圧:あつ|高:たか|低:ひく|使:つか|電:でん|圧:あつ|機:き|械:かい|変:か;4. 電気
トランス;Toransu;とらんす;transformator;;変圧器16番の変圧器と同じ意味;hen'atsuki 16-ban no hen'atsuki to onaji imi;トランス;Arti yang sama dengan trafo nomor 16;変:へん|圧:あつ|器:き|同:おな|意:い|味:み;4. 電気
漏電;Rōden;ろーでん;kebocoran;漏:ろう|電:でん;電線から電気外に漏れてしまっている状態。感電や火災の原因になり危険。;densen kara denki ga soto ni morete shimatte iru jōtai. kanden ya kasai no gen'in ni nari kiken.;ろうでん;Listrik bocor dari kabel. Ini berbahaya karena dapat menyebabkan sengatan listrik atau kebakaran.;漏:ろう|電:でん|電:でん|線:せん|電:でん|気:き|外:そと|漏:も|状:じょう|態:たい|感:かん|電:でん|火:か|災:さい|原:げん|因:いん|危:き|険:けん;4. 電気
フル2線式;Furu 2-sen-shiki;ふる 2ーせんーしき;sistem kontrol dua kawat;線:せん|式:しき;2本の線で信号をやり取りする方式です。設備の制御で使います。;ni-hon no sen de shingō o yaritori suru hōshiki desu. setsubi no seigyo de tsukaimasu.;ふる 2 せん しき;Ini adalah metode pertukaran sinyal menggunakan dua kabel. Digunakan untuk kontrol peralatan.;線:せん|式:しき|線:せん|信:しん|号:ごう|取:と|方:ほう|式:しき|設:せつ|備:び|制:せい|御:ぎょ|使:つか;4. 電気
シーケンス;Shīkensu;しーけんす;urutan;;決まった順番で機器を動かすことです。電気設備の制御によく使います。;kimatta junban de kiki o ugokasu koto desu. denki setsubi no seigyo ni yoku tsukaimasu.;シーケンス;Tindakan memindahkan peralatan dalam urutan yang tetap. Sering digunakan untuk mengontrol peralatan listrik.;決:き|順:じゅん|番:ばん|機:き|器:き|動:うご|電:でん|気:き|設:せつ|備:び|制:せい|御:ぎょ|使:つか;4. 電気
電磁接触器;Denji sesshoku-ki;でんじ せっしょくーき;kontaktor elektromagnetik;電:でん|磁:じ|接:せっ|触:しょく|器:き;電気で大きな回路を入れたり切ったりする機器です。;denki de ōkina kairo o iretari kittari suru kiki desu.;でんじせっしょくき;Perangkat yang menggunakan listrik untuk menghidupkan dan mematikan sirkuit besar.;電:でん|磁:じ|接:せっ|触:しょく|器:き|電:でん|気:き|大:おお|回:かい|路:ろ|入:い|切:き|機:き|器:き;4. 電気
電磁開閉器;Denji kaihei-ki;でんじ かいへいーき;saklar elektromagnetik;電:でん|磁:じ|開:かい|閉:へい|器:き;電磁力で回路を開け閉めする装置です。モーター制御で使います。;denjiryoku de kairo o akeshime suru sōchi desu. mōtā seigyo de tsukaimasu.;でんじかいへいき;Perangkat yang membuka dan menutup sirkuit menggunakan gaya elektromagnetik. Digunakan untuk kontrol motorik.;電:でん|磁:じ|開:かい|閉:へい|器:き|電:でん|磁:じ|力:りょく|回:かい|路:ろ|開:あ|閉:し|装:そう|置:ち|制:せい|御:ぎょ|使:つか;4. 電気
自己保持回路;Jiko hoji kairo;じこほじかいろ;sirkuit penahan mandiri;自:じ|己:こ|保:ほ|持:じ|回:かい|路:ろ;一度入れた状態を自分で保つ回路です。運転の基本で使います。;ichido ireta jōtai o jibun de tamotsu kairo desu. unten no kihon de tsukaimasu.;じこほじかいろ;Ini adalah sirkuit yang mempertahankan keadaannya setelah dihidupkan. Digunakan sebagai dasar pengoperasian.;自:じ|己:こ|保:ほ|持:じ|回:かい|路:ろ|一:いち|度:ど|入:い|状:じょう|態:たい|自:じ|分:ぶん|保:たも|回:かい|路:ろ|運:うん|転:てん|基:き|本:そ|使:つか;4. 電気
スターデルタ回路;Sutāderuta kairo;すたーでるた かいろ;rangkaian bintang delta;回:かい|路:ろ;モーターの始動電流を抑えるための回路です。;mōtā no shidō denryū o osaeru tame no kairo desu.;すたー でるた かいろ;Ini adalah rangkaian untuk menekan arus start motor.;回:かい|路:ろ|始:し|動:どう|電:でん|流:りゅう|抑:おさ|回:かい|路:ろ;4. 電気
サーマルリレー;Sāmarurirē;さーまるりれー;relai termal;;電流が多すぎるときに回路を守る装置です。モーター保護に使います。;denryū ga ōsugiru toki ni kairo o mamoru sōchi desu. mōtā hogo ni tsukaimasu.;さーまる りれー;Perangkat yang melindungi sirkuit ketika arus terlalu tinggi. Digunakan untuk perlindungan motor.;電:でん|流:りゅう|多:おお|回:かい|路:ろ|守:まも|装:そう|置:ち|保:ほ|護:ご|使:つか;4. 電気



