日本語;Romaji;Cara Baca;インドネシア語;Custom Name;Furigana Segment
頭;atama;あたま;kepala;体の名前;頭:あたま
目;me;め;mata;体の名前;目:め
耳;mimi;みみ;telinga;体の名前;耳:みみ
鼻;hana;はな;hidung;体の名前;鼻:はな
口;kuchi;くち;mulut;体の名前;口:くち
喉;nodo;のど;tenggorokan;体の名前;喉:のど
肩;kata;かた;bahu;体の名前;肩:かた
胸;mune;むね;dada;体の名前;胸:むね
腕;ude;うで;lengan;体の名前;腕:うで
お腹;onaka;おなか;perut;体の名前;おなか:おなか
へそ;heso;へそ;pusar;体の名前;へそ:へそ
手;te;て;tangan;体の名前;手:て
腿;momo;もも;paha;体の名前;腿:もも
膝;hiza;ひざ;lutut;体の名前;膝:ひざ
すね;sune;すね;betis;体の名前;
足;ashi;あし;kaki;体の名前;足:あし
眉毛;mayuge;まゆげ;alis;体の名前;眉:まゆ|毛:げ
まつ毛;matsuge;まつげ;bulu mata;体の名前;毛:げ
背中;senaka;せなか;punggung;体の名前;背:せ|中:なか
お尻;oshiri;おしり;bokong;体の名前;尻:しり
