dataset,week,day,text,raw_reading,cleaned_reading,file,peak_after,rms_after,clipped_samples,duration_sec,pipeline
senmon,,,建築物,けんちくぶつ,けんちくぶつ,6-建築物.wav,24200,7274.01,0,1.249,ffmpeg: gain + limiter + loudnorm + resample to 48k
senmon,,,環境衛生管理,かんきょうえいせいかんり,かんきょうえいせいかんり,6-環境衛生管理.wav,24200,11914.48,0,1.796,ffmpeg: gain + limiter + loudnorm + resample to 48k
senmon,,,環境,かんきょう,かんきょう,6-環境.wav,24200,6838.22,0,0.929,ffmpeg: gain + limiter + loudnorm + resample to 48k
senmon,,,衛生,えいせい,えいせい,6-衛生.wav,24200,8135.94,0,0.819,ffmpeg: gain + limiter + loudnorm + resample to 48k
senmon,,,管理,かんり,かんり,6-管理.wav,24200,7631.49,0,0.686,ffmpeg: gain + limiter + loudnorm + resample to 48k
senmon,,,基準,きじゅん,きじゅん,6-基準.wav,24200,6737.53,0,0.757,ffmpeg: gain + limiter + loudnorm + resample to 48k
senmon,,,空気,くうき,くうき,6-空気.wav,23663,5409.58,0,0.764,ffmpeg: gain + limiter + loudnorm + resample to 48k
senmon,,,調整,ちょうせい,ちょうせい,6-調整.wav,24200,7510.68,0,0.878,ffmpeg: gain + limiter + loudnorm + resample to 48k
senmon,,,給水,きゅうすい,きゅうすい,6-給水.wav,24200,7190.67,0,0.823,ffmpeg: gain + limiter + loudnorm + resample to 48k
senmon,,,排水,はいすい,はいすい,6-排水.wav,24200,6173.96,0,0.828,ffmpeg: gain + limiter + loudnorm + resample to 48k
senmon,,,清掃,せいそう,せいそう,6-清掃.wav,24200,7912.84,0,0.887,ffmpeg: gain + limiter + loudnorm + resample to 48k
senmon,,,昆虫,こんちゅう,こんちゅう,6-昆虫.wav,24200,7762.30,0,0.930,ffmpeg: gain + limiter + loudnorm + resample to 48k
senmon,,,防除,ぼうじょ,ぼうじょ,6-防除.wav,24200,7996.30,0,0.818,ffmpeg: gain + limiter + loudnorm + resample to 48k
senmon,,,良好な,りょうこうな,りょうこうな,6-良好な.wav,24200,10629.02,0,0.929,ffmpeg: gain + limiter + loudnorm + resample to 48k
senmon,,,状態,じょうたい,じょうたい,6-状態.wav,24200,7452.91,0,0.835,ffmpeg: gain + limiter + loudnorm + resample to 48k
senmon,,,維持,いじ,いじ,6-維持.wav,24200,5512.11,0,0.597,ffmpeg: gain + limiter + loudnorm + resample to 48k
senmon,,,業務,ぎょうむ,ぎょうむ,6-業務.wav,24200,7795.81,0,0.813,ffmpeg: gain + limiter + loudnorm + resample to 48k
senmon,,,快適,かいてき,かいてき,6-快適.wav,24200,6256.58,0,0.948,ffmpeg: gain + limiter + loudnorm + resample to 48k
senmon,,,整備管理,せいびかんり,せいびかんり,6-整備管理.wav,24200,10048.81,0,1.155,ffmpeg: gain + limiter + loudnorm + resample to 48k
senmon,,,警備,けいび,けいび,6-警備.wav,24200,7708.40,0,0.694,ffmpeg: gain + limiter + loudnorm + resample to 48k
senmon,,,防犯防災,ぼうはんぼうさい,ぼうはんぼうさい,6-防犯防災.wav,24200,10557.23,0,1.274,ffmpeg: gain + limiter + loudnorm + resample to 48k
senmon,,,保つ,たもつ,たもつ,6-保つ.wav,24200,6709.36,0,0.820,ffmpeg: gain + limiter + loudnorm + resample to 48k
senmon,,,不審者,ふしんしゃ,ふしんしゃ,6-不審者.wav,24200,5341.42,0,0.953,ffmpeg: gain + limiter + loudnorm + resample to 48k
senmon,,,異常,いじょう,いじょう,6-異常.wav,24200,7002.89,0,0.737,ffmpeg: gain + limiter + loudnorm + resample to 48k
senmon,,,巡回,じゅんかい,じゅんかい,6-巡回.wav,24200,6431.95,0,0.847,ffmpeg: gain + limiter + loudnorm + resample to 48k
senmon,,,設置,せっち,せっち,6-設置.wav,24200,5238.11,0,0.825,ffmpeg: gain + limiter + loudnorm + resample to 48k
senmon,,,監視,かんし,かんし,6-監視.wav,24200,6156.35,0,0.824,ffmpeg: gain + limiter + loudnorm + resample to 48k
senmon,,,被害,ひがい,ひがい,6-被害.wav,24200,5641.21,0,0.688,ffmpeg: gain + limiter + loudnorm + resample to 48k
senmon,,,消防計画,しょうぼうけいかく,しょうぼうけいかく,6-消防計画.wav,24200,10405.14,0,1.405,ffmpeg: gain + limiter + loudnorm + resample to 48k
senmon,,,日ごろ,ひごろ,ひごろ,6-日ごろ.wav,24200,6866.67,0,0.743,ffmpeg: gain + limiter + loudnorm + resample to 48k
senmon,,,点検,てんけん,てんけん,6-点検.wav,24200,6841.38,0,0.831,ffmpeg: gain + limiter + loudnorm + resample to 48k
senmon,,,蛇口,じゃぐち,じゃぐち,7-蛇口.wav,24200,6189.42,0,0.861,ffmpeg: gain + limiter + loudnorm + resample to 48k
senmon,,,貯める,ためる,ためる,7-貯める.wav,24200,6854.84,0,0.741,ffmpeg: gain + limiter + loudnorm + resample to 48k
senmon,,,消毒,しょうどく,しょうどく,7-消毒.wav,24200,7529.70,0,0.948,ffmpeg: gain + limiter + loudnorm + resample to 48k
senmon,,,定期的な,ていきてきな,ていきてきな,7-定期的な.wav,24200,7868.73,0,1.025,ffmpeg: gain + limiter + loudnorm + resample to 48k
senmon,,,二酸化炭素,にさんかたんそ,にさんかたんそ,7-二酸化炭素.wav,24200,7478.00,0,1.261,ffmpeg: gain + limiter + loudnorm + resample to 48k
senmon,,,一酸化単炭,いっさんかたんそ,いっさんかたんそ,7-一酸化単炭.wav,24200,7361.71,0,1.397,ffmpeg: gain + limiter + loudnorm + resample to 48k
senmon,,,温度,おんど,おんど,7-温度.wav,24200,7843.74,0,0.662,ffmpeg: gain + limiter + loudnorm + resample to 48k
senmon,,,湿度,しつど,しつど,7-湿度.wav,24200,2988.79,0,0.750,ffmpeg: gain + limiter + loudnorm + resample to 48k
senmon,,,基準値,きじゅんち,きじゅんち,7-基準値.wav,24200,6898.19,0,0.978,ffmpeg: gain + limiter + loudnorm + resample to 48k
senmon,,,罠,わな,わな,7-罠.wav,24200,6080.66,0,0.598,ffmpeg: gain + limiter + loudnorm + resample to 48k
senmon,,,仕掛け,しかけ,しかけ,7-仕掛け.wav,24200,4331.79,0,0.828,ffmpeg: gain + limiter + loudnorm + resample to 48k
senmon,,,害虫,がいちゅう,がいちゅう,7-害虫.wav,24200,7388.31,0,0.880,ffmpeg: gain + limiter + loudnorm + resample to 48k
senmon,,,調査,ちょうさ,ちょうさ,7-調査.wav,24200,5982.81,0,0.814,ffmpeg: gain + limiter + loudnorm + resample to 48k
senmon,,,廊下,ろうか,ろうか,7-廊下.wav,24200,7776.71,0,0.709,ffmpeg: gain + limiter + loudnorm + resample to 48k
senmon,,,義務室,ぎむしつ,ぎむしつ,7-義務室.wav,24200,6275.35,0,0.978,ffmpeg: gain + limiter + loudnorm + resample to 48k
senmon,,,玄関付近,げんかんふきん,げんかんふきん,7-玄関付近.wav,24200,8799.22,0,1.157,ffmpeg: gain + limiter + loudnorm + resample to 48k
senmon,,,清掃用機械,せいそうようきかい,せいそうようきかい,7-清掃用機械.wav,24200,10636.65,0,1.515,ffmpeg: gain + limiter + loudnorm + resample to 48k
senmon,,,常に,つねに,つねに,7-常に.wav,24200,5842.35,0,0.816,ffmpeg: gain + limiter + loudnorm + resample to 48k
senmon,,,設備機器,せつびき,せつびき,8-設備機器.wav,24200,6066.65,0,0.982,ffmpeg: gain + limiter + loudnorm + resample to 48k
senmon,,,正常,せいじょう,せいじょう,8-正常.wav,24200,8860.99,0,0.887,ffmpeg: gain + limiter + loudnorm + resample to 48k
senmon,,,整備,せいび,せいび,8-整備.wav,24200,7605.79,0,0.788,ffmpeg: gain + limiter + loudnorm + resample to 48k
senmon,,,保全,ほぜん,ほぜん,8-保全.wav,24200,5766.82,0,0.739,ffmpeg: gain + limiter + loudnorm + resample to 48k
senmon,,,記録,きろく,きろく,8-記録.wav,24200,5959.73,0,0.814,ffmpeg: gain + limiter + loudnorm + resample to 48k
senmon,,,機器全体,ききぜんたい,ききぜんたい,8-機器全体.wav,24200,6335.60,0,1.064,ffmpeg: gain + limiter + loudnorm + resample to 48k
senmon,,,幅広い,はばひろい,はばひろい,8-幅広い.wav,24200,8235.89,0,0.983,ffmpeg: gain + limiter + loudnorm + resample to 48k
senmon,,,知識,ちしき,ちしき,8-知識.wav,17130,2748.66,0,0.836,ffmpeg: gain + limiter + loudnorm + resample to 48k
senmon,,,専門技術,せんもんぎじゅつ,せんもんぎじゅつ,8-専門技術.wav,24200,9469.10,0,1.313,ffmpeg: gain + limiter + loudnorm + resample to 48k
senmon,,,資格者,しかくしゃ,しかくしゃ,8-資格者.wav,24200,4018.74,0,0.977,ffmpeg: gain + limiter + loudnorm + resample to 48k
senmon,,,給茶業務,きゅうちゃぎょうむ,きゅうちゃぎょうむ,8-給茶業務.wav,24200,9498.14,0,1.155,ffmpeg: gain + limiter + loudnorm + resample to 48k
senmon,,,総合受付,そうごううけつけ,そうごううけつけ,8-総合受付.wav,24200,10633.66,0,1.417,ffmpeg: gain + limiter + loudnorm + resample to 48k
senmon,,,ちゅしゃ管理業務,ちゅしゃかんりぎょうむ,ちゅしゃかんりぎょうむ,8-ちゅしゃ管理業務.wav,24200,9013.07,0,1.477,ffmpeg: gain + limiter + loudnorm + resample to 48k
senmon,,,天井,てんじょう,てんじょう,24-天井.wav,24200,8994.06,0,0.819,ffmpeg: gain + limiter + loudnorm + resample to 48k
senmon,,,居室,きょしつ,きょしつ,24-居室.wav,24100,4017.27,0,0.860,ffmpeg: gain + limiter + loudnorm + resample to 48k
senmon,,,仕上材,しあげざい,しあげざい,24-仕上材.wav,24200,8179.38,0,1.000,ffmpeg: gain + limiter + loudnorm + resample to 48k
senmon,,,反響,はんきょう,はんきょう,24-反響.wav,24200,6641.41,0,0.856,ffmpeg: gain + limiter + loudnorm + resample to 48k
senmon,,,岩綿,がんめん,がんめん,24-岩綿.wav,24200,7845.92,0,0.830,ffmpeg: gain + limiter + loudnorm + resample to 48k
senmon,,,吸音板,きゅうおんばん,きゅうおんばん,24-吸音板.wav,24200,10315.93,0,1.027,ffmpeg: gain + limiter + loudnorm + resample to 48k
senmon,,,用途,ようと,ようと,24-用途.wav,24200,6847.98,0,0.742,ffmpeg: gain + limiter + loudnorm + resample to 48k
senmon,,,石膏,せっこう,せっこう,24-石膏.wav,24200,6200.33,0,0.884,ffmpeg: gain + limiter + loudnorm + resample to 48k
senmon,,,石綿,せきめん,せきめん,24-石綿.wav,24200,6293.58,0,0.866,ffmpeg: gain + limiter + loudnorm + resample to 48k
senmon,,,クロス貼り,くろすばり,くろすばり,24-クロス貼り.wav,24200,7487.49,0,1.046,ffmpeg: gain + limiter + loudnorm + resample to 48k
senmon,,,塗装,とそう,とそう,24-塗装.wav,24200,6016.06,0,0.737,ffmpeg: gain + limiter + loudnorm + resample to 48k
senmon,,,施します,ほどこします,ほどこします,24-施します.wav,24200,7612.74,0,1.269,ffmpeg: gain + limiter + loudnorm + resample to 48k
senmon,,,配線,はいせん,はいせん,24-配線.wav,24200,7105.54,0,0.833,ffmpeg: gain + limiter + loudnorm + resample to 48k
senmon,,,給排気用のダクター,きゅうはいきようのだくたー,きゅうはいきようのだくたー,24-給排気用のダクター.wav,24200,11086.59,0,1.804,ffmpeg: gain + limiter + loudnorm + resample to 48k
senmon,,,水管,すいかん,すいかん,24-水管.wav,24200,5990.56,0,0.863,ffmpeg: gain + limiter + loudnorm + resample to 48k
senmon,,,損傷,そんしょう,そんしょう,24-損傷.wav,24200,7169.14,0,0.936,ffmpeg: gain + limiter + loudnorm + resample to 48k
senmon,,,たわみ,たわみ,たわみ,24-たわみ.wav,24200,6810.56,0,0.753,ffmpeg: gain + limiter + loudnorm + resample to 48k
senmon,,,そり,そり,そり,24-そり.wav,24200,5376.40,0,0.584,ffmpeg: gain + limiter + loudnorm + resample to 48k
senmon,,,しみ跡,しみあと,しみあと,24-しみ跡.wav,24200,8003.27,0,0.946,ffmpeg: gain + limiter + loudnorm + resample to 48k
senmon,,,汚損,おそん,おそん,24-汚損.wav,24200,6421.37,0,0.697,ffmpeg: gain + limiter + loudnorm + resample to 48k
senmon,,,色むら,いろむら,いろむら,24-色むら.wav,24200,8794.10,0,0.814,ffmpeg: gain + limiter + loudnorm + resample to 48k
senmon,,,金属板,きんぞくばん,きんぞくばん,24-金属板.wav,24200,7804.38,0,1.089,ffmpeg: gain + limiter + loudnorm + resample to 48k
senmon,,,腐食,ふしょく,ふしょく,24-腐食.wav,22241,3909.35,0,0.820,ffmpeg: gain + limiter + loudnorm + resample to 48k
senmon,,,変形,へんけい,へんけい,24-変形.wav,24200,6537.51,0,0.812,ffmpeg: gain + limiter + loudnorm + resample to 48k
senmon,,,破損,はそん,はそん,24-破損.wav,24200,6894.27,0,0.760,ffmpeg: gain + limiter + loudnorm + resample to 48k
senmon,,,目視,もくし,もくし,24-目視.wav,24200,4747.41,0,0.814,ffmpeg: gain + limiter + loudnorm + resample to 48k
senmon,,,触診,しょくしん,しょくしん,24-触診.wav,24200,4942.71,0,0.945,ffmpeg: gain + limiter + loudnorm + resample to 48k
senmon,,,周期,しゅうき,しゅうき,24-周期.wav,24200,7603.65,0,0.814,ffmpeg: gain + limiter + loudnorm + resample to 48k
senmon,,,劣化,れっか,れっか,24-劣化.wav,24200,6263.92,0,0.756,ffmpeg: gain + limiter + loudnorm + resample to 48k
senmon,,,野縁,のぶち,のぶち,24-野縁.wav,24200,5904.47,0,0.813,ffmpeg: gain + limiter + loudnorm + resample to 48k
senmon,,,修繕,しゅうぜん,しゅうぜん,24-修繕.wav,24200,8252.20,0,0.845,ffmpeg: gain + limiter + loudnorm + resample to 48k
senmon,,,法令,ほうれい,ほうれい,24-法令.wav,24200,8097.68,0,0.759,ffmpeg: gain + limiter + loudnorm + resample to 48k
senmon,,,某会性能,ぼうかいせいのう,ぼうかいせいのう,24-某会性能.wav,24200,10551.84,0,1.353,ffmpeg: gain + limiter + loudnorm + resample to 48k
senmon,,,張り替え,はりかえ,はりかえ,24-張り替え.wav,24200,6394.08,0,0.833,ffmpeg: gain + limiter + loudnorm + resample to 48k
senmon,,,内壁,ないへき,ないへき,26-内壁.wav,24200,7322.58,0,0.912,ffmpeg: gain + limiter + loudnorm + resample to 48k
senmon,,,壁仕上げ材,かべしあげざい,かべしあげざい,26-壁仕上げ材.wav,24200,8966.50,0,1.280,ffmpeg: gain + limiter + loudnorm + resample to 48k
senmon,,,胴縁,どうぶち,どうぶち,26-胴縁.wav,24200,8303.98,0,0.927,ffmpeg: gain + limiter + loudnorm + resample to 48k
senmon,,,下地組,したじぐみ,したじぐみ,26-下地組.wav,24200,7651.27,0,1.027,ffmpeg: gain + limiter + loudnorm + resample to 48k
senmon,,,留め付ける,とめつける,とめつける,26-留め付ける.wav,24200,7065.21,0,1.067,ffmpeg: gain + limiter + loudnorm + resample to 48k
senmon,,,接触,せっしょく,せっしょく,26-接触.wav,24200,6032.25,0,0.945,ffmpeg: gain + limiter + loudnorm + resample to 48k
senmon,,,自動ドア,じどうドア,じどうドア,32-自動ドア.wav,24200,9072.65,0,0.983,ffmpeg: gain + limiter + loudnorm + resample to 48k
senmon,,,制御基板,せいぎょきばん,せいぎょきばん,32-制御基板.wav,24200,9720.26,0,1.155,ffmpeg: gain + limiter + loudnorm + resample to 48k
senmon,,,起動装置,きどうそうち,きどうそうち,32-起動装置.wav,24200,8773.58,0,1.174,ffmpeg: gain + limiter + loudnorm + resample to 48k
senmon,,,合図,あいず,あいず,32-合図.wav,24083,5470.35,0,0.738,ffmpeg: gain + limiter + loudnorm + resample to 48k
senmon,,,役割,やくわり,やくわり,32-役割.wav,24200,7094.43,0,0.869,ffmpeg: gain + limiter + loudnorm + resample to 48k
senmon,,,感知,かんち,かんち,32-感知.wav,24200,6691.75,0,0.831,ffmpeg: gain + limiter + loudnorm + resample to 48k
senmon,,,停止,ていし,ていし,32-停止.wav,24200,6542.39,0,0.768,ffmpeg: gain + limiter + loudnorm + resample to 48k
senmon,,,未然,みぜん,みぜん,32-未然.wav,24200,6387.13,0,0.745,ffmpeg: gain + limiter + loudnorm + resample to 48k
senmon,,,果たす,はたす,はたす,32-果たす.wav,24200,4532.58,0,0.819,ffmpeg: gain + limiter + loudnorm + resample to 48k
senmon,,,無目式,むもくしき,むもくしき,32-無目式.wav,24200,7470.23,0,0.944,ffmpeg: gain + limiter + loudnorm + resample to 48k
senmon,,,上部,じょうぶ,じょうぶ,32-上部.wav,24200,7217.06,0,0.747,ffmpeg: gain + limiter + loudnorm + resample to 48k
senmon,,,設置する,せっちする,せっちする,32-設置する.wav,24200,5219.21,0,1.075,ffmpeg: gain + limiter + loudnorm + resample to 48k
senmon,,,使用,しよう,しよう,32-使用.wav,24200,5600.19,0,0.740,ffmpeg: gain + limiter + loudnorm + resample to 48k
senmon,,,商業施設,しょうぎょうしせつ,しょうぎょうしせつ,32-商業施設.wav,24200,9380.68,0,1.518,ffmpeg: gain + limiter + loudnorm + resample to 48k
senmon,,,人感センサー,じんかんセンサー,じんかんセンサー,32-人感センサー.wav,24200,8642.31,0,1.394,ffmpeg: gain + limiter + loudnorm + resample to 48k
senmon,,,赤外線式,せきがいせんしき,せきがいせんしき,32-赤外線式.wav,24200,8244.60,0,1.415,ffmpeg: gain + limiter + loudnorm + resample to 48k
senmon,,,電波式,でんぱしき,でんぱしき,32-電波式.wav,24200,7972.64,0,1.080,ffmpeg: gain + limiter + loudnorm + resample to 48k
senmon,,,反応,はんのう,はんのう,32-反応.wav,24200,7428.84,0,0.794,ffmpeg: gain + limiter + loudnorm + resample to 48k
senmon,,,触れる,ふれる,ふれる,32-触れる.wav,24200,6257.45,0,0.738,ffmpeg: gain + limiter + loudnorm + resample to 48k
senmon,,,メリット,メリット,メリット,32-メリット.wav,24200,7319.05,0,0.831,ffmpeg: gain + limiter + loudnorm + resample to 48k
senmon,,,デメリット,デメリット,デメリット,32-デメリット.wav,24200,8884.05,0,0.984,ffmpeg: gain + limiter + loudnorm + resample to 48k
senmon,,,屋外,おくがい,おくがい,32-屋外.wav,24200,6444.58,0,0.790,ffmpeg: gain + limiter + loudnorm + resample to 48k
senmon,,,誤作動,ごさどう,ごさどう,32-誤作動.wav,24200,6755.84,0,0.871,ffmpeg: gain + limiter + loudnorm + resample to 48k
senmon,,,振動,しんどう,しんどう,32-振動.wav,24200,7405.63,0,0.871,ffmpeg: gain + limiter + loudnorm + resample to 48k
senmon,,,面する,めんする,めんする,32-面する.wav,24200,7511.81,0,0.826,ffmpeg: gain + limiter + loudnorm + resample to 48k
senmon,,,区別,くべつ,くべつ,32-区別.wav,24096,5260.65,0,0.880,ffmpeg: gain + limiter + loudnorm + resample to 48k
senmon,,,旗,はた,はた,32-旗.wav,24200,3997.86,0,0.646,ffmpeg: gain + limiter + loudnorm + resample to 48k
senmon,,,貼り付ける,はりつける,はりつける,32-貼り付ける.wav,24200,6342.81,0,0.978,ffmpeg: gain + limiter + loudnorm + resample to 48k
senmon,,,限る,かぎる,かぎる,32-限る.wav,24200,5627.07,0,0.741,ffmpeg: gain + limiter + loudnorm + resample to 48k
senmon,,,飲食店,いんしょくてん,いんしょくてん,32-飲食店.wav,24200,7769.42,0,1.069,ffmpeg: gain + limiter + loudnorm + resample to 48k
senmon,,,適する,てきする,てきする,32-適する.wav,24200,4878.22,0,0.871,ffmpeg: gain + limiter + loudnorm + resample to 48k
senmon,,,感染症対策,かんせんしょうたいさく,かんせんしょうたいさく,32-感染症対策.wav,24200,10095.18,0,1.795,ffmpeg: gain + limiter + loudnorm + resample to 48k
senmon,,,手かざし,てかざし,てかざし,32-手かざし.wav,24200,6243.04,0,0.978,ffmpeg: gain + limiter + loudnorm + resample to 48k
senmon,,,非接触,ひせっしょく,ひせっしょく,32-非接触.wav,24200,5349.79,0,1.079,ffmpeg: gain + limiter + loudnorm + resample to 48k
senmon,,,感染症,かんせんしょう,かんせんしょう,32-感染症.wav,24200,7829.06,0,1.163,ffmpeg: gain + limiter + loudnorm + resample to 48k
senmon,,,防疫,ぼうえき,ぼうえき,32-防疫.wav,24200,9092.32,0,0.856,ffmpeg: gain + limiter + loudnorm + resample to 48k
senmon,,,有効,ゆうこう,ゆうこう,32-有効.wav,24200,8470.35,0,0.819,ffmpeg: gain + limiter + loudnorm + resample to 48k
senmon,,,無線式,むせんしき,むせんしき,32-無線式.wav,24200,6024.89,0,1.073,ffmpeg: gain + limiter + loudnorm + resample to 48k
senmon,,,有線式,ゆうせんしき,ゆうせんしき,32-有線式.wav,24200,7797.55,0,1.153,ffmpeg: gain + limiter + loudnorm + resample to 48k
senmon,,,幅,はば,はば,32-幅.wav,24200,4673.13,0,0.611,ffmpeg: gain + limiter + loudnorm + resample to 48k
senmon,,,柱,はしら,はしら,32-柱.wav,24200,4782.32,0,0.814,ffmpeg: gain + limiter + loudnorm + resample to 48k
senmon,,,反射,はんしゃ,はんしゃ,32-反射.wav,24200,6299.15,0,0.815,ffmpeg: gain + limiter + loudnorm + resample to 48k
senmon,,,物体,ぶったい,ぶったい,32-物体.wav,24200,5713.92,0,0.754,ffmpeg: gain + limiter + loudnorm + resample to 48k
senmon,,,近づける,ちかづける,ちかづける,32-近づける.wav,24200,5679.33,0,1.025,ffmpeg: gain + limiter + loudnorm + resample to 48k
senmon,,,重量,じゅうりょう,じゅうりょう,34-重量.wav,24200,8315.61,0,0.829,ffmpeg: gain + limiter + loudnorm + resample to 48k
senmon,,,軽量,けいりょう,けいりょう,34-軽量.wav,24200,8974.48,0,0.819,ffmpeg: gain + limiter + loudnorm + resample to 48k
senmon,,,通常,つうじょう,つうじょう,34-通常.wav,24200,7575.76,0,0.887,ffmpeg: gain + limiter + loudnorm + resample to 48k
senmon,,,電動式,でんどうしき,でんどうしき,34-電動式.wav,24200,9394.89,0,1.161,ffmpeg: gain + limiter + loudnorm + resample to 48k
senmon,,,防火,ぼうか,ぼうか,34-防火.wav,24200,7569.64,0,0.707,ffmpeg: gain + limiter + loudnorm + resample to 48k
senmon,,,防煙区画,ぼうえんくかく,ぼうえんくかく,34-防煙区画.wav,24200,9938.11,0,1.201,ffmpeg: gain + limiter + loudnorm + resample to 48k
senmon,,,設ける,もうける,もうける,34-設ける.wav,24200,7175.20,0,0.854,ffmpeg: gain + limiter + loudnorm + resample to 48k
senmon,,,手動式,しゅどうしき,しゅどうしき,34-手動式.wav,24200,8402.14,0,1.155,ffmpeg: gain + limiter + loudnorm + resample to 48k
senmon,,,自動閉鎖型,じどうへいさがた,じどうへいさがた,34-自動閉鎖型.wav,24200,9437.68,0,1.428,ffmpeg: gain + limiter + loudnorm + resample to 48k
senmon,,,大空間,だいくうかん,だいくうかん,34-大空間.wav,24200,9573.70,0,1.042,ffmpeg: gain + limiter + loudnorm + resample to 48k
senmon,,,分割区画,ぶんかつくかく,ぶんかつくかく,34-分割区画.wav,24200,7290.40,0,1.270,ffmpeg: gain + limiter + loudnorm + resample to 48k
senmon,,,防煙,ぼうえん,ぼうえん,34-防煙.wav,24200,10375.78,0,0.762,ffmpeg: gain + limiter + loudnorm + resample to 48k
senmon,,,周り,まわり,まわり,34-周り.wav,24200,6418.46,0,0.740,ffmpeg: gain + limiter + loudnorm + resample to 48k
senmon,,,火災,かさい,かさい,34-火災.wav,24200,4486.87,0,0.759,ffmpeg: gain + limiter + loudnorm + resample to 48k
senmon,,,降下,こうか,こうか,34-降下.wav,24200,6747.57,0,0.813,ffmpeg: gain + limiter + loudnorm + resample to 48k
senmon,,,点検,てんけん,てんけん,34-点検.wav,24200,6841.38,0,0.831,ffmpeg: gain + limiter + loudnorm + resample to 48k
senmon,,,保守,ほしゅ,ほしゅ,34-保守.wav,24200,3459.48,0,0.676,ffmpeg: gain + limiter + loudnorm + resample to 48k
senmon,,,電動,でんどう,でんどう,34-電動.wav,24200,9722.59,0,0.832,ffmpeg: gain + limiter + loudnorm + resample to 48k
senmon,,,専門業者,せんもんぎょうしゃ,せんもんぎょうしゃ,34-専門業者.wav,24200,10160.47,0,1.319,ffmpeg: gain + limiter + loudnorm + resample to 48k
senmon,,,定期的な,ていきてきな,ていきてきな,34-定期的な.wav,24200,7868.73,0,1.025,ffmpeg: gain + limiter + loudnorm + resample to 48k
senmon,,,契約,けいやく,けいやく,34-契約.wav,24200,8495.29,0,0.889,ffmpeg: gain + limiter + loudnorm + resample to 48k
senmon,,,点検周期,てんけんしゅうき,てんけんしゅうき,34-点検周期.wav,24200,9673.55,0,1.200,ffmpeg: gain + limiter + loudnorm + resample to 48k
senmon,,,劣化,れっか,れっか,34-劣化.wav,24200,6263.92,0,0.756,ffmpeg: gain + limiter + loudnorm + resample to 48k
senmon,,,対応,たいおう,たいおう,34-対応.wav,24200,8524.93,0,0.786,ffmpeg: gain + limiter + loudnorm + resample to 48k
senmon,,,不具合,ふぐあい,ふぐあい,34-不具合.wav,24200,8198.30,0,0.813,ffmpeg: gain + limiter + loudnorm + resample to 48k
senmon,,,発生,はっせい,はっせい,34-発生.wav,24200,5448.04,0,0.828,ffmpeg: gain + limiter + loudnorm + resample to 48k
senmon,,,巻きぐせ,まきぐせ,まきぐせ,34-巻きぐせ.wav,24200,6229.32,0,0.951,ffmpeg: gain + limiter + loudnorm + resample to 48k
senmon,,,下端,かたん,かたん,34-下端.wav,24200,5043.60,0,0.735,ffmpeg: gain + limiter + loudnorm + resample to 48k
senmon,,,回上下,かいじょうげ,かいじょうげ,34-回上下.wav,24200,8864.91,0,1.026,ffmpeg: gain + limiter + loudnorm + resample to 48k
senmon,,,以外,いがい,いがい,34-以外.wav,24200,6366.59,0,0.667,ffmpeg: gain + limiter + loudnorm + resample to 48k
senmon,,,依頼,いらい,いらい,34-依頼.wav,24144,6283.72,0,0.667,ffmpeg: gain + limiter + loudnorm + resample to 48k
senmon,,,水道水,すいどうすい,すいどうすい,51-水道水.wav,24200,8351.01,0,1.075,ffmpeg: gain + limiter + loudnorm + resample to 48k
senmon,,,水道排水管,すいどうはいすいかん,すいどうはいすいかん,51-水道排水管.wav,24200,9416.46,0,1.616,ffmpeg: gain + limiter + loudnorm + resample to 48k
senmon,,,分岐,ぶんき,ぶんき,51-分岐.wav,24200,6748.61,0,0.751,ffmpeg: gain + limiter + loudnorm + resample to 48k
senmon,,,給水管,きゅうすいかん,きゅうすいかん,51-給水管.wav,24200,7862.38,0,1.069,ffmpeg: gain + limiter + loudnorm + resample to 48k
senmon,,,直結水方式,ちょっけつみずほうしき,ちょっけつみずほうしき,51-直結水方式.wav,24200,8040.63,0,1.797,ffmpeg: gain + limiter + loudnorm + resample to 48k
senmon,,,貯水槽水道方式,ちょすいそうすいどうほうしき,ちょすいそうすいどうほうしき,51-貯水槽水道方式.wav,24200,9500.54,0,2.033,ffmpeg: gain + limiter + loudnorm + resample to 48k
senmon,,,肝要,かんよう,かんよう,51-肝要.wav,24200,8269.90,0,0.863,ffmpeg: gain + limiter + loudnorm + resample to 48k
senmon,,,給水装置,きゅうすいそうち,きゅうすいそうち,51-給水装置.wav,24200,8198.48,0,1.249,ffmpeg: gain + limiter + loudnorm + resample to 48k
senmon,,,基準,きじゅん,きじゅん,51-基準.wav,24200,6737.53,0,0.757,ffmpeg: gain + limiter + loudnorm + resample to 48k
senmon,,,汚染防止,おせんしょう,おせんしょう,51-汚染防止.wav,24200,7605.09,0,1.006,ffmpeg: gain + limiter + loudnorm + resample to 48k
senmon,,,浸出基準,しんしゅつきじゅん,しんしゅつきじゅん,51-浸出基準.wav,24200,6289.63,0,1.305,ffmpeg: gain + limiter + loudnorm + resample to 48k
senmon,,,破壊防止,はかいぼうし,はかいぼうし,51-破壊防止.wav,24200,9050.20,0,1.154,ffmpeg: gain + limiter + loudnorm + resample to 48k
senmon,,,水撃,すいげき,すいげき,51-水撃.wav,24200,6893.06,0,0.929,ffmpeg: gain + limiter + loudnorm + resample to 48k
senmon,,,耐えうり,たえうり,たえうり,51-耐えうり.wav,24200,7240.69,0,0.792,ffmpeg: gain + limiter + loudnorm + resample to 48k
senmon,,,浸食防止,しんしょくぼうし,しんしょくぼうし,51-浸食防止.wav,24200,8049.90,0,1.419,ffmpeg: gain + limiter + loudnorm + resample to 48k
senmon,,,酸,さん,さん,51-酸.wav,24200,4058.08,0,0.639,ffmpeg: gain + limiter + loudnorm + resample to 48k
senmon,,,耐食性,たいしょくせい,たいしょくせい,51-耐食性.wav,24200,8271.94,0,1.200,ffmpeg: gain + limiter + loudnorm + resample to 48k
senmon,,,逆流防止,ぎゃくりゅうぼうし,ぎゃくりゅうぼうし,51-逆流防止.wav,24200,10059.90,0,1.250,ffmpeg: gain + limiter + loudnorm + resample to 48k
senmon,,,凍結防止,とうけつぼうし,とうけつぼうし,51-凍結防止.wav,24200,9078.21,0,1.264,ffmpeg: gain + limiter + loudnorm + resample to 48k
senmon,,,耐寒性能,たいかんせいのう,たいかんせいのう,51-耐寒性能.wav,24200,10605.08,0,1.316,ffmpeg: gain + limiter + loudnorm + resample to 48k
senmon,,,工業用水,こうぎょうようすい,こうぎょうようすい,51-工業用水.wav,24200,10952.00,0,1.409,ffmpeg: gain + limiter + loudnorm + resample to 48k
senmon,,,クロスコネクション防止,クロスコネクションぼうし,クロスコネクションぼうし,51-クロスコネクション防止.wav,24200,9521.82,0,1.855,ffmpeg: gain + limiter + loudnorm + resample to 48k
senmon,,,地下水直接連結,ちかすいちょくせつれんけつ,ちかすいちょくせつれんけつ,51-地下水直接連結.wav,24200,7824.89,0,2.102,ffmpeg: gain + limiter + loudnorm + resample to 48k
senmon,,,受水槽,じゅすいそう,じゅすいそう,53-受水槽.wav,24200,7571.08,0,0.990,ffmpeg: gain + limiter + loudnorm + resample to 48k
senmon,,,照合住宅,しょうごうじゅうたく,しょうごうじゅうたく,53-照合住宅.wav,24200,10360.21,0,1.466,ffmpeg: gain + limiter + loudnorm + resample to 48k
senmon,,,有効容量,ゆうこうようりょう,ゆうこうようりょう,53-有効容量.wav,24200,11620.91,0,1.247,ffmpeg: gain + limiter + loudnorm + resample to 48k
senmon,,,簡易専用水道,かにせんようすいどう,かにせんようすいどう,53-簡易専用水道.wav,24200,10293.48,0,1.579,ffmpeg: gain + limiter + loudnorm + resample to 48k
senmon,,,衛生的,えいせいてき,えいせいてき,53-衛生的.wav,24200,10279.27,0,1.076,ffmpeg: gain + limiter + loudnorm + resample to 48k
senmon,,,設置者,せっちしゃ,せっちしゃ,53-設置者.wav,24200,5210.15,0,0.979,ffmpeg: gain + limiter + loudnorm + resample to 48k
senmon,,,義務,ぎむ,ぎむ,53-義務.wav,24200,6288.00,0,0.648,ffmpeg: gain + limiter + loudnorm + resample to 48k
senmon,,,水量,すいりょう,すいりょう,53-水量.wav,24200,7512.21,0,0.860,ffmpeg: gain + limiter + loudnorm + resample to 48k
senmon,,,確保,かくほ,かくほ,53-確保.wav,24200,4762.83,0,0.814,ffmpeg: gain + limiter + loudnorm + resample to 48k
senmon,,,圧力,あつりょく,あつりょく,53-圧力.wav,24200,5744.15,0,0.955,ffmpeg: gain + limiter + loudnorm + resample to 48k
senmon,,,有効容量,ゆうこうようりょう,ゆうこうようりょう,53-有効容量.wav,24200,11620.91,0,1.247,ffmpeg: gain + limiter + loudnorm + resample to 48k
senmon,,,最高水位,さいこうすいい,さいこうすいい,53-最高水位.wav,24200,9524.85,0,1.249,ffmpeg: gain + limiter + loudnorm + resample to 48k
senmon,,,滞留時間,たいりゅうじかん,たいりゅうじかん,53-滞留時間.wav,24200,9880.64,0,1.155,ffmpeg: gain + limiter + loudnorm + resample to 48k
senmon,,,減少,げんしょう,げんしょう,53-減少.wav,24200,7945.59,0,0.912,ffmpeg: gain + limiter + loudnorm + resample to 48k
senmon,,,雑菌,ざっきん,ざっきん,53-雑菌.wav,24200,5934.36,0,0.852,ffmpeg: gain + limiter + loudnorm + resample to 48k
senmon,,,高架水槽,こうかすいそう,こうかすいそう,55-高架水槽.wav,24200,8757.96,0,1.264,ffmpeg: gain + limiter + loudnorm + resample to 48k
senmon,,,受水槽,じゅすいそう,じゅすいそう,55-受水槽.wav,24200,7571.08,0,0.990,ffmpeg: gain + limiter + loudnorm + resample to 48k
senmon,,,介する,かいする,かいする,55-介する.wav,24200,6809.35,0,0.878,ffmpeg: gain + limiter + loudnorm + resample to 48k
senmon,,,水道水,すいどうすい,すいどうすい,55-水道水.wav,24200,8351.01,0,1.075,ffmpeg: gain + limiter + loudnorm + resample to 48k
senmon,,,一時的,いちじてき,いちじてき,55-一時的.wav,23298,5431.21,0,1.024,ffmpeg: gain + limiter + loudnorm + resample to 48k
senmon,,,貯める,ためる,ためる,55-貯める.wav,24200,6854.84,0,0.741,ffmpeg: gain + limiter + loudnorm + resample to 48k
senmon,,,設備,せつび,せつび,55-設備.wav,24200,5440.96,0,0.826,ffmpeg: gain + limiter + loudnorm + resample to 48k
senmon,,,重力,じゅうりょく,じゅうりょく,55-重力.wav,24200,8068.61,0,0.877,ffmpeg: gain + limiter + loudnorm + resample to 48k
senmon,,,使用箇所,しようかしょ,しようかしょ,55-使用箇所.wav,24200,8726.37,0,1.107,ffmpeg: gain + limiter + loudnorm + resample to 48k
senmon,,,給水,きゅうすい,きゅうすい,55-給水.wav,24200,7190.67,0,0.823,ffmpeg: gain + limiter + loudnorm + resample to 48k
senmon,,,容量,ようりょう,ようりょう,55-容量.wav,24200,8792.74,0,0.835,ffmpeg: gain + limiter + loudnorm + resample to 48k
senmon,,,程度,ていど,ていど,55-程度.wav,24200,7225.37,0,0.659,ffmpeg: gain + limiter + loudnorm + resample to 48k
senmon,,,目安,めやす,めやす,55-目安.wav,24200,6964.27,0,0.820,ffmpeg: gain + limiter + loudnorm + resample to 48k
senmon,,,同様,どうよう,どうよう,55-同様.wav,24200,9368.76,0,0.830,ffmpeg: gain + limiter + loudnorm + resample to 48k
senmon,,,滞留時間,たいりゅうじかん,たいりゅうじかん,55-滞留時間.wav,24200,9880.64,0,1.155,ffmpeg: gain + limiter + loudnorm + resample to 48k
senmon,,,消毒,しょうどく,しょうどく,55-消毒.wav,24200,7529.70,0,0.948,ffmpeg: gain + limiter + loudnorm + resample to 48k
senmon,,,効果,こうか,こうか,55-効果.wav,24200,6747.57,0,0.813,ffmpeg: gain + limiter + loudnorm + resample to 48k
senmon,,,雑菌,ざっきん,ざっきん,55-雑菌.wav,24200,5934.36,0,0.852,ffmpeg: gain + limiter + loudnorm + resample to 48k
senmon,,,汚染,おせん,おせん,55-汚染.wav,24200,5883.74,0,0.750,ffmpeg: gain + limiter + loudnorm + resample to 48k
senmon,,,水位制御方式,すいいせいごうほうしき,すいいせいごうほうしき,55-水位制御方式.wav,24200,10259.82,0,1.767,ffmpeg: gain + limiter + loudnorm + resample to 48k
senmon,,,対,たい,たい,55-対.wav,24200,4238.30,0,0.571,ffmpeg: gain + limiter + loudnorm + resample to 48k
senmon,,,高置水槽,こうちすいそう,こうちすいそう,55-高置水槽.wav,24200,8333.37,0,1.266,ffmpeg: gain + limiter + loudnorm + resample to 48k
senmon,,,揚水,ようすい,ようすい,55-揚水.wav,24200,8135.76,0,0.833,ffmpeg: gain + limiter + loudnorm + resample to 48k
senmon,,,油膜,ゆまく,ゆまく,55-油膜.wav,24200,7293.54,0,0.820,ffmpeg: gain + limiter + loudnorm + resample to 48k
senmon,,,付着,ふちゃく,ふちゃく,55-付着.wav,24200,3894.57,0,0.810,ffmpeg: gain + limiter + loudnorm + resample to 48k
senmon,,,導通不良,どうつうふりょう,どうつうふりょう,55-導通不良.wav,24200,8825.70,0,1.300,ffmpeg: gain + limiter + loudnorm + resample to 48k
senmon,,,水位,すいい,すいい,55-水位.wav,23830,6245.67,0,0.690,ffmpeg: gain + limiter + loudnorm + resample to 48k
senmon,,,制御,せいぎょ,せいぎょ,55-制御.wav,24200,8146.09,0,0.852,ffmpeg: gain + limiter + loudnorm + resample to 48k
senmon,,,機能,きのう,きのう,55-機能.wav,24200,6419.04,0,0.685,ffmpeg: gain + limiter + loudnorm + resample to 48k
senmon,,,簡易専用水道,かにせんようすいどう,かにせんようすいどう,55-簡易専用水道.wav,24200,10293.48,0,1.579,ffmpeg: gain + limiter + loudnorm + resample to 48k
senmon,,,検査,けんさ,けんさ,55-検査.wav,24200,7276.04,0,0.708,ffmpeg: gain + limiter + loudnorm + resample to 48k
senmon,,,清掃,せいそう,せいそう,55-清掃.wav,24200,7912.84,0,0.887,ffmpeg: gain + limiter + loudnorm + resample to 48k
senmon,,,義務,ぎむ,ぎむ,55-義務.wav,24200,6288.00,0,0.648,ffmpeg: gain + limiter + loudnorm + resample to 48k
senmon,,,通気口,つうきこう,つうきこう,55-通気口.wav,24200,6677.20,0,0.982,ffmpeg: gain + limiter + loudnorm + resample to 48k
senmon,,,マンホール,マンホール,マンホール,55-マンホール.wav,24200,8254.51,0,0.857,ffmpeg: gain + limiter + loudnorm + resample to 48k
senmon,,,電極座,でんきょくざ,でんきょくざ,55-電極座.wav,24200,8610.52,0,0.992,ffmpeg: gain + limiter + loudnorm + resample to 48k
senmon,,,電極棒,でんきょくぼう,でんきょくぼう,55-電極棒.wav,24200,9275.18,0,1.105,ffmpeg: gain + limiter + loudnorm + resample to 48k
senmon,,,梯子,はしご,はしご,55-梯子.wav,24200,5664.54,0,0.814,ffmpeg: gain + limiter + loudnorm + resample to 48k
senmon,,,オーバーフロー管,オーバーフロー管,オーバーフロー管,55-オーバーフロー管.wav,24200,10439.47,0,1.275,ffmpeg: gain + limiter + loudnorm + resample to 48k
senmon,,,防虫網,ぼうちゅうもう,ぼうちゅうもう,55-防虫網.wav,24200,10794.36,0,1.073,ffmpeg: gain + limiter + loudnorm + resample to 48k
senmon,,,給水管各階へ給水,きゅうすいかんかくかいへきゅうすい,きゅうすいかんかくかいへきゅうすい,55-給水管各階へ給水.wav,24200,9881.37,0,2.264,ffmpeg: gain + limiter + loudnorm + resample to 48k
senmon,,,揚水管,ようすいかん,ようすいかん,55-揚水管.wav,24200,9016.01,0,1.042,ffmpeg: gain + limiter + loudnorm + resample to 48k
senmon,,,揚水ポンプより,ようすいポンプより,ようすいポンプより,55-揚水ポンプより.wav,24200,10544.84,0,1.474,ffmpeg: gain + limiter + loudnorm + resample to 48k
senmon,,,水抜き穴,みずぬきあな,みずぬきあな,55-水抜き穴.wav,24200,8849.38,0,1.090,ffmpeg: gain + limiter + loudnorm + resample to 48k
senmon,,,構造,こうぞう,こうぞう,55-構造.wav,24200,8264.22,0,0.860,ffmpeg: gain + limiter + loudnorm + resample to 48k
senmon,,,揚水ユニットより,ようすいユニットより,ようすいユニットより,55-揚水ユニットより.wav,24200,10513.09,0,1.548,ffmpeg: gain + limiter + loudnorm + resample to 48k
senmon,,,制御盤,せいぎょばん,せいぎょばん,55-制御盤.wav,24200,8719.51,0,1.055,ffmpeg: gain + limiter + loudnorm + resample to 48k
senmon,,,定水位弁,ていすいいべん,ていすいいべん,55-定水位弁.wav,24200,9247.91,0,1.127,ffmpeg: gain + limiter + loudnorm + resample to 48k
senmon,,,ボールタップ,ボールタップ,ボールタップ,55-ボールタップ.wav,24200,8868.41,0,1.072,ffmpeg: gain + limiter + loudnorm + resample to 48k
senmon,,,原理,げんり,げんり,57-原理.wav,24200,9029.91,0,0.689,ffmpeg: gain + limiter + loudnorm + resample to 48k
senmon,,,羽根車,はねしゃ,はねしゃ,57-羽根車.wav,24200,6679.11,0,0.824,ffmpeg: gain + limiter + loudnorm + resample to 48k
senmon,,,使用用途,しようようと,しようようと,57-使用用途.wav,24200,10829.71,0,1.104,ffmpeg: gain + limiter + loudnorm + resample to 48k
senmon,,,振動,しんどう,しんどう,57-振動.wav,24200,7405.63,0,0.871,ffmpeg: gain + limiter + loudnorm + resample to 48k
senmon,,,委託,いたく,いたく,57-委託.wav,24200,5420.52,0,0.743,ffmpeg: gain + limiter + loudnorm + resample to 48k
senmon,,,圧力計,あつりょくけい,あつりょくけい,57-圧力計.wav,24200,7221.19,0,1.105,ffmpeg: gain + limiter + loudnorm + resample to 48k
senmon,,,電流計,でんりゅうけい,でんりゅうけい,57-電流計.wav,24200,9573.42,0,1.105,ffmpeg: gain + limiter + loudnorm + resample to 48k
senmon,,,給水栓,きゅうすいせん,きゅうすいせん,59-給水栓.wav,24200,8047.38,0,1.084,ffmpeg: gain + limiter + loudnorm + resample to 48k
senmon,,,末端,まったん,まったん,59-末端.wav,24200,5210.81,0,0.825,ffmpeg: gain + limiter + loudnorm + resample to 48k
senmon,,,青銅,せいどう,せいどう,59-青銅.wav,24200,8992.91,0,0.820,ffmpeg: gain + limiter + loudnorm + resample to 48k
senmon,,,銅合金,どうごうきん,どうごうきん,59-銅合金.wav,24200,9774.25,0,1.120,ffmpeg: gain + limiter + loudnorm + resample to 48k
senmon,,,金属製,きんぞくせい,きんぞくせい,59-金属製.wav,24200,7780.72,0,1.104,ffmpeg: gain + limiter + loudnorm + resample to 48k
senmon,,,単水栓,たんすいせん,たんすいせん,59-単水栓.wav,24200,7686.36,0,1.121,ffmpeg: gain + limiter + loudnorm + resample to 48k
senmon,,,構造,こうぞう,こうぞう,59-構造.wav,24200,8264.22,0,0.860,ffmpeg: gain + limiter + loudnorm + resample to 48k
senmon,,,混合栓,こんごうせん,こんごうせん,59-混合栓.wav,24200,9829.25,0,1.118,ffmpeg: gain + limiter + loudnorm + resample to 48k
senmon,,,大便器,だいべんき,だいべんき,61-大便器.wav,24200,8714.91,0,0.995,ffmpeg: gain + limiter + loudnorm + resample to 48k
senmon,,,和式,わしき,わしき,61-和式.wav,24200,4694.77,0,0.827,ffmpeg: gain + limiter + loudnorm + resample to 48k
senmon,,,洋式,ようしき,ようしき,61-洋式.wav,24200,7352.02,0,0.946,ffmpeg: gain + limiter + loudnorm + resample to 48k
senmon,,,分類,ぶんるい,ぶんるい,61-分類.wav,24200,7828.36,0,0.758,ffmpeg: gain + limiter + loudnorm + resample to 48k
senmon,,,便器,べんき,べんき,61-便器.wav,24200,6572.97,0,0.743,ffmpeg: gain + limiter + loudnorm + resample to 48k
senmon,,,洗浄,せんじょう,せんじょう,61-洗浄.wav,24200,7923.56,0,0.880,ffmpeg: gain + limiter + loudnorm + resample to 48k
senmon,,,洗浄弁,せんじょうべん,せんじょうべん,61-洗浄弁.wav,24200,9479.64,0,1.113,ffmpeg: gain + limiter + loudnorm + resample to 48k
senmon,,,フラッシュバルブ,フラッシュバルブ,フラッシュバルブ,61-フラッシュバルブ.wav,24200,8222.43,0,1.248,ffmpeg: gain + limiter + loudnorm + resample to 48k
senmon,,,用いる,もちいる,もちいる,61-用いる.wav,24200,6934.92,0,0.854,ffmpeg: gain + limiter + loudnorm + resample to 48k
senmon,,,誤って,あやまって,あやまって,61-誤って.wav,24200,8351.40,0,1.075,ffmpeg: gain + limiter + loudnorm + resample to 48k
senmon,,,異物,いぶつ,いぶつ,61-異物.wav,24200,6675.17,0,0.818,ffmpeg: gain + limiter + loudnorm + resample to 48k
senmon,,,詰まり,つまり,つまり,61-詰まり.wav,24200,5549.22,0,0.824,ffmpeg: gain + limiter + loudnorm + resample to 48k
senmon,,,溶ける,とける,とける,61-溶ける.wav,24200,5240.97,0,0.743,ffmpeg: gain + limiter + loudnorm + resample to 48k
senmon,,,ロータンク,ロータンク,ロータンク,61-ロータンク.wav,24200,7845.13,0,0.949,ffmpeg: gain + limiter + loudnorm + resample to 48k
senmon,,,フロート弁,フロートべん,フロートべん,61-フロート弁.wav,24200,9096.61,0,0.980,ffmpeg: gain + limiter + loudnorm + resample to 48k
senmon,,,ボールタップ,ボールタップ,ボールタップ,61-ボールタップ.wav,24200,8868.41,0,1.072,ffmpeg: gain + limiter + loudnorm + resample to 48k
senmon,,,止水不良,しすいふりょう,しすいふりょう,61-止水不良.wav,24200,7337.87,0,1.156,ffmpeg: gain + limiter + loudnorm + resample to 48k
senmon,,,漏水,ろうすい,ろうすい,61-漏水.wav,24200,8189.04,0,0.840,ffmpeg: gain + limiter + loudnorm + resample to 48k
senmon,,,程度,ていど,ていど,61-程度.wav,24200,7225.37,0,0.659,ffmpeg: gain + limiter + loudnorm + resample to 48k
senmon,,,和風,わふう,わふう,61-和風.wav,24200,5727.00,0,0.709,ffmpeg: gain + limiter + loudnorm + resample to 48k
senmon,,,洋風,ようふう,ようふう,61-洋風.wav,24200,8738.78,0,0.817,ffmpeg: gain + limiter + loudnorm + resample to 48k
senmon,,,洗い出し式,あらいだし式,あらいだし式,61-洗い出し式.wav,24200,8191.50,0,1.260,ffmpeg: gain + limiter + loudnorm + resample to 48k
senmon,,,サイホン式,サイホン式,サイホン式,61-サイホン式.wav,24200,7526.18,0,1.107,ffmpeg: gain + limiter + loudnorm + resample to 48k
senmon,,,サイホンゼット式,サイホンゼット式,サイホンゼット式,61-サイホンゼット式.wav,24200,8714.93,0,1.568,ffmpeg: gain + limiter + loudnorm + resample to 48k
senmon,,,洗い落し式,あらいおとし式,あらいおとし式,61-洗い落し式.wav,24200,9574.27,0,1.444,ffmpeg: gain + limiter + loudnorm + resample to 48k
senmon,,,浮球,うきだま,うきだま,61-浮球.wav,24200,7325.19,0,0.814,ffmpeg: gain + limiter + loudnorm + resample to 48k
senmon,,,浮球指示棒,うきだましじぼう,うきだましじぼう,61-浮球指示棒.wav,24200,8379.37,0,1.362,ffmpeg: gain + limiter + loudnorm + resample to 48k
senmon,,,鎖,くさり,くさり,61-鎖.wav,24200,3642.06,0,0.742,ffmpeg: gain + limiter + loudnorm + resample to 48k
senmon,,,止水戦,しすいせん,しすいせん,61-止水戦.wav,24200,5660.37,0,1.084,ffmpeg: gain + limiter + loudnorm + resample to 48k
senmon,,,給水弁,きゅうすいべん,きゅうすいべん,61-給水弁.wav,24200,8814.35,0,1.042,ffmpeg: gain + limiter + loudnorm + resample to 48k
senmon,,,流量調節弁,りゅうりょうちょうせつべん,りゅうりょうちょうせつべん,61-流量調節弁.wav,24200,11102.96,0,1.719,ffmpeg: gain + limiter + loudnorm + resample to 48k
senmon,,,小便器,しょうべんき,しょうべんき,63-小便器.wav,24200,9095.95,0,1.052,ffmpeg: gain + limiter + loudnorm + resample to 48k
senmon,,,壁掛式,かべかけしき,かべかけしき,63-壁掛式.wav,24200,7155.24,0,1.263,ffmpeg: gain + limiter + loudnorm + resample to 48k
senmon,,,床置式,ゆかちしき,ゆかちしき,63-床置式.wav,24200,6046.90,0,1.107,ffmpeg: gain + limiter + loudnorm + resample to 48k
senmon,,,陶製,とうせい,とうせい,63-陶製.wav,24200,7841.97,0,0.825,ffmpeg: gain + limiter + loudnorm + resample to 48k
senmon,,,排水,はいすい,はいすい,63-排水.wav,24200,6173.96,0,0.828,ffmpeg: gain + limiter + loudnorm + resample to 48k
senmon,,,壁掛形,かべかけがた,かべかけがた,63-壁掛形.wav,24200,8048.23,0,1.241,ffmpeg: gain + limiter + loudnorm + resample to 48k
senmon,,,本体,ほんたい,ほんたい,63-本体.wav,24200,5946.06,0,0.812,ffmpeg: gain + limiter + loudnorm + resample to 48k
senmon,,,一体型,いったいがた,いったいがた,63-一体型.wav,24200,8903.85,0,1.084,ffmpeg: gain + limiter + loudnorm + resample to 48k
senmon,,,一体,いったい,いったい,63-一体.wav,24200,5457.89,0,0.759,ffmpeg: gain + limiter + loudnorm + resample to 48k
senmon,,,構造,こうぞう,こうぞう,63-構造.wav,24200,8264.22,0,0.860,ffmpeg: gain + limiter + loudnorm + resample to 48k
senmon,,,除去,じょきょ,じょきょ,63-除去.wav,24200,6185.95,0,0.676,ffmpeg: gain + limiter + loudnorm + resample to 48k
senmon,,,洗浄水不足,せんじょうすいぶそく,せんじょうすいぶそく,63-洗浄水不足.wav,24200,9808.14,0,1.646,ffmpeg: gain + limiter + loudnorm + resample to 48k
senmon,,,尿石,にょうせき,にょうせき,63-尿石.wav,24200,8469.94,0,0.955,ffmpeg: gain + limiter + loudnorm + resample to 48k
senmon,,,塩類,えんるい,えんるい,63-塩類.wav,24200,8922.28,0,0.751,ffmpeg: gain + limiter + loudnorm + resample to 48k
senmon,,,固まる,かたまる,かたまる,63-固まる.wav,24200,6956.75,0,0.879,ffmpeg: gain + limiter + loudnorm + resample to 48k
senmon,,,こびりつき,こびりつき,こびりつき,63-こびりつき.wav,24200,7071.90,0,1.077,ffmpeg: gain + limiter + loudnorm + resample to 48k
senmon,,,目隠し,めかくし,めかくし,63-目隠し.wav,24200,5466.94,0,0.984,ffmpeg: gain + limiter + loudnorm + resample to 48k
senmon,,,袖,そで,そで,63-袖.wav,24200,5565.75,0,0.655,ffmpeg: gain + limiter + loudnorm + resample to 48k
senmon,,,上図,じょうず,じょうず,63-上図.wav,24200,6642.20,0,0.812,ffmpeg: gain + limiter + loudnorm + resample to 48k
senmon,,,常に,つねに,つねに,63-常に.wav,24200,5842.35,0,0.816,ffmpeg: gain + limiter + loudnorm + resample to 48k
senmon,,,清潔,せいけつ,せいけつ,63-清潔.wav,24200,7066.80,0,1.071,ffmpeg: gain + limiter + loudnorm + resample to 48k
senmon,,,保ち,たもち,たもち,63-保ち.wav,24200,6899.02,0,0.821,ffmpeg: gain + limiter + loudnorm + resample to 48k
senmon,,,不快感,ふかいかん,ふかいかん,63-不快感.wav,24200,6268.50,0,0.928,ffmpeg: gain + limiter + loudnorm + resample to 48k
senmon,,,接続,せつぞく,せつぞく,63-接続.wav,24200,5790.94,0,0.998,ffmpeg: gain + limiter + loudnorm + resample to 48k
senmon,,,維持,いじ,いじ,63-維持.wav,24200,5512.11,0,0.597,ffmpeg: gain + limiter + loudnorm + resample to 48k
senmon,,,記しる,しるす,しるす,63-記しる.wav,24200,4832.09,0,0.860,ffmpeg: gain + limiter + loudnorm + resample to 48k
senmon,,,適正,てきせい,てきせい,63-適正.wav,24200,5257.04,0,0.844,ffmpeg: gain + limiter + loudnorm + resample to 48k
senmon,,,洗浄,せんじょう,せんじょう,63-洗浄.wav,24200,7923.56,0,0.880,ffmpeg: gain + limiter + loudnorm + resample to 48k
senmon,,,水量,すいりょう,すいりょう,63-水量.wav,24200,7512.21,0,0.860,ffmpeg: gain + limiter + loudnorm + resample to 48k
senmon,,,務める,つとめる,つとめる,63-務める.wav,24200,6145.59,0,0.856,ffmpeg: gain + limiter + loudnorm + resample to 48k
senmon,,,自動洗浄,じどうせんじょう,じどうせんじょう,63-自動洗浄.wav,24200,9948.07,0,1.253,ffmpeg: gain + limiter + loudnorm + resample to 48k
senmon,,,調節スピンドル,ちょうせつスピンドル,ちょうせつスピンドル,63-調節スピンドル.wav,24200,9009.92,0,1.546,ffmpeg: gain + limiter + loudnorm + resample to 48k
senmon,,,チャッキスピンドル,チャッキスピンドル,チャッキスピンドル,63-チャッキスピンドル.wav,24200,7769.59,0,1.407,ffmpeg: gain + limiter + loudnorm + resample to 48k
senmon,,,本体カバー,ほんたいカバー,ほんたいカバー,63-本体カバー.wav,24200,9663.59,0,1.311,ffmpeg: gain + limiter + loudnorm + resample to 48k
senmon,,,カバー下パッキン,カバーしたパッキン,カバーしたパッキン,63-カバー下パッキン.wav,24200,7618.92,0,1.520,ffmpeg: gain + limiter + loudnorm + resample to 48k
senmon,,,ピストン部,ピストンぶ,ピストンぶ,63-ピストン部.wav,24200,5740.55,0,0.980,ffmpeg: gain + limiter + loudnorm + resample to 48k
senmon,,,スプリング,スプリング,スプリング,63-スプリング.wav,24200,6130.06,0,0.999,ffmpeg: gain + limiter + loudnorm + resample to 48k
senmon,,,フラッシュバルプ本体,フラッシュバルブほんたい,フラッシュバルブほんたい,63-フラッシュバルプ本体.wav,24200,9338.46,0,1.763,ffmpeg: gain + limiter + loudnorm + resample to 48k
senmon,,,給湯器,きゅうとうき,きゅうとうき,65-給湯器.wav,24200,8083.80,0,0.972,ffmpeg: gain + limiter + loudnorm + resample to 48k
senmon,,,加熱器,かねつき,かねつき,65-加熱器.wav,24200,6522.93,0,0.978,ffmpeg: gain + limiter + loudnorm + resample to 48k
senmon,,,加熱,かねつ,かねつ,65-加熱.wav,24200,6424.21,0,0.874,ffmpeg: gain + limiter + loudnorm + resample to 48k
senmon,,,入浴用,にゅうよくよう,にゅうよくよう,65-入浴用.wav,24200,11212.27,0,1.097,ffmpeg: gain + limiter + loudnorm + resample to 48k
senmon,,,大型温水機器,おおがたおんすいきき,おおがたおんすいきき,65-大型温水機器.wav,24200,10668.49,0,1.549,ffmpeg: gain + limiter + loudnorm + resample to 48k
senmon,,,容量,ようりょう,ようりょう,65-容量.wav,24200,8792.74,0,0.835,ffmpeg: gain + limiter + loudnorm + resample to 48k
senmon,,,瞬間湯沸器,しゅんかんゆわかしき,しゅんかんゆわかしき,65-瞬間湯沸器.wav,24200,9149.61,0,1.610,ffmpeg: gain + limiter + loudnorm + resample to 48k
senmon,,,小型電気温水器,こがたでんきおんすいき,こがたでんきおんすいき,65-小型電気温水器.wav,24200,10112.76,0,1.767,ffmpeg: gain + limiter + loudnorm + resample to 48k
senmon,,,貯湯式電気温水器,ちょとうしきでんきおんすいき,ちょとうしきでんきおんすいき,65-貯湯式電気温水器.wav,24200,9893.44,0,1.941,ffmpeg: gain + limiter + loudnorm + resample to 48k
senmon,,,中小規模施設,ちゅうしょうきぼしせつ,ちゅうしょうきぼしせつ,65-中小規模施設.wav,24200,8503.28,0,1.795,ffmpeg: gain + limiter + loudnorm + resample to 48k
senmon,,,湯沸器,ゆわかしき,ゆわかしき,65-湯沸器.wav,24200,7762.86,0,1.058,ffmpeg: gain + limiter + loudnorm + resample to 48k
senmon,,,爆発,ばくはつ,ばくはつ,65-爆発.wav,24200,5127.76,0,0.995,ffmpeg: gain + limiter + loudnorm + resample to 48k
senmon,,,換気不足,かんきぶそく,かんきぶそく,65-換気不足.wav,24200,7524.81,0,1.207,ffmpeg: gain + limiter + loudnorm + resample to 48k
senmon,,,惨事,さんじ,さんじ,65-惨事.wav,24200,7382.40,0,0.810,ffmpeg: gain + limiter + loudnorm + resample to 48k
senmon,,,操作,そうさ,そうさ,65-操作.wav,24200,6904.46,0,0.812,ffmpeg: gain + limiter + loudnorm + resample to 48k
senmon,,,不調,ふちょう,ふちょう,65-不調.wav,24200,4695.96,0,0.756,ffmpeg: gain + limiter + loudnorm + resample to 48k
senmon,,,ガス瞬間湯沸器,ガスしゅんかんゆわかしき,ガスしゅんかんゆわかしき,65-ガス瞬間湯沸器.wav,24200,9065.81,0,1.888,ffmpeg: gain + limiter + loudnorm + resample to 48k
senmon,,,電気温水器,でんきおんすいき,でんきおんすいき,65-電気温水器.wav,24200,9824.85,0,1.369,ffmpeg: gain + limiter + loudnorm + resample to 48k
senmon,,,ヒートポンプ式給湯器,ヒートポンプしききゅうとうき,ヒートポンプしききゅうとうき,65-ヒートポンプ式給湯器.wav,24200,8536.01,0,2.007,ffmpeg: gain + limiter + loudnorm + resample to 48k
senmon,,,小型電気瞬間給湯器,こがたでんきしゅんかんきゅうとうき,こがたでんきしゅんかんきゅうとうき,65-小型電気瞬間給湯器.wav,24200,9933.31,0,2.268,ffmpeg: gain + limiter + loudnorm + resample to 48k
senmon,,,排水設備,はいすいせつび,はいすいせつび,67-排水設備.wav,24200,7658.08,0,1.243,ffmpeg: gain + limiter + loudnorm + resample to 48k
senmon,,,水洗トイレ,すいせんといれ,すいせんといれ,67-水洗トイレ.wav,24200,8708.35,0,1.247,ffmpeg: gain + limiter + loudnorm + resample to 48k
senmon,,,汚水,おすい,おすい,67-汚水.wav,24200,5675.79,0,0.688,ffmpeg: gain + limiter + loudnorm + resample to 48k
senmon,,,手洗器,てあらいき,てあらいき,67-手洗器.wav,24200,8842.74,0,0.954,ffmpeg: gain + limiter + loudnorm + resample to 48k
senmon,,,厨房,ちゅうぼう,ちゅうぼう,67-厨房.wav,24200,8040.91,0,0.832,ffmpeg: gain + limiter + loudnorm + resample to 48k
senmon,,,雑排水,ざつはいすい,ざつはいすい,67-雑排水.wav,24200,7152.96,0,1.170,ffmpeg: gain + limiter + loudnorm + resample to 48k
senmon,,,屋根,やね,やね,67-屋根.wav,24200,6751.20,0,0.651,ffmpeg: gain + limiter + loudnorm + resample to 48k
senmon,,,敷地内,しきちない,しきちない,67-敷地内.wav,24200,4978.19,0,1.002,ffmpeg: gain + limiter + loudnorm + resample to 48k
senmon,,,下水道管,げすいどうかん,げすいどうかん,67-下水道管.wav,24200,9316.33,0,1.155,ffmpeg: gain + limiter + loudnorm + resample to 48k
senmon,,,屋内,おくない,おくない,67-屋内.wav,24200,7966.01,0,0.753,ffmpeg: gain + limiter + loudnorm + resample to 48k
senmon,,,通気管,つうきかん,つうきかん,67-通気管.wav,24200,5867.15,0,0.979,ffmpeg: gain + limiter + loudnorm + resample to 48k
senmon,,,阻集器,そしゅうき,そしゅうき,67-阻集器.wav,24200,6465.54,0,0.951,ffmpeg: gain + limiter + loudnorm + resample to 48k
senmon,,,排水桝,はいすいます,はいすいます,67-排水桝.wav,24200,7878.53,0,1.205,ffmpeg: gain + limiter + loudnorm + resample to 48k
senmon,,,埋設排水管,まいせつはいすいかん,まいせつはいすいかん,67-埋設排水管.wav,24200,9343.32,0,1.688,ffmpeg: gain + limiter + loudnorm + resample to 48k
senmon,,,側溝,そこう,そこう,67-側溝.wav,24200,5910.38,0,0.748,ffmpeg: gain + limiter + loudnorm + resample to 48k
senmon,,,整備,せいび,せいび,67-整備.wav,24200,7605.79,0,0.788,ffmpeg: gain + limiter + loudnorm + resample to 48k
senmon,,,地域,ちいき,ちいき,67-地域.wav,24200,6101.61,0,0.814,ffmpeg: gain + limiter + loudnorm + resample to 48k
senmon,,,合流方式,ごうりゅうほうしき,ごうりゅうほうしき,67-合流方式.wav,24200,9892.48,0,1.354,ffmpeg: gain + limiter + loudnorm + resample to 48k
senmon,,,分流方式,ぶんりゅうほうしき,ぶんりゅうほうしき,67-分流方式.wav,24200,9974.25,0,1.311,ffmpeg: gain + limiter + loudnorm + resample to 48k
senmon,,,臭い,くさい,くさい,67-臭い.wav,24200,4151.92,0,0.741,ffmpeg: gain + limiter + loudnorm + resample to 48k
senmon,,,害虫,がいちゅう,がいちゅう,67-害虫.wav,24200,7388.31,0,0.880,ffmpeg: gain + limiter + loudnorm + resample to 48k
senmon,,,侵入,しんにゅう,しんにゅう,67-侵入.wav,24200,7859.82,0,0.947,ffmpeg: gain + limiter + loudnorm + resample to 48k
senmon,,,混入,こんにゅう,こんにゅう,67-混入.wav,24200,8689.82,0,0.926,ffmpeg: gain + limiter + loudnorm + resample to 48k
senmon,,,防止する,ぼうしする,ぼうしする,67-防止する.wav,24200,8072.16,0,1.019,ffmpeg: gain + limiter + loudnorm + resample to 48k
senmon,,,阻害,そがい,そがい,67-阻害.wav,24200,6777.22,0,0.743,ffmpeg: gain + limiter + loudnorm + resample to 48k
senmon,,,維持管理,いじかんり,いじかんり,67-維持管理.wav,24200,7742.22,0,0.931,ffmpeg: gain + limiter + loudnorm + resample to 48k
senmon,,,補修,ほしゅ,ほしゅ,67-補修.wav,24200,3459.48,0,0.676,ffmpeg: gain + limiter + loudnorm + resample to 48k
senmon,,,洗面器,せんめんき,せんめんき,67-洗面器.wav,24200,8889.29,0,1.027,ffmpeg: gain + limiter + loudnorm + resample to 48k
senmon,,,横引き管,よこびきかん,よこびきかん,67-横引き管.wav,24200,7951.09,0,1.117,ffmpeg: gain + limiter + loudnorm + resample to 48k
senmon,,,立て管,たてかん,たてかん,67-立て管.wav,24200,6353.50,0,0.823,ffmpeg: gain + limiter + loudnorm + resample to 48k
senmon,,,通気管,つうきかん,つうきかん,67-通気管.wav,24200,5867.15,0,0.979,ffmpeg: gain + limiter + loudnorm + resample to 48k
senmon,,,床排水,ゆかはいすい,ゆかはいすい,67-床排水.wav,24200,7570.82,0,1.114,ffmpeg: gain + limiter + loudnorm + resample to 48k
senmon,,,公共下水道,こうきょうげすいどう,こうきょうげすいどう,67-公共下水道.wav,24200,10329.31,0,1.499,ffmpeg: gain + limiter + loudnorm + resample to 48k
senmon,,,排水桝,はいすいます,はいすいます,67-排水桝.wav,24200,7878.53,0,1.205,ffmpeg: gain + limiter + loudnorm + resample to 48k
senmon,,,地下排水層,ちかはいすいそう,ちかはいすいそう,67-地下排水層.wav,24200,7968.13,0,1.367,ffmpeg: gain + limiter + loudnorm + resample to 48k
senmon,,,室内排水設備,しつないはいすいせつび,しつないはいすいせつび,71-室内排水設備.wav,24200,9093.25,0,1.770,ffmpeg: gain + limiter + loudnorm + resample to 48k
senmon,,,系統,けいとう,けいとう,71-系統.wav,24200,8170.71,0,0.820,ffmpeg: gain + limiter + loudnorm + resample to 48k
senmon,,,方式,ほうしき,ほうしき,71-方式.wav,24200,6042.03,0,0.944,ffmpeg: gain + limiter + loudnorm + resample to 48k
senmon,,,重力式,じゅうりょくしき,じゅうりょくしき,71-重力式.wav,24200,8143.13,0,1.164,ffmpeg: gain + limiter + loudnorm + resample to 48k
senmon,,,自然流下式,しぜんりゅうかしき,しぜんりゅうかしき,71-自然流下式.wav,24200,8615.66,0,1.497,ffmpeg: gain + limiter + loudnorm + resample to 48k
senmon,,,低位排水,ていいはいすい,ていいはいすい,71-低位排水.wav,24200,8628.59,0,1.271,ffmpeg: gain + limiter + loudnorm + resample to 48k
senmon,,,破封,はほう,はほう,71-破封.wav,24200,7301.40,0,0.747,ffmpeg: gain + limiter + loudnorm + resample to 48k
senmon,,,悪臭封水,あくしゅうふうすい,あくしゅうふうすい,71-悪臭封水.wav,24200,7524.64,0,1.318,ffmpeg: gain + limiter + loudnorm + resample to 48k
senmon,,,現象,げんしょう,げんしょう,71-現象.wav,24200,7945.59,0,0.912,ffmpeg: gain + limiter + loudnorm + resample to 48k
senmon,,,椀トラップ,わんとらっぷ,わんとらっぷ,71-椀トラップ.wav,24200,8347.73,0,1.159,ffmpeg: gain + limiter + loudnorm + resample to 48k
senmon,,,お椀型,おわんがた,おわんがた,71-お椀型.wav,24200,10205.75,0,0.929,ffmpeg: gain + limiter + loudnorm + resample to 48k
senmon,,,蒸発,じょうはつ,じょうはつ,71-蒸発.wav,24200,7548.18,0,0.981,ffmpeg: gain + limiter + loudnorm + resample to 48k
senmon,,,封水,ふうすい,ふうすい,71-封水.wav,24200,6914.44,0,0.824,ffmpeg: gain + limiter + loudnorm + resample to 48k
senmon,,,缶,かん,かん,71-缶.wav,24200,4518.61,0,0.611,ffmpeg: gain + limiter + loudnorm + resample to 48k
senmon,,,物質,ぶっしつ,ぶっしつ,73-物質.wav,24200,5312.18,0,0.853,ffmpeg: gain + limiter + loudnorm + resample to 48k
senmon,,,除去,じょきょ,じょきょ,73-除去.wav,24200,6185.95,0,0.676,ffmpeg: gain + limiter + loudnorm + resample to 48k
senmon,,,有害,ゆうがい,ゆうがい,73-有害.wav,24200,8086.87,0,0.784,ffmpeg: gain + limiter + loudnorm + resample to 48k
senmon,,,油脂,ゆし,ゆし,73-油脂.wav,24200,5791.21,0,0.688,ffmpeg: gain + limiter + loudnorm + resample to 48k
senmon,,,缶詰まり,かんづまり,かんづまり,73-缶詰まり.wav,24200,8624.86,0,1.008,ffmpeg: gain + limiter + loudnorm + resample to 48k
senmon,,,溜まった,たまった,たまった,73-溜まった.wav,24200,6976.76,0,0.886,ffmpeg: gain + limiter + loudnorm + resample to 48k
senmon,,,細菌,さいきん,さいきん,73-細菌.wav,24200,6746.40,0,0.845,ffmpeg: gain + limiter + loudnorm + resample to 48k
senmon,,,繫殖,はんしょく,はんしょく,73-繫殖.wav,24200,6293.42,0,0.927,ffmpeg: gain + limiter + loudnorm + resample to 48k
senmon,,,温湯源,おんとうげん,おんとうげん,73-温湯源.wav,24200,9403.08,0,0.982,ffmpeg: gain + limiter + loudnorm + resample to 48k
senmon,,,水面,すいめん,すいめん,73-水面.wav,24200,6905.23,0,0.825,ffmpeg: gain + limiter + loudnorm + resample to 48k
senmon,,,浮上,ふじょう,ふじょう,73-浮上.wav,24200,6150.31,0,0.748,ffmpeg: gain + limiter + loudnorm + resample to 48k
senmon,,,捕獲,ほかく,ほかく,73-捕獲.wav,24200,5055.32,0,0.811,ffmpeg: gain + limiter + loudnorm + resample to 48k
senmon,,,受けかご,うけかご,うけかご,73-受けかご.wav,24200,7527.71,0,0.884,ffmpeg: gain + limiter + loudnorm + resample to 48k
senmon,,,スライド板,スライドいた,スライドいた,73-スライド板.wav,24200,9051.64,0,1.121,ffmpeg: gain + limiter + loudnorm + resample to 48k
senmon,,,無害,むがい,むがい,73-無害.wav,24200,6646.01,0,0.660,ffmpeg: gain + limiter + loudnorm + resample to 48k
senmon,,,公共下水,こうきょうげすい,こうきょうげすい,73-公共下水.wav,24200,10023.75,0,1.246,ffmpeg: gain + limiter + loudnorm + resample to 48k
senmon,,,真空式温水ヒーター,しんくうしきおんすいひーた,しんくうしきおんすいひーた,75-真空式温水ヒーター.wav,24200,9875.86,0,1.984,ffmpeg: gain + limiter + loudnorm + resample to 48k
senmon,,,燃焼室,ねんしょうしつ,ねんしょうしつ,75-燃焼室.wav,24200,8342.61,0,1.237,ffmpeg: gain + limiter + loudnorm + resample to 48k
senmon,,,減圧蒸気室,げんあつじょうきしつ,げんあつじょうきしつ,75-減圧蒸気室.wav,24200,9821.46,0,1.696,ffmpeg: gain + limiter + loudnorm + resample to 48k
senmon,,,熱媒水,ねつばいすい,ねつばいすい,75-熱媒水.wav,24200,8140.79,0,1.107,ffmpeg: gain + limiter + loudnorm + resample to 48k
senmon,,,熱交換器,ねつこうかんき,ねつこうかんき,75-熱交換器.wav,24200,8077.42,0,1.200,ffmpeg: gain + limiter + loudnorm + resample to 48k
senmon,,,缶体,かんたい,かんたい,75-缶体.wav,24200,6591.44,0,0.863,ffmpeg: gain + limiter + loudnorm + resample to 48k
senmon,,,真空,しんくう,しんくう,75-真空.wav,24200,5787.73,0,0.889,ffmpeg: gain + limiter + loudnorm + resample to 48k
senmon,,,沸騰,ふっとう,ふっとう,75-沸騰.wav,24200,4504.39,0,0.821,ffmpeg: gain + limiter + loudnorm + resample to 48k
senmon,,,蒸気,じょうき,じょうき,75-蒸気.wav,24200,6153.45,0,0.812,ffmpeg: gain + limiter + loudnorm + resample to 48k
senmon,,,凝縮,ぎょうしゅく,ぎょうしゅく,75-凝縮.wav,24200,7347.54,0,0.992,ffmpeg: gain + limiter + loudnorm + resample to 48k
senmon,,,無圧開放式温水ヒーター,むあつかいほうしきおんすいひーた,むあつかいほうしきおんすいひーた,75-無圧開放式温水ヒーター.wav,24200,10227.87,0,2.302,ffmpeg: gain + limiter + loudnorm + resample to 48k
senmon,,,大気中,たいきちゅう,たいきちゅう,75-大気中.wav,24200,7157.09,0,0.953,ffmpeg: gain + limiter + loudnorm + resample to 48k
senmon,,,解放,かいほう,かいほう,75-解放.wav,24200,7341.30,0,0.853,ffmpeg: gain + limiter + loudnorm + resample to 48k
senmon,,,介して,かいして,かいして,75-介して.wav,24200,7135.30,0,0.852,ffmpeg: gain + limiter + loudnorm + resample to 48k
senmon,,,取り出し温水,とりだしおんすい,とりだしおんすい,75-取り出し温水.wav,24200,9644.55,0,1.288,ffmpeg: gain + limiter + loudnorm + resample to 48k
senmon,,,維持管理,いじかんり,いじかんり,75-維持管理.wav,24200,7742.22,0,0.931,ffmpeg: gain + limiter + loudnorm + resample to 48k
senmon,,,保守契約,ほしゅけいやく,ほしゅけいやく,75-保守契約.wav,24200,7311.41,0,1.210,ffmpeg: gain + limiter + loudnorm + resample to 48k
senmon,,,減圧蒸気室,げんあつじょうきしつ,げんあつじょうきしつ,75-減圧蒸気室.wav,24200,9821.46,0,1.696,ffmpeg: gain + limiter + loudnorm + resample to 48k
senmon,,,都市ガス,としがす,としがす,75-都市ガス.wav,24200,6178.18,0,0.982,ffmpeg: gain + limiter + loudnorm + resample to 48k
senmon,,,燃焼排ガス,ねんしょうはいがす,ねんしょうはいがす,75-燃焼排ガス.wav,24200,10324.02,0,1.528,ffmpeg: gain + limiter + loudnorm + resample to 48k
senmon,,,真空式温水ヒーター,しんくうしきおんすいひーた,しんくうしきおんすいひーた,75-真空式温水ヒーター.wav,24200,9875.86,0,1.984,ffmpeg: gain + limiter + loudnorm + resample to 48k
senmon,,,開放タンク,かいほうたんく,かいほうたんく,75-開放タンク.wav,24200,9308.65,0,1.247,ffmpeg: gain + limiter + loudnorm + resample to 48k
senmon,,,熱媒ポンプ,ねつばいぽんぷ,ねつばいぽんぷ,75-熱媒ポンプ.wav,24200,9611.64,0,1.305,ffmpeg: gain + limiter + loudnorm + resample to 48k
senmon,,,煙室,えんしつ,えんしつ,75-煙室.wav,24200,6715.64,0,0.890,ffmpeg: gain + limiter + loudnorm + resample to 48k
senmon,,,吸収式冷温水発生機,きゅうしゅうしきれいおんすいはっせいき,きゅうしゅうしきれいおんすいはっせいき,77-吸収式冷温水発生機.wav,24200,9717.74,0,2.517,ffmpeg: gain + limiter + loudnorm + resample to 48k
senmon,,,百貨店,ひゃっかてん,ひゃっかてん,77-百貨店.wav,24200,6048.43,0,0.976,ffmpeg: gain + limiter + loudnorm + resample to 48k
senmon,,,空調時間,くうちょうじかん,くうちょうじかん,77-空調時間.wav,24200,9163.58,0,1.363,ffmpeg: gain + limiter + loudnorm + resample to 48k
senmon,,,発揮,はっき,はっき,77-発揮.wav,24200,3573.75,0,0.819,ffmpeg: gain + limiter + loudnorm + resample to 48k
senmon,,,冷暖房措置,れいだんぼうそち,れいだんぼうそち,77-冷暖房措置.wav,24200,11046.50,0,1.397,ffmpeg: gain + limiter + loudnorm + resample to 48k
senmon,,,メジャーな方式,メジャーなほうしき,メジャーなほうしき,77-メジャーな方式.wav,24200,9983.08,0,1.481,ffmpeg: gain + limiter + loudnorm + resample to 48k
senmon,,,気化熱,きかねつ,きかねつ,77-気化熱.wav,24200,5666.84,0,0.955,ffmpeg: gain + limiter + loudnorm + resample to 48k
senmon,,,吸収液,きゅうしゅうえき,きゅうしゅうえき,77-吸収液.wav,24200,9032.17,0,1.109,ffmpeg: gain + limiter + loudnorm + resample to 48k
senmon,,,臭化,しゅうか,しゅうか,77-臭化.wav,24200,6883.02,0,0.828,ffmpeg: gain + limiter + loudnorm + resample to 48k
senmon,,,フロン,フロン,フロン,77-フロン.wav,24200,8671.58,0,0.660,ffmpeg: gain + limiter + loudnorm + resample to 48k
senmon,,,目処に,もどに,もどに,77-目処に.wav,24200,8308.24,0,0.762,ffmpeg: gain + limiter + loudnorm + resample to 48k
senmon,,,オーパーホール,オーパーホール,オーパーホール,77-オーパーホール.wav,24200,9139.06,0,1.082,ffmpeg: gain + limiter + loudnorm + resample to 48k
senmon,,,水蒸器,すいじょうき,すいじょうき,77-水蒸器.wav,24200,8311.37,0,0.990,ffmpeg: gain + limiter + loudnorm + resample to 48k
senmon,,,機内圧力,きないあつりょく,きないあつりょく,77-機内圧力.wav,24200,9229.59,0,1.360,ffmpeg: gain + limiter + loudnorm + resample to 48k
senmon,,,臭化リチウム溶液,しゅうかりちうむようえき,しゅうかりちうむようえき,77-臭化リチウム溶液.wav,24200,10582.18,0,1.790,ffmpeg: gain + limiter + loudnorm + resample to 48k
senmon,,,ガス吸収式冷温水発生機,ガスきゅうしゅうしきれいおんすいはっせいき,ガスきゅうしゅうしきれいおんすいはっせいき,77-ガス吸収式冷温水発生機.wav,24200,9701.34,0,2.799,ffmpeg: gain + limiter + loudnorm + resample to 48k
senmon,,,通る,とおる,とおる,77-通る.wav,24200,7417.97,0,0.661,ffmpeg: gain + limiter + loudnorm + resample to 48k
senmon,,,再生,さいせい,さいせい,77-再生.wav,24200,6457.04,0,0.878,ffmpeg: gain + limiter + loudnorm + resample to 48k
senmon,,,薄い,うすい,うすい,77-薄い.wav,24200,5575.83,0,0.693,ffmpeg: gain + limiter + loudnorm + resample to 48k
senmon,,,加熱,かねつ,かねつ,77-加熱.wav,24200,6424.21,0,0.874,ffmpeg: gain + limiter + loudnorm + resample to 48k
senmon,,,水分,すいぶん,すいぶん,77-水分.wav,24200,7216.16,0,0.822,ffmpeg: gain + limiter + loudnorm + resample to 48k
senmon,,,蒸発,じょうはつ,じょうはつ,77-蒸発.wav,24200,7548.18,0,0.981,ffmpeg: gain + limiter + loudnorm + resample to 48k
senmon,,,濃縮,のうしゅく,のうしゅく,77-濃縮.wav,24200,6929.48,0,0.956,ffmpeg: gain + limiter + loudnorm + resample to 48k
senmon,,,濃い,こい,こい,77-濃い.wav,24200,6262.10,0,0.591,ffmpeg: gain + limiter + loudnorm + resample to 48k
senmon,,,吸収液,きゅうしゅうえき,きゅうしゅうえき,77-吸収液.wav,24200,9032.17,0,1.109,ffmpeg: gain + limiter + loudnorm + resample to 48k
senmon,,,冷却水,れいきゃくすい,れいきゃくすい,77-冷却水.wav,24200,8745.21,0,1.105,ffmpeg: gain + limiter + loudnorm + resample to 48k
senmon,,,冷却塔,れいきゃくとう,れいきゃくとう,77-冷却塔.wav,24200,9458.30,0,1.074,ffmpeg: gain + limiter + loudnorm + resample to 48k
senmon,,,空調機,くうちょうき,くうちょうき,77-空調機.wav,24200,7764.12,0,1.070,ffmpeg: gain + limiter + loudnorm + resample to 48k
senmon,,,室内機,しつないき,しつないき,77-室内機.wav,24200,6932.01,0,1.001,ffmpeg: gain + limiter + loudnorm + resample to 48k
senmon,,,凝縮,ぎょうしゅく,ぎょうしゅく,77-凝縮.wav,24200,7347.54,0,0.992,ffmpeg: gain + limiter + loudnorm + resample to 48k
senmon,,,繰り返す,くりかえす,くりかえす,77-繰り返す.wav,24200,7026.61,0,1.107,ffmpeg: gain + limiter + loudnorm + resample to 48k
senmon,,,冷房,れいぼう,れいぼう,77-冷房.wav,24200,9335.34,0,0.811,ffmpeg: gain + limiter + loudnorm + resample to 48k
senmon,,,吸収,きゅうしゅう,きゅうしゅう,77-吸収.wav,24200,8095.50,0,0.832,ffmpeg: gain + limiter + loudnorm + resample to 48k
senmon,,,冷水,れいすい,れいすい,77-冷水.wav,24200,8345.62,0,0.825,ffmpeg: gain + limiter + loudnorm + resample to 48k
senmon,,,真空,しんくう,しんくう,77-真空.wav,24200,5787.73,0,0.889,ffmpeg: gain + limiter + loudnorm + resample to 48k
senmon,,,冷凍,れいとう,れいとう,77-冷凍.wav,24200,9184.79,0,0.786,ffmpeg: gain + limiter + loudnorm + resample to 48k
