漢字;Romaji;Cara Baca;インドネシア語;第～週;～日目;Hari ke-;Furigana Map
駐車;chūsha;ちゅうしゃ;parkir;第1週;1日目;Hari ke-1;駐:ちゅう|車:しゃ
駐車場;chūshajō;ちゅうしゃじょう;tempat parkir;第1週;1日目;Hari ke-1;駐:ちゅう|車:しゃ|場:じょう
無休;mukyū;むきゅう;tidak libur;第1週;1日目;Hari ke-1;無:む|休:きゅう
無理（な）;muri (na);むり（な）;tidak mungkin;第1週;1日目;Hari ke-1;無:む|理:り
無料;muryō;むりょう;gratis;第1週;1日目;Hari ke-1;無:む|料:りょう
無い;nai;ない;tidak ada;第1週;1日目;Hari ke-1;無:な
満車;mansha;まんしゃ;penuh mobil;第1週;1日目;Hari ke-1;満:まん|車:しゃ
満員;man'in;まんいん;penuh orang;第1週;1日目;Hari ke-1;満:まん|員:いん
不満;fuman;ふまん;tidak puas;第1週;1日目;Hari ke-1;不:ふ|満:まん
向こう;mukō;むこう;sebelah sana;第1週;1日目;Hari ke-1;向:む
向かう;mukau;むかう;menuju, menghadap;第1週;1日目;Hari ke-1;向:む
~向き;~muki;~むき;cocok untuk...;第1週;1日目;Hari ke-1;向:む
方向;hōkō;ほうこう;arah;第1週;1日目;Hari ke-1;方:ほう|向:こう
関する;kansuru;かんする;mengenai;第1週;1日目;Hari ke-1;関:かん
関心;kanshin;かんしん;minat, ketertarikan;第1週;1日目;Hari ke-1;関:かん|心:しん
関係;kankei;かんけい;hubungan;第1週;1日目;Hari ke-1;関:かん|係:けい
係;kakari;かかり;petugas;第1週;1日目;Hari ke-1;係:かかり
禁止;kinshi;きんし;larangan;第1週;1日目;Hari ke-1;禁:きん|止:し
断る;kotowaru;ことわる;menolak;第1週;1日目;Hari ke-1;断:ことわ
無断;mudan;むだん;tanpa izin;第1週;1日目;Hari ke-1;無:む|断:だん
断水;dansui;だんすい;supply air mati, pemadaman air;第1週;1日目;Hari ke-1;断:だん|水:すい
確かめる;tashikameru;たしかめる;memastikan;第1週;2日目;Hari ke-2;確:たし
確か（な）;tashika (na);たしか（な）;pasti (benar);第1週;2日目;Hari ke-2;確:たし
正確;seikaku;せいかく;tepat, akurat;第1週;2日目;Hari ke-2;正:せい|確:かく
認める;mitomeru;みとめる;mengakui, mengenali;第1週;2日目;Hari ke-2;認:みと
確認;kakunin;かくにん;konfirmasi;第1週;2日目;Hari ke-2;確:かく|認:にん
横;yoko;よこ;samping;第1週;2日目;Hari ke-2;横:よこ
横断;ōdan;おうだん;menyeberang;第1週;2日目;Hari ke-2;横:おう|断:だん
横断歩道;ōdanhodō;おうだんほどう;zebra cross, penyeberangan;第1週;2日目;Hari ke-2;横:おう|断:だん|歩:ほ|道:どう
押す;osu;おす;mendorong, menekan;第1週;2日目;Hari ke-2;押:お
押さえる;osaeru;おさえる;menekan, menahan;第1週;2日目;Hari ke-2;押:お
押入れ;oshīre;おしいれ;lemari oshiire;第1週;2日目;Hari ke-2;押:おし|入:い
入学式;nyūgaku shiki;にゅうがくしき;upacara masuk sekolah;第1週;2日目;Hari ke-2;入:にゅう|学:がく|式:しき
数式;sūshiki;すうしき;rumus;第1週;2日目;Hari ke-2;数:すう|式:しき
押しボタン式;oshibotanshiki;おしボタンしき;dengan cara menekan tombol;第1週;2日目;Hari ke-2;押:おしボタン|式:しき
飛ぶ;tobu;とぶ;terbang;第1週;2日目;Hari ke-2;飛:と
飛行場;hikōjō;ひこうじょう;bandara, lapangan terbang;第1週;2日目;Hari ke-2;飛:ひ|行:こう|場:じょう
信じる;shinjiru;しんじる;percaya, mempercayai;第1週;2日目;Hari ke-2;信:しん
送信;sōshin;そうしん;mengirim;第1週;2日目;Hari ke-2;送:そう|信:しん
自信;jishin;じしん;percaya diri;第1週;2日目;Hari ke-2;自:じ|信:しん
信用;shinyō;しんよう;kepercayaan, trust;第1週;2日目;Hari ke-2;信:しん|用:よう
信号;shingō;しんごう;lampu lalu lintas;第1週;2日目;Hari ke-2;信:しん|号:ごう
〜号車;~gōsha;〜ごうしゃ;nomor kereta;第1週;2日目;Hari ke-2;号:〜ごう|車:しゃ
非常に;hijōni;ひじょうに;sangat;第1週;3日目;Hari ke-3;非:ひ|常:じょう
非常;hijō;ひじょう;darurat;第1週;3日目;Hari ke-3;非:ひ|常:じょう
非常口;hijōguchi;ひじょうぐち;pintu darurat;第1週;3日目;Hari ke-3;非:ひ|常:じょう|口:ぐち
日常;nichijō;にちじょう;sehari-hari;第1週;3日目;Hari ke-3;日:にち|常:じょう
正常（な）;seijō (na);せいじょう（な）;normal, biasa;第1週;3日目;Hari ke-3;正:せい|常:じょう
〜階;~kai;〜かい;lantai...;第1週;3日目;Hari ke-3;階:〜かい
階段;kaidan;かいだん;tangga;第1週;3日目;Hari ke-3;階:かい|段:だん
危ない;abunai;あぶない;bahaya, berbahaya;第1週;3日目;Hari ke-3;危:あぶ
危険（な）;kiken (na);きけん（な）;bahaya, berbahaya;第1週;3日目;Hari ke-3;危:き|険:けん
箱;hako;はこ;kotak;第1週;3日目;Hari ke-3;箱:はこ
ごみ箱;gomibako;ごみばこ;tempat sampah;第1週;3日目;Hari ke-3;箱:ばこ
捨てる;suteru;すてる;membuang;第1週;3日目;Hari ke-3;捨:す
線;sen;せん;garis;第1週;4日目;Hari ke-4;線:せん
〜番線;~bansen;〜ばんせん;nomor peron;第1週;4日目;Hari ke-4;番:〜ばん|線:せん
画面;gamen;がめん;layar;第1週;4日目;Hari ke-4;画:が|面:めん
全面;zenmen;ぜんめん;secara keseluruhan;第1週;4日目;Hari ke-4;全:ぜん|面:めん
~方面;~hōmen;~ほうめん;arah, tujuan;第1週;4日目;Hari ke-4;方:~ほう|面:めん
普通;futsū;ふつう;biasa (tidak spesial);第1週;4日目;Hari ke-4;普:ふ|通:つう
各駅;kakueki;かくえき;setiap stasiun;第1週;4日目;Hari ke-4;各:かく|駅:えき
各国;kakkoku;かっこく;setiap negara;第1週;4日目;Hari ke-4;各:かっ|国:こく
各自;kakuji;かくじ;masing-masing;第1週;4日目;Hari ke-4;各:かく|自:じ
快速;kaisoku;かいそく;rapid train (lebih cepat dari biasa);第1週;4日目;Hari ke-4;快:かい|速:そく
速い;hayai;はやい;cepat (speed);第1週;4日目;Hari ke-4;速:はや
速度;sokudo;そくど;kecepatan;第1週;4日目;Hari ke-4;速:そく|度:ど
高速道路;kōsokudōro;こうそくどうろ;jalan tol;第1週;4日目;Hari ke-4;高:こう|速:そく|道:どう|路:ろ
次;tsugi;つぎ;berikutnya;第1週;4日目;Hari ke-4;次:つぎ
次回;jikai;じかい;lain kali, selanjutnya;第1週;4日目;Hari ke-4;次:じ|回:かい
目次;mokuji;もくじ;daftar isi;第1週;4日目;Hari ke-4;目:もく|次:じ
過ぎる;sugiru;すぎる;lewat, lebih;第1週;4日目;Hari ke-4;過:す
過去;kako;かこ;masa lalu;第1週;4日目;Hari ke-4;過:か|去:こ
通過;tsūka;つうか;lewat;第1週;4日目;Hari ke-4;通:つう|過:か
鉄;tetsu;てつ;besi;第1週;4日目;Hari ke-4;鉄:てつ
鉄道;tetsudō;てつどう;kereta api;第1週;4日目;Hari ke-4;鉄:てつ|道:どう
地下鉄;chikatetsu;ちかてつ;kereta bawah tanah;第1週;4日目;Hari ke-4;地:ち|下:か|鉄:てつ
指;yubi;ゆび;jari;第1週;5日目;Hari ke-5;指:ゆび
指輪;yubiwa;ゆびわ;cincin;第1週;5日目;Hari ke-5;指:ゆび|輪:わ
指定;shitei;してい;spesifik, tertentu;第1週;5日目;Hari ke-5;指:し|定:てい
指定席;shiteiseki;していせき;Kursi yang dipesan;第1週;5日目;Hari ke-5;指:し|定:てい|席:せき
定休日;teikyūbi;ていきゅうび;hari libur tetap;第1週;5日目;Hari ke-5;定:てい|休:きゅう|日:び
安定;antei;あんてい;stabil;第1週;5日目;Hari ke-5;安:あん|定:てい
不安定;fuantei;ふあんてい;tidak stabil;第1週;5日目;Hari ke-5;不:ふ|安:あん|定:てい
席;seki;せき;tempat duduk;第1週;5日目;Hari ke-5;席:せき
出席;shusseki;しゅっせき;hadir;第1週;5日目;Hari ke-5;出:しゅっ|席:せき
欠席;kesseki;けっせき;tidak hadir, absen;第1週;5日目;Hari ke-5;欠:けっ|席:せき
理由;riyū;りゆう;alasan;第1週;5日目;Hari ke-5;理:り|由:ゆう
自由;jiyū;じゆう;bebas;第1週;5日目;Hari ke-5;自:じ|由:ゆう
自由席;jiyūseki;じゆうせき;kursi bebas;第1週;5日目;Hari ke-5;自:じ|由:ゆう|席:せき
窓;mado;まど;jendela;第1週;5日目;Hari ke-5;窓:まど
窓口;madoguchi;まどぐち;konter;第1週;5日目;Hari ke-5;窓:まど|口:ぐち
窓側;madogawa;まどがわ;sisi jendela;第1週;5日目;Hari ke-5;窓:まど|側:がわ
右側;migigawa;みぎがわ;sisi kanan;第1週;5日目;Hari ke-5;右:みぎ|側:がわ
両側;ryōgawa;りょうがわ;kedua sisi;第1週;5日目;Hari ke-5;両:りょう|側:がわ
道路;dōro;どうろ;jalan;第1週;5日目;Hari ke-5;道:どう|路:ろ
線路;senro;せんろ;rel kereta;第1週;5日目;Hari ke-5;線:せん|路:ろ
通路;tsūro;つうろ;lorong;第1週;5日目;Hari ke-5;通:つう|路:ろ
番号;bangō;ばんごう;nomor;第1週;5日目;Hari ke-5;番:ばん|号:ごう
〜番;~ban;〜ばん;nomor;第1週;5日目;Hari ke-5;番:〜ばん
〜番線;~bansen;〜ばんせん;nomor peron;第1週;5日目;Hari ke-5;番:〜ばん|線:せん
停車;teisha;ていしゃ;kereta berhenti;第1週;6日目;Hari ke-6;停:てい|車:しゃ
バス停;basutei;バスてい;halte bus;第1週;6日目;Hari ke-6;停:てい
整理;seiri;せいり;menata, mengatur;第1週;6日目;Hari ke-6;整:せい|理:り
整理券;seiriken;せいりけん;tiket untuk mengatur antrian;第1週;6日目;Hari ke-6;整:せい|理:り|券:けん
駐車券;chūshaken;ちゅうしゃけん;tiket parkir;第1週;6日目;Hari ke-6;駐:ちゅう|車:しゃ|券:けん
乗車券;jōshaken;じょうしゃけん;tiket naik (kereta);第1週;6日目;Hari ke-6;乗:じょう|車:しゃ|券:けん
回数券;kaisūken;かいすうけん;tiket terusan;第1週;6日目;Hari ke-6;回:かい|数:すう|券:けん
現れる;arawareru;あらわれる;muncul;第1週;6日目;Hari ke-6;現:あらわ
現金;genkin;げんきん;uang cash;第1週;6日目;Hari ke-6;現:げん|金:きん
表現;hyōgen;ひょうげん;ekspresi, ungkapan;第1週;6日目;Hari ke-6;表:ひょう|現:げん
両親;ryōshin;りょうしん;kedua orang tua;第1週;6日目;Hari ke-6;両:りょう|親:しん
〜両;~ryō;〜りょう;gerbong;第1週;6日目;Hari ke-6;両:〜りょう
両替;ryōgae;りょうがえ;tukar uang;第1週;6日目;Hari ke-6;両:りょう|替:がえ
取り替える;torikaeru;とりかえる;menukar;第1週;6日目;Hari ke-6;取:と|替:か
着替える;kigaeru;きがえる;ganti baju;第1週;6日目;Hari ke-6;着:き|替:が
優しい;yasashī;やさしい;lembut, baik;第1週;6日目;Hari ke-6;優:やさ
優先席;yūsenseki;ゆうせんせき;kursi prioritas;第1週;6日目;Hari ke-6;優:ゆう|先:せん|席:せき
女優;joyū;じょゆう;aktris;第1週;6日目;Hari ke-6;女:じょ|優:ゆう
座る;suwaru;すわる;duduk;第1週;6日目;Hari ke-6;座:すわ
座席;zaseki;ざせき;tempat duduk;第1週;6日目;Hari ke-6;座:ざ|席:せき
正座;seiza;せいざ;duduk di lantai ala Jepang;第1週;6日目;Hari ke-6;正:せい|座:ざ
降りる;oriru;おりる;turun;第1週;6日目;Hari ke-6;降:お
降る;furu;ふる;turun;第1週;6日目;Hari ke-6;降:ふ
降車口;kōshaguchi;こうしゃぐち;pintu turun;第1週;6日目;Hari ke-6;降:こう|車:しゃ|口:ぐち
以降;ikō;いこう;selanjutnya;第1週;6日目;Hari ke-6;以:い|降:こう
未来;mirai;みらい;masa depan;第1週;7日目;Hari ke-7;未:み|来:らい
未定;mitei;みてい;belum ditentukan;第1週;7日目;Hari ke-7;未:み|定:てい
〜未満;~miman;〜みまん;kurang dari...;第1週;7日目;Hari ke-7;未:〜み|満:まん
週末;shūmatsu;しゅうまつ;akhir pekan;第1週;7日目;Hari ke-7;週:しゅう|末:まつ
月末;getsumatsu;げつまつ;akhir bulan;第1週;7日目;Hari ke-7;月:げつ|末:まつ
年末;nenmatsu;ねんまつ;akhir tahun;第1週;7日目;Hari ke-7;年:ねん|末:まつ
若い;wakai;わかい;muda;第1週;7日目;Hari ke-7;若:わか
晩;ban;ばん;malam;第1週;7日目;Hari ke-7;晩:ばん
晩ごはん;bangohan;ばんごはん;makan malam;第1週;7日目;Hari ke-7;晩:ばん
今晩;konban;こんばん;malam ini;第1週;7日目;Hari ke-7;今:こん|晩:ばん
毎晩;maiban;まいばん;setiap malam;第1週;7日目;Hari ke-7;毎:まい|晩:ばん
皿;sara;さら;piring;第1週;7日目;Hari ke-7;皿:さら
灰皿;haizara;はいざら;asbak;第1週;7日目;Hari ke-7;灰:はい|皿:ざら
血;chi;ち;darah;第1週;7日目;Hari ke-7;血:ち
出血;shukketsu;しゅっけつ;keluar darah;第1週;7日目;Hari ke-7;出:しゅっ|血:けつ
島;shima;しま;pulau;第1週;7日目;Hari ke-7;島:しま
~島;~tō;~とう;pulau;第1週;7日目;Hari ke-7;島:~とう
助ける;tasukeru;たすける;menolong;第1週;7日目;Hari ke-7;助:たす
救助;kyūjo;きゅうじょ;pertolongan, penyelamatan;第1週;7日目;Hari ke-7;救:きゅう|助:じょ
準備;junbi;じゅんび;persiapan;第2週;1日目;Hari ke-8;準:じゅん|備:び
備える;sonaeru;そなえる;mempersiapkan;第2週;1日目;Hari ke-8;備:そな
営業;eigyō;えいぎょう;beroperasi;第2週;1日目;Hari ke-8;営:えい|業:ぎょう
閉める;shimeru;しめる;menutup;第2週;1日目;Hari ke-8;閉:し
閉まる;shimaru;しまる;tutup;第2週;1日目;Hari ke-8;閉:し
開閉;kaihei;かいへい;buka-tutup;第2週;1日目;Hari ke-8;開:かい|閉:へい
案;an;あん;usul;第2週;1日目;Hari ke-8;案:あん
案内;annai;あんない;panduan;第2週;1日目;Hari ke-8;案:あん|内:ない
国内;kokunai;こくない;dalam negeri;第2週;1日目;Hari ke-8;国:こく|内:ない
家内;kanai;かない;istri;第2週;1日目;Hari ke-8;家:か|内:ない
以内;inai;いない;dalam...;第2週;1日目;Hari ke-8;以:い|内:ない
内側;uchigawa;うちがわ;sisi dalam;第2週;1日目;Hari ke-8;内:うち|側:がわ
予定;yotei;よてい;rencana;第2週;1日目;Hari ke-8;予:よ|定:てい
予習;yoshū;よしゅう;latihan (persiapan);第2週;1日目;Hari ke-8;予:よ|習:しゅう
予約;yoyaku;よやく;reservasi, booking;第2週;1日目;Hari ke-8;予:よ|約:やく
約〜;yaku~;やく〜;kira-kira, sekitar;第2週;1日目;Hari ke-8;約:やく
煙;kemuri;けむり;asap;第2週;2日目;Hari ke-9;煙:けむり
禁煙;kin'en;きんえん;dilarang merokok;第2週;2日目;Hari ke-9;禁:きん|煙:えん
当たる;ataru;あたる;terkena;第2週;2日目;Hari ke-9;当:あ
本当;hontō;ほんとう;benar;第2週;2日目;Hari ke-9;本:ほん|当:とう
当たり前;atarimae;あたりまえ;tentu saja, wajar;第2週;2日目;Hari ke-9;当:あたり|前:まえ
当~;tō~;とう~;ini... (formal);第2週;2日目;Hari ke-9;当:とう
全部;zenbu;ぜんぶ;semua;第2週;2日目;Hari ke-9;全:ぜん|部:ぶ
全席;zenseki;ぜんせき;semua kursi;第2週;2日目;Hari ke-9;全:ぜん|席:せき
安全（な）;anzen (na);あんぜん（な）;aman;第2週;2日目;Hari ke-9;安:あん|全:ぜん
客;kyaku;きゃく;tamu;第2週;2日目;Hari ke-9;客:きゃく
お客様;okyakusama;おきゃくさま;tamu, customer;第2週;2日目;Hari ke-9;客:きゃく|様:さま
様子;yōsu;ようす;kondisi;第2週;2日目;Hari ke-9;様:よう|子:す
~様;~sama;~さま;tuan... (hormat);第2週;2日目;Hari ke-9;様:~さま
理解;rikai;りかい;pengertian;第2週;2日目;Hari ke-9;理:り|解:かい
解説;kaisetsu;かいせつ;penjelasan;第2週;2日目;Hari ke-9;解:かい|説:せつ
解答;kaitō;かいとう;jawaban, solusi;第2週;2日目;Hari ke-9;解:かい|答:とう
分解;bunkai;ぶんかい;membongkar;第2週;2日目;Hari ke-9;分:ぶん|解:かい
協力;kyōryoku;きょうりょく;kerjasama;第2週;2日目;Hari ke-9;協:きょう|力:りょく
願う;negau;ねがう;memohon;第2週;2日目;Hari ke-9;願:ねが
観光;kankō;かんこう;sightseeing;第2週;3日目;Hari ke-10;観:かん|光:こう
観客;kankyaku;かんきゃく;penonton, audiens;第2週;3日目;Hari ke-10;観:かん|客:きゃく
動物園;dōbutsuen;どうぶつえん;kebun binatang;第2週;3日目;Hari ke-10;動:どう|物:ぶつ|園:えん
港;minato;みなと;pelabuhan;第2週;3日目;Hari ke-10;港:みなと
空港;kūkō;くうこう;bandara;第2週;3日目;Hari ke-10;空:くう|港:こう
~港;~kō;~こう;pelabuhan;第2週;3日目;Hari ke-10;港:~こう
遊ぶ;asobu;あそぶ;bermain;第2週;3日目;Hari ke-10;遊:あそ
遊園地;yūenchi;ゆうえんち;theme park, taman bermain;第2週;3日目;Hari ke-10;遊:ゆう|園:えん|地:ち
美術館;bijutsukan;びじゅつかん;museum seni, galeri seni;第2週;3日目;Hari ke-10;美:び|術:じゅつ|館:かん
美人;bijin;びじん;orang yang cantik;第2週;3日目;Hari ke-10;美:び|人:じん
美しい;utsukushī;うつくしい;cantik, mempesona;第2週;3日目;Hari ke-10;美:うつく
美術;bijutsu;びじゅつ;seni;第2週;3日目;Hari ke-10;美:び|術:じゅつ
手術;shujutsu;しゅじゅつ;operasi;第2週;3日目;Hari ke-10;手:しゅ|術:じゅつ
技術;gijutsu;ぎじゅつ;teknologi;第2週;3日目;Hari ke-10;技:ぎ|術:じゅつ
神社;jinja;じんじゃ;kuil shinto;第2週;3日目;Hari ke-10;神:じん|社:じゃ
神様;kamisama;かみさま;tuhan, dewa;第2週;3日目;Hari ke-10;神:かみ|様:さま
神経質（な）;shinkeishitsu (na);しんけいしつ（な）;sensitif (merasakan sesuatu sampai detail);第2週;3日目;Hari ke-10;神:しん|経:けい|質:しつ
お寺;otera;おてら;kuil budha, wihara;第2週;3日目;Hari ke-10;寺:てら
~寺;~ji;~じ;kuil budha, wihara;第2週;3日目;Hari ke-10;寺:~じ
市役所;shiyakusho;しやくしょ;kantor walikota, kantor pemerintah kota;第2週;4日目;Hari ke-11;市:し|役:やく|所:しょ
役に立つ;yaku ni tatsu;やくにたつ;bermanfaat;第2週;4日目;Hari ke-11;役:やく|立:た
役員;yakuin;やくいん;direktur (anggota);第2週;4日目;Hari ke-11;役:やく|員:いん
郵便;yūbin;ゆうびん;pos;第2週;4日目;Hari ke-11;郵:ゆう|便:びん
郵便局;yūbinkyoku;ゆうびんきょく;kantor pos;第2週;4日目;Hari ke-11;郵:ゆう|便:びん|局:きょく
薬局;yakkyoku;やっきょく;toko obat;第2週;4日目;Hari ke-11;薬:やっ|局:きょく
交番;kōban;こうばん;pos polisi;第2週;4日目;Hari ke-11;交:こう|番:ばん
交換;kōkan;こうかん;pertukaran;第2週;4日目;Hari ke-11;交:こう|換:かん
交通;kōtsū;こうつう;lalu lintas;第2週;4日目;Hari ke-11;交:こう|通:つう
差;sa;さ;perbedaan;第2週;4日目;Hari ke-11;差:さ
差し出す;sashidasu;さしだす;mengeluarkan, mengulurkan, memberi;第2週;4日目;Hari ke-11;差:さ|出:だ
差出人;sashidashinin;さしだしにん;pengirim;第2週;4日目;Hari ke-11;差:さし|出:だし|人:にん
交差点;kōsaten;こうさてん;perempatan;第2週;4日目;Hari ke-11;交:こう|差:さ|点:てん
点数;tensū;てんすう;nilai;第2週;4日目;Hari ke-11;点:てん|数:すう
〜点;~ten;〜てん;nilai...;第2週;4日目;Hari ke-11;点:〜てん
橋;hashi;はし;jembatan;第2週;4日目;Hari ke-11;橋:はし
歩道橋;hodōkyō;ほどうきょう;jembatan penyeberangan;第2週;4日目;Hari ke-11;歩:ほ|道:どう|橋:きょう
公園;kōen;こうえん;taman;第2週;4日目;Hari ke-11;公:こう|園:えん
受ける;ukeru;うける;menerima;第2週;5日目;Hari ke-12;受:う
受験;juken;じゅけん;mengikuti ujian;第2週;5日目;Hari ke-12;受:じゅ|験:けん
受信;jushin;じゅしん;mendapat (email, sinyal, dll);第2週;5日目;Hari ke-12;受:じゅ|信:しん
付く;tsuku;つく;menempel;第2週;5日目;Hari ke-12;付:つ
付ける;tsukeru;つける;menempelkan;第2週;5日目;Hari ke-12;付:つ
受付;uketsuke;うけつけ;resepsionis;第2週;5日目;Hari ke-12;受:うけ|付:つけ
片付ける;katazukeru;かたづける;membereskan;第2週;5日目;Hari ke-12;片:かた|付:づ
科学;kagaku;かがく;ilmu pengetahuan;第2週;5日目;Hari ke-12;科:か|学:がく
内科;naika;ないか;(bagian) pengobatan;第2週;5日目;Hari ke-12;内:ない|科:か
外科;geka;げか;(bagian) operasi;第2週;5日目;Hari ke-12;外:げ|科:か
教科書;kyōkasho;きょうかしょ;buku pelajaran;第2週;5日目;Hari ke-12;教:きょう|科:か|書:しょ
鼻;hana;はな;hidung;第2週;5日目;Hari ke-12;鼻:はな
耳鼻科;jibika;じびか;(bagian) pengobatan telinga, hidung (THT);第2週;5日目;Hari ke-12;耳:じ|鼻:び|科:か
主婦;shufu;しゅふ;ibu rumah tangga;第2週;5日目;Hari ke-12;主:しゅ|婦:ふ
婦人;fujin;ふじん;wanita, nyonya;第2週;5日目;Hari ke-12;婦:ふ|人:じん
産婦人科;sanfujinka;さんふじんか;obstetri dan ginekologi;第2週;5日目;Hari ke-12;産:さん|婦:ふ|人:じん|科:か
骨;hone;ほね;tulang;第2週;5日目;Hari ke-12;骨:ほね
骨折;kossetsu;こっせつ;patah tulang;第2週;5日目;Hari ke-12;骨:こっ|折:せつ
人形;ningyō;にんぎょう;boneka;第2週;5日目;Hari ke-12;人:にん|形:ぎょう
形式;keishiki;けいしき;bentuk, format;第2週;5日目;Hari ke-12;形:けい|式:しき
図形;zukei;ずけい;bentuk (bulat, persegi);第2週;5日目;Hari ke-12;図:ず|形:けい
整形外科;seikeigeka;せいけいげか;ortopedi;第2週;5日目;Hari ke-12;整:せい|形:けい|外:げ|科:か
折る・折れる;oru・oreru;おる・おれる;mematahkan - patah;第2週;5日目;Hari ke-12;折:お|折:お
左折;sasetsu;させつ;belok kiri;第2週;5日目;Hari ke-12;左:さ|折:せつ
右折;usetsu;うせつ;belok kanan;第2週;5日目;Hari ke-12;右:う|折:せつ
折り紙;origami;おりがみ;origami;第2週;5日目;Hari ke-12;折:お|紙:がみ
困る;komaru;こまる;bingung, merasa kesulitan;第2週;6日目;Hari ke-13;困:こま
消す;kesu;けす;mematikan, menghapus;第2週;6日目;Hari ke-13;消:け
消える;kieru;きえる;mati, hilang;第2週;6日目;Hari ke-13;消:き
消しゴム;keshigomu;けしごむ;penghapus;第2週;6日目;Hari ke-13;消:け
消防;shōbō;しょうぼう;pemadam kebakaran;第2週;6日目;Hari ke-13;消:しょう|防:ぼう
防ぐ;fusegu;ふせぐ;menghalangi, mencegah;第2週;6日目;Hari ke-13;防:ふせ
予防;yobō;よぼう;pencegahan;第2週;6日目;Hari ke-13;予:よ|防:ぼう
救う;sukū;すくう;menyelamatkan;第2週;6日目;Hari ke-13;救:すく
救急車;kyūkyūsha;きゅうきゅうしゃ;ambulan;第2週;6日目;Hari ke-13;救:きゅう|急:きゅう|車:しゃ
警官;keikan;けいかん;pak polisi;第2週;6日目;Hari ke-13;警:けい|官:かん
警察;keisatsu;けいさつ;polisi;第2週;6日目;Hari ke-13;警:けい|察:さつ
警察署;keisatsusho;けいさつしょ;kantor polisi;第2週;6日目;Hari ke-13;警:けい|察:さつ|署:しょ
事故;jiko;じこ;kecelakaan;第2週;6日目;Hari ke-13;事:じ|故:こ
故障;koshō;こしょう;rusak;第2週;6日目;Hari ke-13;故:こ|障:しょう
故~;ko~;こ~;almarhum;第2週;6日目;Hari ke-13;故:こ
伝える;tsutaeru;つたえる;menyampaikan;第2週;6日目;Hari ke-13;伝:つた
手伝う;tetsudau;てつだう;membantu;第2週;6日目;Hari ke-13;手:て|伝:つだ
伝言;dengon;でんごん;pesan;第2週;6日目;Hari ke-13;伝:でん|言:ごん
黄色;kīro;きいろ;kuning;第2週;7日目;Hari ke-14;黄:き|色:いろ
黄色い;kīroi;きいろい;kuning;第2週;7日目;Hari ke-14;黄:き|色:いろ
絵;e;え;gambar;第2週;7日目;Hari ke-14;絵:え
絵本;ehon;えほん;buku cerita bergambar;第2週;7日目;Hari ke-14;絵:え|本:ほん
絵画;kaiga;かいが;lukisan;第2週;7日目;Hari ke-14;絵:かい|画:が
組む;kumu;くむ;menyatukan;第2週;7日目;Hari ke-14;組:く
組み立てる;kumitateru;くみたてる;merakit;第2週;7日目;Hari ke-14;組:く|立:た
番組;bangumi;ばんぐみ;program, acara tv;第2週;7日目;Hari ke-14;番:ばん|組:ぐみ
〜組;~kumi;〜くみ;pasangan;第2週;7日目;Hari ke-14;組:〜くみ
約束;yakusoku;やくそく;janji;第2週;7日目;Hari ke-14;約:やく|束:そく
花束;hanataba;はなたば;karangan bunga;第2週;7日目;Hari ke-14;花:はな|束:たば
〜束;~taba;〜たば;buket, ikatan;第2週;7日目;Hari ke-14;束:〜たば
授業;jugyō;じゅぎょう;kelas, kuliah;第2週;7日目;Hari ke-14;授:じゅ|業:ぎょう
教授;kyōju;きょうじゅ;profesor;第2週;7日目;Hari ke-14;教:きょう|授:じゅ
渡る;wataru;わたる;menyeberang;第2週;7日目;Hari ke-14;渡:わた
渡す;watasu;わたす;menyerahkan;第2週;7日目;Hari ke-14;渡:わた
昔;mukashi;むかし;dahulu;第2週;7日目;Hari ke-14;昔:むかし
必ず;kanarazu;かならず;pasti;第3週;1日目;Hari ke-15;必:かなら
必死;hisshi;ひっし;mati-matian;第3週;1日目;Hari ke-15;必:ひっ|死:し
要る;iru;いる;perlu;第3週;1日目;Hari ke-15;要:い
必要;hitsuyō;ひつよう;butuh;第3週;1日目;Hari ke-15;必:ひつ|要:よう
冷やす;hiyasu;ひやす;mendinginkan;第3週;1日目;Hari ke-15;冷:ひ
冷える;hieru;ひえる;dingin (turun dari suhu asal);第3週;1日目;Hari ke-15;冷:ひ
冷ます;samasu;さます;mendinginkan;第3週;1日目;Hari ke-15;冷:さ
冷める;sameru;さめる;dingin (sesuatu yang dipanaskan, suhunya kembali seperti semula);第3週;1日目;Hari ke-15;冷:さ
冷蔵庫;reizōko;れいぞうこ;kulkas;第3週;1日目;Hari ke-15;冷:れい|蔵:ぞう|庫:こ
冷凍庫;reitōko;れいとうこ;freezer;第3週;1日目;Hari ke-15;冷:れい|凍:とう|庫:こ
凍る;kōru;こおる;beku;第3週;1日目;Hari ke-15;凍:こお
金庫;kinko;きんこ;brangkas;第3週;1日目;Hari ke-15;金:きん|庫:こ
車庫;shako;しゃこ;garasi;第3週;1日目;Hari ke-15;車:しゃ|庫:こ
保存する;hozonsuru;ほぞんする;menyimpan;第3週;1日目;Hari ke-15;保:ほ|存:ぞん
ご存じです;gozonji desu;ごぞんじです;tahu, kenal;第3週;1日目;Hari ke-15;存:ぞん
存じる;zonjiru;ぞんじる;tahu, kenal;第3週;1日目;Hari ke-15;存:ぞん
召し上がる;meshiagaru;めしあがる;makan, minum;第3週;1日目;Hari ke-15;召:め|上:あ
費用;hiyō;ひよう;biaya;第3週;2日目;Hari ke-16;費:ひ|用:よう
旅費;ryohi;りょひ;biaya perjalanan;第3週;2日目;Hari ke-16;旅:りょ|費:ひ
会費;kaihi;かいひ;biaya member/keanggotaan;第3週;2日目;Hari ke-16;会:かい|費:ひ
消費者;shōhisha;しょうひしゃ;konsumen;第3週;2日目;Hari ke-16;消:しょう|費:ひ|者:しゃ
期間;kikan;きかん;masa, periode;第3週;2日目;Hari ke-16;期:き|間:かん
長期;chōki;ちょうき;masa yang lama/jangka panjang;第3週;2日目;Hari ke-16;長:ちょう|期:き
短期;tanki;たんき;masa yang pendek/jangka pendek;第3週;2日目;Hari ke-16;短:たん|期:き
定期券;teikiken;ていきけん;tiket langganan;第3週;2日目;Hari ke-16;定:てい|期:き|券:けん
期限;kigen;きげん;batas waktu;第3週;2日目;Hari ke-16;期:き|限:げん
限る;kagiru;かぎる;membatasi;第3週;2日目;Hari ke-16;限:かぎ
限度;gendo;げんど;batas (maksimal);第3週;2日目;Hari ke-16;限:げん|度:ど
限定;gentei;げんてい;batasan;第3週;2日目;Hari ke-16;限:げん|定:てい
賞;shō;しょう;hadiah;第3週;2日目;Hari ke-16;賞:しょう
賞金;shōkin;しょうきん;hadiah uang;第3週;2日目;Hari ke-16;賞:しょう|金:きん
賞品;shōhin;しょうひん;hadiah (benda);第3週;2日目;Hari ke-16;賞:しょう|品:ひん
賞味期限;shōmikigen;しょうみきげん;batas aman konsumsi (exp date)/baik digunakan sebelum;第3週;2日目;Hari ke-16;賞:しょう|味:み|期:き|限:げん
製品;seihin;せいひん;produk;第3週;2日目;Hari ke-16;製:せい|品:ひん
~製;~sei;~せい;made in/terbuat dari/buatan;第3週;2日目;Hari ke-16;製:~せい
造る;tsukuru;つくる;membuat, membangun;第3週;2日目;Hari ke-16;造:つく
製造;seizō;せいぞう;manufaktur, produksi;第3週;2日目;Hari ke-16;製:せい|造:ぞう
方法;hōhō;ほうほう;cara, metode;第3週;2日目;Hari ke-16;方:ほう|法:ほう
文法;bunpō;ぶんぽう;tata bahasa, pola kalimat;第3週;2日目;Hari ke-16;文:ぶん|法:ぽう
温かい;atatakai;あたたかい;hangat;第3週;2日目;Hari ke-16;温:あたた
温度;ondo;おんど;suhu (general);第3週;2日目;Hari ke-16;温:おん|度:ど
気温;kion;きおん;suhu udara, temperatur;第3週;2日目;Hari ke-16;気:き|温:おん
常温;jōon;じょうおん;suhu normal;第3週;2日目;Hari ke-16;常:じょう|温:おん
販売;hanbai;はんばい;penjualan;第3週;3日目;Hari ke-17;販:はん|売:ばい
自動販売機;jidōhanbaiki;じどうはんばいき;vending machine, mesin penjualan otomatis;第3週;3日目;Hari ke-17;自:じ|動:どう|販:はん|売:ばい|機:き
飛行機;hikōki;ひこうき;pesawat;第3週;3日目;Hari ke-17;飛:ひ|行:こう|機:き
機械;kikai;きかい;mesin;第3週;3日目;Hari ke-17;機:き|械:かい
機会;kikai;きかい;kesempatan;第3週;3日目;Hari ke-17;機:き|会:かい
増える;fueru;ふえる;bertambah;第3週;3日目;Hari ke-17;増:ふ
増やす;fuyasu;ふやす;menambahkan;第3週;3日目;Hari ke-17;増:ふ
増加;zōka;ぞうか;penambahan, peningkatan;第3週;3日目;Hari ke-17;増:ぞう|加:か
減る;heru;へる;berkurang;第3週;3日目;Hari ke-17;減:へ
減らす;herasu;へらす;mengurangi;第3週;3日目;Hari ke-17;減:へ
減少;genshō;げんしょう;pengurangan, penurunan;第3週;3日目;Hari ke-17;減:げん|少:しょう
量;ryō;りょう;kuantitas;第3週;3日目;Hari ke-17;量:りょう
数量;sūryō;すうりょう;jumlah, banyaknya, kuantitas;第3週;3日目;Hari ke-17;数:すう|量:りょう
増量;zōryō;ぞうりょう;jumlah bertambah, peningkatan jumlah (berat badan);第3週;3日目;Hari ke-17;増:ぞう|量:りょう
減量;genryō;げんりょう;jumlah berkurang, penurunan jumlah (berat badan);第3週;3日目;Hari ke-17;減:げん|量:りょう
氷;kōri;こおり;es, es batu;第3週;3日目;Hari ke-17;氷:こおり
返す;kaesu;かえす;mengembalikan;第3週;3日目;Hari ke-17;返:かえ
返事;henji;へんじ;balasan, jawaban, respon;第3週;3日目;Hari ke-17;返:へん|事:じ
返却;henkyaku;へんきゃく;pengembalian;第3週;3日目;Hari ke-17;返:へん|却:きゃく
お湯;oyu;おゆ;air panas;第3週;3日目;Hari ke-17;湯:ゆ
材料;zairyō;ざいりょう;bahan, ingredients;第3週;4日目;Hari ke-18;材:ざい|料:りょう
教材;kyōzai;きょうざい;materi mengajar, bahan mengajar;第3週;4日目;Hari ke-18;教:きょう|材:ざい
卵;tamago;たまご;telur;第3週;4日目;Hari ke-18;卵:たまご
卵焼き;tamagoyaki;たまごやき;telur dadar;第3週;4日目;Hari ke-18;卵:たまご|焼:や
牛乳;gyūnyū;ぎゅうにゅう;susu, susu sapi;第3週;4日目;Hari ke-18;牛:ぎゅう|乳:にゅう
粉;kona;こな;tepung (bubuk);第3週;4日目;Hari ke-18;粉:こな
小麦粉;komugiko;こむぎこ;tepung terigu, tepung gandum;第3週;4日目;Hari ke-18;小:こ|麦:むぎ|粉:こ
袋;fukuro;ふくろ;kantong, kresek, tas;第3週;4日目;Hari ke-18;袋:ふくろ
紙袋;kamibukuro;かみぶくろ;kantong kertas;第3週;4日目;Hari ke-18;紙:かみ|袋:ぶくろ
手袋;tebukuro;てぶくろ;sarung tangan;第3週;4日目;Hari ke-18;手:て|袋:ぶくろ
ごみ袋;gomifukuro;ごみふくろ;kantong sampah;第3週;4日目;Hari ke-18;袋:ふくろ
混ぜる;mazeru;まぜる;mencampur;第3週;4日目;Hari ke-18;混:ま
混雑;konzatsu;こんざつ;padat, ramai, penuh sesak;第3週;4日目;Hari ke-18;混:こん|雑:ざつ
焼く;yaku;やく;membakar, memanggang;第3週;4日目;Hari ke-18;焼:や
焼ける;yakeru;やける;terbakar, terpanggang;第3週;4日目;Hari ke-18;焼:や
表・表;omote・hyō;おもて・ひょう;permukaan, tabel, bagan;第3週;4日目;Hari ke-18;表・表:おもて・ひょう
表す;arawasu;あらわす;menunjukkan, mengungkapkan;第3週;4日目;Hari ke-18;表:あらわ
発表・表面;happyō・hyōmen;はっぴょう・ひょうめん;presentasi, permukaan;第3週;4日目;Hari ke-18;発表:はっぴょう|表面:ひょうめん
代表;daihyō;だいひょう;perwakilan;第3週;4日目;Hari ke-18;代:だい|表:ひょう
裏;ura;うら;bagian belakang, sisi dalam;第3週;4日目;Hari ke-18;裏:うら
裏返す;urakaesu;うらかえす;membalik;第3週;4日目;Hari ke-18;裏:うら|返:かえ
留学;ryūgaku;りゅうがく;belajar di luar negeri;第3週;5日目;Hari ke-19;留:りゅう|学:がく
保留;horyū;ほりゅう;tertahan;第3週;5日目;Hari ke-19;保:ほ|留:りゅう
留守;rusu;るす;tidak di rumah;第3週;5日目;Hari ke-19;留:る|守:す
書留;kakitome;かきとめ;pos tercatat (dapat ganti rugi);第3週;5日目;Hari ke-19;書:かき|留:とめ
守る;mamoru;まもる;melindungi, mematuhi;第3週;5日目;Hari ke-19;守:まも
守備;shubi;しゅび;pertahanan;第3週;5日目;Hari ke-19;守:しゅ|備:び
留守番;rusuban;るすばん;menjaga (rumah dll);第3週;5日目;Hari ke-19;留:る|守:す|番:ばん
濃い;koi;こい;kental;第3週;5日目;Hari ke-19;濃:こ
薄い;usui;うすい;tipis;第3週;5日目;Hari ke-19;薄:うす
部分;bubun;ぶぶん;bagian;第3週;5日目;Hari ke-19;部:ぶ|分:ぶん
部長;buchō;ぶちょう;kepala divisi, manajer;第3週;5日目;Hari ke-19;部:ぶ|長:ちょう
学部;gakubu;がくぶ;fakultas;第3週;5日目;Hari ke-19;学:がく|部:ぶ
部屋;heya;へや;ruangan, kamar;第3週;5日目;Hari ke-19;部:へ|屋:や
数える;kazoeru;かぞえる;menghitung;第3週;5日目;Hari ke-19;数:かぞ
数学;sūgaku;すうがく;matematika;第3週;5日目;Hari ke-19;数:すう|学:がく
数字;sūji;すうじ;angka;第3週;5日目;Hari ke-19;数:すう|字:じ
事件;jiken;じけん;kejadian, kasus, insiden;第3週;5日目;Hari ke-19;事:じ|件:けん
用件;yōken;ようけん;keperluan;第3週;5日目;Hari ke-19;用:よう|件:けん
件名;kenmei;けんめい;judul keperluan;第3週;5日目;Hari ke-19;件:けん|名:めい
再入国;sainyūkoku;さいにゅうこく;kembali masuk negara;第3週;5日目;Hari ke-19;再:さい|入:にゅう|国:こく
再生;saisei;さいせい;play (audio/video), daur ulang, regenerasi;第3週;5日目;Hari ke-19;再:さい|生:せい
再ダイヤル;saidaiyaru;さいダイヤル;tombol ulang (redial);第3週;5日目;Hari ke-19;再:さい
再来週;saraishū;さらいしゅう;2 minggu lagi;第3週;5日目;Hari ke-19;再:さ|来:らい|週:しゅう
接続;setsuzoku;せつぞく;menghubungkan;第3週;6日目;Hari ke-20;接:せつ|続:ぞく
面接;mensetsu;めんせつ;wawancara;第3週;6日目;Hari ke-20;面:めん|接:せつ
続く;tsuzuku;つづく;berkelanjutan;第3週;6日目;Hari ke-20;続:つづ
続ける;tsuzukeru;つづける;melanjutkan;第3週;6日目;Hari ke-20;続:つづ
示す;shimesu;しめす;menunjukkan;第3週;6日目;Hari ke-20;示:しめ
表示;hyōji;ひょうじ;tampilan;第3週;6日目;Hari ke-20;表:ひょう|示:じ
指示;shiji;しじ;perintah;第3週;6日目;Hari ke-20;指:し|示:じ
戻る;modoru;もどる;kembali;第3週;6日目;Hari ke-20;戻:もど
戻す;modosu;もどす;mengembalikan;第3週;6日目;Hari ke-20;戻:もど
完了;kanryō;かんりょう;selesai (tidak ada lagi yang perlu dilakukan);第3週;6日目;Hari ke-20;完:かん|了:りょう
完全（な）;kanzen (na);かんぜん（な）;sempurna;第3週;6日目;Hari ke-20;完:かん|全:ぜん
了解;ryōkai;りょうかい;mengerti;第3週;6日目;Hari ke-20;了:りょう|解:かい
終了;shūryō;しゅうりょう;selesai (sesuatu yang berlangsung, selesai);第3週;6日目;Hari ke-20;終:しゅう|了:りょう
登る;noboru;のぼる;naik, mendaki;第3週;6日目;Hari ke-20;登:のぼ
登山;tozan;とざん;naik gunung;第3週;6日目;Hari ke-20;登:と|山:ざん
登録;tōroku;とうろく;daftar;第3週;6日目;Hari ke-20;登:とう|録:ろく
記録;kiroku;きろく;rekor, record;第3週;6日目;Hari ke-20;記:き|録:ろく
録音;rokuon;ろくおん;merekam suara;第3週;6日目;Hari ke-20;録:ろく|音:おん
録画;rokuga;ろくが;merekam video;第3週;6日目;Hari ke-20;録:ろく|画:が
育てる;sodateru;そだてる;mendidik, menumbuhkan;第3週;7日目;Hari ke-21;育:そだ
育つ;sodatsu;そだつ;tumbuh;第3週;7日目;Hari ke-21;育:そだ
教育;kyōiku;きょういく;pendidikan;第3週;7日目;Hari ke-21;教:きょう|育:いく
種;tane;たね;benih;第3週;7日目;Hari ke-21;種:たね
種類;shurui;しゅるい;macam, jenis;第3週;7日目;Hari ke-21;種:しゅ|類:るい
分類;bunrui;ぶんるい;klasifikasi;第3週;7日目;Hari ke-21;分:ぶん|類:るい
人類;jinrui;じんるい;umat manusia, manusia;第3週;7日目;Hari ke-21;人:じん|類:るい
教師;kyōshi;きょうし;pengajar;第3週;7日目;Hari ke-21;教:きょう|師:し
医師;ishi;いし;dokter;第3週;7日目;Hari ke-21;医:い|師:し
看護師;kangoshi;かんごし;perawat;第3週;7日目;Hari ke-21;看:かん|護:ご|師:し
妻;tsuma;つま;istri (saya);第3週;7日目;Hari ke-21;妻:つま
夫妻;fusai;ふさい;suami istri;第3週;7日目;Hari ke-21;夫:ふ|妻:さい
馬;uma;うま;kuda;第3週;7日目;Hari ke-21;馬:うま
乗馬;jōba;じょうば;naik kuda;第3週;7日目;Hari ke-21;乗:じょう|馬:ば
石;ishi;いし;batu;第3週;7日目;Hari ke-21;石:いし
石けん;sekken;せっけん;sabun;第3週;7日目;Hari ke-21;石:せっ
石油;sekiyu;せきゆ;minyak bumi;第3週;7日目;Hari ke-21;石:せき|油:ゆ
しょう油;shōyu;しょうゆ;kecap asin;第4週;1日目;Hari ke-22;油:しょうゆ
灯油;tōyu;とうゆ;minyak tanah;第4週;1日目;Hari ke-22;灯:とう|油:ゆ
緑;midori;みどり;hijau;第4週;1日目;Hari ke-22;緑:みどり
緑茶;ryokucha;りょくちゃ;teh hijau;第4週;1日目;Hari ke-22;緑:りょく|茶:ちゃ
紅茶;kōcha;こうちゃ;teh hitam;第4週;1日目;Hari ke-22;紅:こう|茶:ちゃ
口紅;kuchibeni;くちべに;lipstik;第4週;1日目;Hari ke-22;口:くち|紅:べに
〜冊;~satsu;〜さつ;counter untuk buku;第4週;1日目;Hari ke-22;冊:〜さつ
冊数;sassū;さっすう;jumlah jilid;第4週;1日目;Hari ke-22;冊:さっ|数:すう
〜個;~ko;〜こ;counter untuk benda;第4週;1日目;Hari ke-22;個:〜こ
個数;kosū;こすう;jumlah benda;第4週;1日目;Hari ke-22;個:こ|数:すう
個人;kojin;こじん;individu (sendiri);第4週;1日目;Hari ke-22;個:こ|人:じん
団体;dantai;だんたい;grup, kelompok, organisasi;第4週;1日目;Hari ke-22;団:だん|体:たい
〜枚;~mai;〜まい;counter untuk lembar;第4週;1日目;Hari ke-22;枚:〜まい
枚数;maisū;まいすう;jumlah lembar;第4週;1日目;Hari ke-22;枚:まい|数:すう
広告;kōkoku;こうこく;iklan;第4週;2日目;Hari ke-23;広:こう|告:こく
便利;benri;べんり;praktis, nyaman, berguna;第4週;2日目;Hari ke-23;便:べん|利:り
利用;riyō;りよう;penggunaan;第4週;2日目;Hari ke-23;利:り|用:よう
割る;waru;わる;memecah;第4週;2日目;Hari ke-23;割:わ
割れる;wareru;われる;pecah;第4週;2日目;Hari ke-23;割:わ
割合;wariai;わりあい;persentase, proporsi;第4週;2日目;Hari ke-23;割:わり|合:あい
割引;waribiki;わりびき;diskon;第4週;2日目;Hari ke-23;割:わり|引:びき
〜倍;~bai;〜ばい;kali lipat;第4週;2日目;Hari ke-23;倍:〜ばい
値段;nedan;ねだん;harga;第4週;2日目;Hari ke-23;値:ね|段:だん
値上げ;neage;ねあげ;naik harga;第4週;2日目;Hari ke-23;値:ね|上:あ
値下げ;nesage;ねさげ;turun harga;第4週;2日目;Hari ke-23;値:ね|下:さ
商品;shōhin;しょうひん;barang dagangan;第4週;2日目;Hari ke-23;商:しょう|品:ひん
商店;shōten;しょうてん;toko (skala kecil);第4週;2日目;Hari ke-23;商:しょう|店:てん
支店;shiten;してん;toko cabang;第4週;2日目;Hari ke-23;支:し|店:てん
本店;honten;ほんてん;toko pusat;第4週;2日目;Hari ke-23;本:ほん|店:てん
支社;shisha;ししゃ;kantor cabang;第4週;2日目;Hari ke-23;支:し|社:しゃ
本社;honsha;ほんしゃ;kantor pusat;第4週;2日目;Hari ke-23;本:ほん|社:しゃ
払う;harau;はらう;membayar;第4週;2日目;Hari ke-23;払:はら
支払い;shiharai;しはらい;pembayaran;第4週;2日目;Hari ke-23;支:し|払:はら
残す;nokosu;のこす;menyisakan;第4週;3日目;Hari ke-24;残:のこ
残る;nokoru;のこる;tersisa;第4週;3日目;Hari ke-24;残:のこ
残り;nokori;のこり;sisa;第4週;3日目;Hari ke-24;残:のこ
残業;zangyō;ざんぎょう;lembur;第4週;3日目;Hari ke-24;残:ざん|業:ぎょう
大型;ōgata;おおがた;ukuran besar;第4週;3日目;Hari ke-24;大:おお|型:がた
小型;kogata;こがた;ukuran kecil;第4週;3日目;Hari ke-24;小:こ|型:がた
新型;shingata;しんがた;tipe baru;第4週;3日目;Hari ke-24;新:しん|型:がた
税金;zeikin;ぜいきん;pajak;第4週;3日目;Hari ke-24;税:ぜい|金:きん
消費税;shōhizei;しょうひぜい;pajak konsumsi;第4週;3日目;Hari ke-24;消:しょう|費:ひ|税:ぜい
込む;komu;こむ;padat;第4週;3日目;Hari ke-24;込:こ
税込;zeikomi;ぜいこみ;termasuk pajak;第4週;3日目;Hari ke-24;税:ぜい|込:こみ
振り込む;furikomu;ふりこむ;transfer (uang);第4週;3日目;Hari ke-24;振:ふ|込:こ
価格;kakaku;かかく;harga;第4週;3日目;Hari ke-24;価:か|格:かく
定価;teika;ていか;harga yang ditetapkan;第4週;3日目;Hari ke-24;定:てい|価:か
合格;gōkaku;ごうかく;lulus;第4週;3日目;Hari ke-24;合:ごう|格:かく
格安;kakuyasu;かくやす;harga murah, promo;第4週;3日目;Hari ke-24;格:かく|安:やす
米;kome;こめ;beras;第4週;3日目;Hari ke-24;米:こめ
米国;beikoku;べいこく;Amerika Serikat;第4週;3日目;Hari ke-24;米:べい|国:こく
高級;kōkyū;こうきゅう;kelas atas (mewah);第4週;3日目;Hari ke-24;高:こう|級:きゅう
上級;jōkyū;じょうきゅう;level atas (advanced);第4週;3日目;Hari ke-24;上:じょう|級:きゅう
中級;chūkyū;ちゅうきゅう;level menengah (intermediate);第4週;3日目;Hari ke-24;中:ちゅう|級:きゅう
申し込む;mōshikomu;もうしこむ;mendaftar;第4週;4日目;Hari ke-25;申:もう|込:こ
申込書;mōshikomisho;もうしこみしょ;formulir pendaftaran;第4週;4日目;Hari ke-25;申:もう|込:こみ|書:しょ
申告;shinkoku;しんこく;deklarasi;第4週;4日目;Hari ke-25;申:しん|告:こく
申請;shinsei;しんせい;permohonan, aplikasi;第4週;4日目;Hari ke-25;申:しん|請:せい
記入;kinyū;きにゅう;mengisi;第4週;4日目;Hari ke-25;記:き|入:にゅう
日記;nikki;にっき;catatan harian;第4週;4日目;Hari ke-25;日:にっ|記:き
記事;kiji;きじ;artikel;第4週;4日目;Hari ke-25;記:き|事:じ
記号;kigō;きごう;simbol, tanda;第4週;4日目;Hari ke-25;記:き|号:ごう
例;rei;れい;contoh;第4週;4日目;Hari ke-25;例:れい
例えば;tatoeba;たとえば;misalnya, contohnya;第4週;4日目;Hari ke-25;例:たと
男性;dansei;だんせい;laki-laki;第4週;4日目;Hari ke-25;男:だん|性:せい
女性;josei;じょせい;perempuan;第4週;4日目;Hari ke-25;女:じょ|性:せい
性別;seibetsu;せいべつ;jenis kelamin;第4週;4日目;Hari ke-25;性:せい|別:べつ
性格;seikaku;せいかく;sifat, kepribadian;第4週;4日目;Hari ke-25;性:せい|格:かく
年齢;nenrei;ねんれい;usia;第4週;4日目;Hari ke-25;年:ねん|齢:れい
高齢;kōrei;こうれい;usia lanjut (tua);第4週;4日目;Hari ke-25;高:こう|齢:れい
〜歳;~sai;〜さい;tahun (usia);第4週;4日目;Hari ke-25;歳:〜さい
二十歳;hatachi;はたち;usia 20 tahun;第4週;4日目;Hari ke-25;二:は|十:た|歳:ち
連休;renkyū;れんきゅう;libur berurutan;第4週;4日目;Hari ke-25;連:れん|休:きゅう
連れて行く;tsureteiku;つれていく;mengajak pergi;第4週;4日目;Hari ke-25;連:つ|行:い
連れて来る;tsuretekuru;つれてくる;mengajak datang;第4週;4日目;Hari ke-25;連:つ|来:く
連絡;renraku;れんらく;kontak;第4週;4日目;Hari ke-25;連:れん|絡:らく
届く;todoku;とどく;tiba (mail, barang);第4週;5日目;Hari ke-26;届:とど
届ける;todokeru;とどける;mengantarkan (barang);第4週;5日目;Hari ke-26;届:とど
自宅;jitaku;じたく;rumah (saya);第4週;5日目;Hari ke-26;自:じ|宅:たく
お宅;otaku;おたく;rumah (kamu);第4週;5日目;Hari ke-26;宅:たく
宅配;takuhai;たくはい;pengiriman ke rumah;第4週;5日目;Hari ke-26;宅:たく|配:はい
配る;kubaru;くばる;membagikan, mendistribusikan;第4週;5日目;Hari ke-26;配:くば
配達;haitatsu;はいたつ;pengiriman, delivery;第4週;5日目;Hari ke-26;配:はい|達:たつ
配送料;haisōryō;はいそうりょう;biaya pengiriman;第4週;5日目;Hari ke-26;配:はい|送:そう|料:りょう
心配;shinpai;しんぱい;khawatir;第4週;5日目;Hari ke-26;心:しん|配:ぱい
荷物;nimotsu;にもつ;barang;第4週;5日目;Hari ke-26;荷:に|物:もつ
手荷物;tenimotsu;てにもつ;barang bawaan (di tangan);第4週;5日目;Hari ke-26;手:て|荷:に|物:もつ
入荷;nyūka;にゅうか;barang (stok) masuk;第4週;5日目;Hari ke-26;入:にゅう|荷:か
出荷;shukka;しゅっか;barang keluar (dikirim);第4週;5日目;Hari ke-26;出:しゅっ|荷:か
希望;kibō;きぼう;harapan;第4週;5日目;Hari ke-26;希:き|望:ぼう
望む;nozomu;のぞむ;mengharap;第4週;5日目;Hari ke-26;望:のぞ
失望;shitsubō;しつぼう;kecewa, putus asa;第4週;5日目;Hari ke-26;失:しつ|望:ぼう
交換;kōkan;こうかん;pertukaran;第4週;5日目;Hari ke-26;交:こう|換:かん
乗り換え;norikae;のりかえ;transfer (kendaraan);第4週;5日目;Hari ke-26;乗:の|換:か
代金引換;daikinhikikae;だいきんひきかえ;cash on delivery;第4週;5日目;Hari ke-26;代:だい|金:きん|引:ひき|換:かえ
代引き;daibiki;だいびき;cash on delivery;第4週;5日目;Hari ke-26;代:だい|引:び
金額;kingaku;きんがく;jumlah uang;第4週;5日目;Hari ke-26;金:きん|額:がく
半額;hangaku;はんがく;setengah harga;第4週;5日目;Hari ke-26;半:はん|額:がく
不在;fuzai;ふざい;tidak ada;第4週;6日目;Hari ke-27;不:ふ|在:ざい
現在;genzai;げんざい;saat ini;第4週;6日目;Hari ke-27;現:げん|在:ざい
取る;toru;とる;mengambil;第4週;6日目;Hari ke-27;取:と
受け取る;uketoru;うけとる;menerima;第4週;6日目;Hari ke-27;受:う|取:と
受取人;uketorinin;うけとりにん;penerima;第4週;6日目;Hari ke-27;受:うけ|取:とり|人:にん
預ける;azukeru;あずける;menitipkan;第4週;6日目;Hari ke-27;預:あず
預金;yokin;よきん;simpanan di bank;第4週;6日目;Hari ke-27;預:よ|金:きん
参る;mairu;まいる;pergi;第4週;6日目;Hari ke-27;参:まい
参加;sanka;さんか;ikut serta;第4週;6日目;Hari ke-27;参:さん|加:か
参考書;sankōsho;さんこうしょ;buku referensi;第4週;6日目;Hari ke-27;参:さん|考:こう|書:しょ
速達;sokutatsu;そくたつ;pengiriman kilat;第4週;6日目;Hari ke-27;速:そく|達:たつ
上達;jōtatsu;じょうたつ;peningkatan;第4週;6日目;Hari ke-27;上:じょう|達:たつ
友達;tomodachi;ともだち;teman;第4週;6日目;Hari ke-27;友:とも|達:だち
衣類;irui;いるい;pakaian (general);第4週;6日目;Hari ke-27;衣:い|類:るい
衣服;ifuku;いふく;pakaian (umumnya baju, celana dsb);第4週;6日目;Hari ke-27;衣:い|服:ふく
通勤;tsūkin;つうきん;pergi-pulang kerja;第4週;6日目;Hari ke-27;通:つう|勤:きん
勤める;tsutomeru;つとめる;bekerja;第4週;6日目;Hari ke-27;勤:つと
帯;obi;おび;sabuk;第4週;6日目;Hari ke-27;帯:おび
携帯電話;keitai denwa;けいたいでんわ;handphone;第4週;6日目;Hari ke-27;携:けい|帯:たい|電:でん|話:わ
時間帯;jikantai;じかんたい;zona waktu, waktu sekitar;第4週;6日目;Hari ke-27;時:じ|間:かん|帯:たい
戸;ko;こ;pintu;第4週;7日目;Hari ke-28;戸:こ
戸棚;todana;とだな;lemari;第4週;7日目;Hari ke-28;戸:と|棚:だな
雨戸;amado;あまど;pintu geser penghalang hujan;第4週;7日目;Hari ke-28;雨:あま|戸:ど
湖;mizūmi;みずうみ;danau;第4週;7日目;Hari ke-28;湖:みずうみ
びわ湖;biwako;びわこ;Danau Biwa;第4週;7日目;Hari ke-28;湖:びわこ
船;fune;ふね;kapal;第4週;7日目;Hari ke-28;船:ふね
船便;funabin;ふなびん;pengiriman via laut;第4週;7日目;Hari ke-28;船:ふな|便:びん
船長;senchō;せんちょう;nahkoda;第4週;7日目;Hari ke-28;船:せん|長:ちょう
風船;fūsen;ふうせん;balon;第4週;7日目;Hari ke-28;風:ふう|船:せん
角;kado;かど;sudut, belokan;第4週;7日目;Hari ke-28;角:かど
角度;kakudo;かくど;sudut;第4週;7日目;Hari ke-28;角:かく|度:ど
三角形;sankakukei;さんかくけい;bentuk segitiga;第4週;7日目;Hari ke-28;三:さん|角:かく|形:けい
四角い;shikakui;しかくい;segi empat;第4週;7日目;Hari ke-28;四:し|角:かく
夫;otto;おっと;suami (saya);第4週;7日目;Hari ke-28;夫:おっと
夫妻;fusai;ふさい;suami istri;第4週;7日目;Hari ke-28;夫:ふ|妻:さい
夫婦;fūfu;ふうふ;pasangan yang telah menikah (suami-istri);第4週;7日目;Hari ke-28;夫:ふう|婦:ふ
細い;hosoi;ほそい;kecil, tipis, ramping;第4週;7日目;Hari ke-28;細:ほそ
細かい;komakai;こまかい;kecil, halus, detail;第4週;7日目;Hari ke-28;細:こま
苦しい;kurushī;くるしい;menyakitkan, sulit, menderita;第4週;7日目;Hari ke-28;苦:くる
苦い;nigai;にがい;pahit;第4週;7日目;Hari ke-28;苦:にが
苦労;kurō;くろう;kerja keras;第4週;7日目;Hari ke-28;苦:く|労:ろう
苦手;nigate;にがて;tidak suka, kelemahan;第4週;7日目;Hari ke-28;苦:にが|手:て
お礼;orei;おれい;ucapan terima kasih, hadiah;第5週;1日目;Hari ke-29;礼:れい
伺う;ukagau;うかがう;bertanya (sopan), mengunjungi;第5週;1日目;Hari ke-29;伺:うかが
遅い;osoi;おそい;lambat, terlambat, larut;第5週;1日目;Hari ke-29;遅:おそ
遅れる;okureru;おくれる;terlambat;第5週;1日目;Hari ke-29;遅:おく
遅刻;chikoku;ちこく;terlambat;第5週;1日目;Hari ke-29;遅:ち|刻:こく
失礼（な）;shitsurei (na);しつれい（な）;tidak sopan, kurang ajar;第5週;1日目;Hari ke-29;失:しつ|礼:れい
失礼する;shitsureisuru;しつれいする;pamit;第5週;1日目;Hari ke-29;失:しつ|礼:れい
失敗;shippai;しっぱい;kegagalan;第5週;1日目;Hari ke-29;失:しっ|敗:ぱい
汗;ase;あせ;keringat;第5週;1日目;Hari ke-29;汗:あせ
汗をかく;ase wo kaku;あせをかく;berkeringat;第5週;1日目;Hari ke-29;汗:あせ
残念（な）;zannen (na);ざんねん（な）;sayang sekali;第5週;1日目;Hari ke-29;残:ざん|念:ねん
記念;kinen;きねん;peringatan;第5週;1日目;Hari ke-29;記:き|念:ねん
涙;namida;なみだ;air mata;第5週;1日目;Hari ke-29;涙:なみだ
涙を流す;namida wo nagasu;なみだをながす;mengalirkan air mata;第5週;1日目;Hari ke-29;涙:なみだ|流:なが
笑う;warau;わらう;tertawa、tersenyum;第5週;1日目;Hari ke-29;笑:わら
笑い;warai;わらい;tertawa;第5週;1日目;Hari ke-29;笑:わら
笑顔;egao;えがお;muka tertawa;第5週;1日目;Hari ke-29;笑:え|顔:がお
調べる;shiraberu;しらべる;mencari tahu, meneliti, memeriksa;第5週;2日目;Hari ke-30;調:しら
調子;chōshi;ちょうし;keadaan, kondisi;第5週;2日目;Hari ke-30;調:ちょう|子:し
強調;kyōchō;きょうちょう;penekanan, menekankan;第5週;2日目;Hari ke-30;強:きょう|調:ちょう
調査;chōsa;ちょうさ;investigasi;第5週;2日目;Hari ke-30;調:ちょう|査:さ
移す;utsusu;うつす;memindahkan, menularkan, ;第5週;2日目;Hari ke-30;移:うつ
移る;utsuru;うつる;pindah;第5週;2日目;Hari ke-30;移:うつ
移動;idō;いどう;perpindahan, berpindah;第5週;2日目;Hari ke-30;移:い|動:どう
難しい;muzukashī;むずかしい;sulit;第5週;2日目;Hari ke-30;難:むずか
難問;nanmon;なんもん;soal sulit, pertanyaan sulit;第5週;2日目;Hari ke-30;難:なん|問:もん
困難;konnan;こんなん;kesulitan;第5週;2日目;Hari ke-30;困:こん|難:なん
簡単（な）;kantan (na);かんたん（な）;mudah;第5週;2日目;Hari ke-30;簡:かん|単:たん
単語;tango;たんご;kosakata;第5週;2日目;Hari ke-30;単:たん|語:ご
単位;tan'i;たんい;satuan, kredit;第5週;2日目;Hari ke-30;単:たん|位:い
感じる;kanjiru;かんじる;merasakan;第5週;2日目;Hari ke-30;感:かん
感動;kandō;かんどう;terharu;第5週;2日目;Hari ke-30;感:かん|動:どう
感想;kansō;かんそう;kesan;第5週;2日目;Hari ke-30;感:かん|想:そう
予想;yosō;よそう;perkiraan;第5週;2日目;Hari ke-30;予:よ|想:そう
練習;renshū;れんしゅう;latihan;第5週;3日目;Hari ke-31;練:れん|習:しゅう
最近;saikin;さいきん;akhir-akhir ini;第5週;3日目;Hari ke-31;最:さい|近:きん
最初;saisho;さいしょ;paling awal, pertama kali;第5週;3日目;Hari ke-31;最:さい|初:しょ
最後;saigo;さいご;paling akhir, terakhir;第5週;3日目;Hari ke-31;最:さい|後:ご
最も;mottomo;もっとも;paling;第5週;3日目;Hari ke-31;最:もっと
適当（な）;tekitō (na);てきとう（な）;sesuai, asal;第5週;3日目;Hari ke-31;適:てき|当:とう
快適（な）;kaiteki (na);かいてき（な）;nyaman;第5週;3日目;Hari ke-31;快:かい|適:てき
選ぶ;erabu;えらぶ;memilih;第5週;3日目;Hari ke-31;選:えら
選挙;senkyo;せんきょ;pemilu;第5週;3日目;Hari ke-31;選:せん|挙:きょ
選手;senshu;せんしゅ;atlet, pemain;第5週;3日目;Hari ke-31;選:せん|手:しゅ
違う;chigau;ちがう;berbeda, bukan, salah;第5週;3日目;Hari ke-31;違:ちが
間違い;machigai;まちがい;kesalahan;第5週;3日目;Hari ke-31;間:ま|違:ちが
間違う, 間違える;machigau, machigaeru;まちがう, まちがえる;membuat kesalahan;第5週;3日目;Hari ke-31;間:ま|違:ちが|間:ま|違:ちが
辞める;yameru;やめる;berhenti;第5週;3日目;Hari ke-31;辞:や
辞書;jisho;じしょ;kamus;第5週;3日目;Hari ke-31;辞:じ|書:しょ
直す;naosu;なおす;memperbaiki, membetulkan;第5週;3日目;Hari ke-31;直:なお
直る;naoru;なおる;diperbaiki, sembuh, benar;第5週;3日目;Hari ke-31;直:なお
直線;chokusen;ちょくせん;garis lurus;第5週;3日目;Hari ke-31;直:ちょく|線:せん
直接;chokusetsu;ちょくせつ;langsung;第5週;3日目;Hari ke-31;直:ちょく|接:せつ
復習;fukushū;ふくしゅう;belajar mengulang, review;第5週;3日目;Hari ke-31;復:ふく|習:しゅう
往復;ōfuku;おうふく;pulang pergi;第5週;3日目;Hari ke-31;往:おう|復:ふく
回復;kaifuku;かいふく;pulih, sembuh;第5週;3日目;Hari ke-31;回:かい|復:ふく
宿;yado;やど;penginapan, tempat menginap;第5週;3日目;Hari ke-31;宿:やど
下宿;geshuku;げしゅく;kos-kosan;第5週;3日目;Hari ke-31;下:げ|宿:しゅく
宿題;shukudai;しゅくだい;pekerjaan rumah;第5週;3日目;Hari ke-31;宿:しゅく|題:だい
昨日, 昨日;kinō, sakujitsu;きのう、さくじつ;kemarin;第5週;4日目;Hari ke-32;昨:き|日:のう|昨:さく|日:じつ
昨夜;sakuya;さくや;semalam;第5週;4日目;Hari ke-32;昨:さく|夜:や
昨年;sakunen;さくねん;tahun lalu;第5週;4日目;Hari ke-32;昨:さく|年:ねん
~君;~kun;~くん;(panggilan);第5週;4日目;Hari ke-32;君:~くん
君;kimi;きみ;kamu;第5週;4日目;Hari ke-32;君:きみ
結ぶ;musubu;むすぶ;mengikat;第5週;4日目;Hari ke-32;結:むす
結構;kekkō;けっこう;lumayan, cukup;第5週;4日目;Hari ke-32;結:けっ|構:こう
結局;kekkyoku;けっきょく;akhirnya;第5週;4日目;Hari ke-32;結:けっ|局:きょく
結婚;kekkon;けっこん;pernikahan, menikah;第5週;4日目;Hari ke-32;結:けっ|婚:こん
婚約;konyaku;こんやく;pertunangan;第5週;4日目;Hari ke-32;婚:こん|約:やく
新婚旅行;shinkonryokō;しんこんりょこう;bulan madu;第5週;4日目;Hari ke-32;新:しん|婚:こん|旅:りょ|行:こう
祝う;iwau;いわう;merayakan;第5週;4日目;Hari ke-32;祝:いわ
お祝い;oiwai;おいわい;perayaan;第5週;4日目;Hari ke-32;祝:いわ
祝日;shukujitsu;しゅくじつ;hari libur nasional;第5週;4日目;Hari ke-32;祝:しゅく|日:じつ
奥;oku;おく;bagian dalam, jauh di dalam;第5週;4日目;Hari ke-32;奥:おく
奥さん;okusan;おくさん;istri (orang lain);第5週;4日目;Hari ke-32;奥:おく
曲がる;magaru;まがる;belok;第5週;4日目;Hari ke-32;曲:ま
曲げる;mageru;まげる;membelokkan;第5週;4日目;Hari ke-32;曲:ま
曲;kyoku;きょく;lagu;第5週;4日目;Hari ke-32;曲:きょく
曲線;kyokusen;きょくせん;garis lengkung;第5週;4日目;Hari ke-32;曲:きょく|線:せん
寝る;neru;ねる;tidur;第5週;4日目;Hari ke-32;寝:ね
昼寝;hirune;ひるね;tidur siang;第5週;4日目;Hari ke-32;昼:ひる|寝:ね
寝坊;nebō;ねぼう;kesiangan;第5週;4日目;Hari ke-32;寝:ね|坊:ぼう
痛い;itai;いたい;sakit;第5週;5日目;Hari ke-33;痛:いた
腹痛;fukutsū;ふくつう;sakit perut;第5週;5日目;Hari ke-33;腹:ふく|痛:つう
頭痛;zutsū;ずつう;sakit kepala;第5週;5日目;Hari ke-33;頭:ず|痛:つう
熱い;atsui;あつい;panas;第5週;5日目;Hari ke-33;熱:あつ
熱;netsu;ねつ;demam;第5週;5日目;Hari ke-33;熱:ねつ
熱心;nesshin;ねっしん;giat, sungguh-sungguh;第5週;5日目;Hari ke-33;熱:ねっ|心:しん
虫;mushi;むし;serangga;第5週;5日目;Hari ke-33;虫:むし
歯医者;haisha;はいしゃ;dokter gigi;第5週;5日目;Hari ke-33;歯:は|医:い|者:しゃ
歯;ha;は;gigi;第5週;5日目;Hari ke-33;歯:は
虫歯;mushiba;むしば;gigi bolong;第5週;5日目;Hari ke-33;虫:むし|歯:ば
歯科;shika;しか;klinik gigi;第5週;5日目;Hari ke-33;歯:し|科:か
政治;seiji;せいじ;politik;第5週;5日目;Hari ke-33;政:せい|治:じ
治す;naosu;なおす;menyembuhkan;第5週;5日目;Hari ke-33;治:なお
治る;naoru;なおる;sembuh;第5週;5日目;Hari ke-33;治:なお
治療;chiryō;ちりょう;penyembuhan;第5週;5日目;Hari ke-33;治:ち|療:りょう
汚い;kitanai;きたない;kotor;第5週;5日目;Hari ke-33;汚:きたな
汚れる;yogoreru;よごれる;kotor;第5週;5日目;Hari ke-33;汚:よご
並ぶ;narabu;ならぶ;berbaris;第5週;5日目;Hari ke-33;並:なら
並べる;naraberu;ならべる;menyusun;第5週;5日目;Hari ke-33;並:なら
歯並び;hanarabi;はならび;susunan gigi;第5週;5日目;Hari ke-33;歯:は|並:なら
他の;ta no;たの;lain, lainnya;第5週;5日目;Hari ke-33;他:た
その他;sono ta;そのた;lainnya;第5週;5日目;Hari ke-33;他:た
身長;shinchō;しんちょう;tinggi badan;第5週;6日目;Hari ke-34;身:しん|長:ちょう
身分;mibun;みぶん;status sosial;第5週;6日目;Hari ke-34;身:み|分:ぶん
独身;dokushin;どくしん;single;第5週;6日目;Hari ke-34;独:どく|身:しん
刺身;sashimi;さしみ;sashimi;第5週;6日目;Hari ke-34;刺:さし|身:み
お酒;osake;おさけ;sake;第5週;6日目;Hari ke-34;酒:さけ
日本酒;nihonshu;にほんしゅ;sake jepang;第5週;6日目;Hari ke-34;日:に|本:ほん|酒:しゅ
料理酒;ryōrishu;りょうりしゅ;sake untuk masak;第5週;6日目;Hari ke-34;料:りょう|理:り|酒:しゅ
酒屋;sakaya;さかや;toko sake;第5週;6日目;Hari ke-34;酒:さか|屋:や
吸う;su'u;すう;menghisap;第5週;6日目;Hari ke-34;吸:す
呼吸;kokyū;こきゅう;pernafasan;第5週;6日目;Hari ke-34;呼:こ|吸:きゅう
欲しい;hoshī;ほしい;ingin;第5週;6日目;Hari ke-34;欲:ほ
食欲;shokuyoku;しょくよく;nafsu makan;第5週;6日目;Hari ke-34;食:しょく|欲:よく
意欲;iyoku;いよく;keinginan;第5週;6日目;Hari ke-34;意:い|欲:よく
眠い;nemui;ねむい;mengantuk;第5週;6日目;Hari ke-34;眠:ねむ
眠る;nemuru;ねむる;tertidur;第5週;6日目;Hari ke-34;眠:ねむ
睡眠;suimin;すいみん;tidur;第5週;6日目;Hari ke-34;睡:すい|眠:みん
疲れる;tsukareru;つかれる;lelah;第5週;6日目;Hari ke-34;疲:つか
息;iki;いき;nafas;第5週;6日目;Hari ke-34;息:いき
息切れ;ikigire;いきぎれ;habis nafas;第5週;6日目;Hari ke-34;息:いき|切:ぎれ
息子;musuko;むすこ;anak laki-laki;第5週;6日目;Hari ke-34;息:むす|子:こ
呼ぶ;yobu;よぶ;memanggil;第5週;6日目;Hari ke-34;呼:よ
呼吸;kokyū;こきゅう;pernafasan;第5週;6日目;Hari ke-34;呼:こ|吸:きゅう
厚い;atsui;あつい;tebal;第5週;7日目;Hari ke-35;厚:あつ
泣く;naku;なく;menangis;第5週;7日目;Hari ke-35;泣:な
鳴く;naku;なく;berkicau, bersuara;第5週;7日目;Hari ke-35;鳴:な
鳴る;naru;なる;bunyi, berdering;第5週;7日目;Hari ke-35;鳴:な
初め;hajime;はじめ;awal (nya);第5週;7日目;Hari ke-35;初:はじ
初めて;hajimete;はじめて;pertama kali;第5週;7日目;Hari ke-35;初:はじ
最初;saisho;さいしょ;awalnya;第5週;7日目;Hari ke-35;最:さい|初:しょ
初級;shokyū;しょきゅう;level awal;第5週;7日目;Hari ke-35;初:しょ|級:きゅう
泊まる;tomaru;とまる;menginap;第5週;7日目;Hari ke-35;泊:と
泊める;tomeru;とめる;menginap(kan);第5週;7日目;Hari ke-35;泊:と
宿泊;shukuhaku;しゅくはく;penginapan;第5週;7日目;Hari ke-35;宿:しゅく|泊:はく
葉;ha;は;daun;第5週;7日目;Hari ke-35;葉:は
言葉;kotoba;ことば;kosakata;第5週;7日目;Hari ke-35;言:こと|葉:ば
紅葉;kōyō;こうよう;daun musim gugur;第5週;7日目;Hari ke-35;紅:こう|葉:よう
予報;yohō;よほう;ramalan;第6週;1日目;Hari ke-36;予:よ|報:ほう
報告;hōkoku;ほうこく;laporan;第6週;1日目;Hari ke-36;報:ほう|告:こく
晴れ;hare;はれ;cerah;第6週;1日目;Hari ke-36;晴:は
晴れる;hareru;はれる;cerah;第6週;1日目;Hari ke-36;晴:は
雲;kumo;くも;awan;第6週;1日目;Hari ke-36;雲:くも
吹く;fuku;ふく;bertiup;第6週;1日目;Hari ke-36;吹:ふ
暖かい;atatakai;あたたかい;hangat (cuaca);第6週;1日目;Hari ke-36;暖:あたた
暖房;danbō;だんぼう;penghangat ruangan;第6週;1日目;Hari ke-36;暖:だん|房:ぼう
雪;yuki;ゆき;salju;第6週;1日目;Hari ke-36;雪:ゆき
地震;jishin;じしん;gempa bumi;第6週;1日目;Hari ke-36;地:じ|震:しん
震度;shindo;しんど;kuat getaran, intensitas gempa, skala gempa;第6週;1日目;Hari ke-36;震:しん|度:ど
波;nami;なみ;ombak, gelombang;第6週;1日目;Hari ke-36;波:なみ
津波;tsunami;つなみ;tsunami;第6週;1日目;Hari ke-36;津:つ|波:なみ
電波;denpa;でんぱ;jaringan, sinyal;第6週;1日目;Hari ke-36;電:でん|波:ぱ
求める;motomeru;もとめる;meminta, request;第6週;2日目;Hari ke-37;求:もと
求人;kyūjin;きゅうじん;mencari pegawai;第6週;2日目;Hari ke-37;求:きゅう|人:じん
要求;yōkyū;ようきゅう;tuntutan;第6週;2日目;Hari ke-37;要:よう|求:きゅう
請求書;seikyūsho;せいきゅうしょ;surat tagihan (invoice);第6週;2日目;Hari ke-37;請:せい|求:きゅう|書:しょ
募集;boshū;ぼしゅう;perekrutan;第6週;2日目;Hari ke-37;募:ぼ|集:しゅう
職場;shokuba;しょくば;tempat kerja;第6週;2日目;Hari ke-37;職:しょく|場:ば
職業;shokugyō;しょくぎょう;pekerjaan;第6週;2日目;Hari ke-37;職:しょく|業:ぎょう
職員;shokuin;しょくいん;pegawai;第6週;2日目;Hari ke-37;職:しょく|員:いん
転職;tenshoku;てんしょく;pindah kerja;第6週;2日目;Hari ke-37;転:てん|職:しょく
内容;naiyō;ないよう;isi, konten (abstrak);第6週;2日目;Hari ke-37;内:ない|容:よう
美容院;biyōin;びよういん;salon;第6週;2日目;Hari ke-37;美:び|容:よう|院:いん
技術;gijutsu;ぎじゅつ;teknologi;第6週;2日目;Hari ke-37;技:ぎ|術:じゅつ
技術者;gijutsusha;ぎじゅつしゃ;insinyur;第6週;2日目;Hari ke-37;技:ぎ|術:じゅつ|者:しゃ
一般;ippan;いっぱん;umum;第6週;2日目;Hari ke-37;一:いっ|般:ぱん
一般に;ippan ni;いっぱんに;secara umum;第6週;2日目;Hari ke-37;一:いっ|般:ぱん
事務;jimu;じむ;pekerjaan kantor, administrasi;第6週;2日目;Hari ke-37;事:じ|務:む
事務所;jimusho;じむしょ;kantor;第6週;2日目;Hari ke-37;事:じ|務:む|所:しょ
公務員;kōmuin;こうむいん;pegawai negeri (sipil);第6週;2日目;Hari ke-37;公:こう|務:む|員:いん
税務署;zeimusho;ぜいむしょ;kantor pajak;第6週;2日目;Hari ke-37;税:ぜい|務:む|署:しょ
第一課;daiikka;だいいっか;bab 1, bagian pertama;第6週;2日目;Hari ke-37;第:だい|一:いっ|課:か
課長;kachō;かちょう;manager (kepala bagian);第6週;2日目;Hari ke-37;課:か|長:ちょう
野球;yakyū;やきゅう;baseball;第6週;3日目;Hari ke-38;野:や|球:きゅう
地球;chikyū;ちきゅう;bumi;第6週;3日目;Hari ke-38;地:ち|球:きゅう
電球;denkyū;でんきゅう;bola lampu;第6週;3日目;Hari ke-38;電:でん|球:きゅう
決める;kimeru;きめる;memutuskan;第6週;3日目;Hari ke-38;決:き
決まる;kimaru;きまる;diputuskan;第6週;3日目;Hari ke-38;決:き
決して;kesshite;けっして;sama sekali (tidak);第6週;3日目;Hari ke-38;決:けっ
決定;kettei;けってい;ditentukan;第6週;3日目;Hari ke-38;決:けっ|定:てい
勝つ;katsu;かつ;menang;第6週;3日目;Hari ke-38;勝:か
決勝;kesshyō;けっしょう;final;第6週;3日目;Hari ke-38;決:けっ|勝:しょう
優勝;yūshyō;ゆうしょう;juara;第6週;3日目;Hari ke-38;優:ゆう|勝:しょう
1対2;ittaini;いったいに;1-2 (skor);第6週;3日目;Hari ke-38;対:たい
反対;hantai;はんたい;berlawanan, tidak setuju;第6週;3日目;Hari ke-38;反:はん|対:たい
流す;nagasu;ながす;mengalirkan;第6週;3日目;Hari ke-38;流:なが
流れる;nagareru;ながれる;mengalir;第6週;3日目;Hari ke-38;流:なが
負ける;makeru;まける;kalah;第6週;3日目;Hari ke-38;負:ま
勝負;shōbu;しょうぶ;menang-kalah;第6週;3日目;Hari ke-38;勝:しょう|負:ぶ
投げる;nageru;なげる;melempar;第6週;3日目;Hari ke-38;投:なげ
投手;tōshū;とうしゅ;pelempar (baseball);第6週;3日目;Hari ke-38;投:とう|手:しゅ
結果;kekka;けっか;hasil;第6週;3日目;Hari ke-38;結:けっ|果:か
果物;kudamono;くだもの;buah-buahan;第6週;3日目;Hari ke-38;果:くだ|物:もの
戦う;tatakau;たたかう;bertarung;第6週;4日目;Hari ke-39;戦:たたか
戦争;sensō;せんそう;perang;第6週;4日目;Hari ke-39;戦:せん|争:そう
戦後;sengo;せんご;setelah perang;第6週;4日目;Hari ke-39;戦:せん|後:ご
経験;keiken;けいけん;pengalaman;第6週;4日目;Hari ke-39;経:けい|験:けん
経営;keiei;けいえい;manajemen;第6週;4日目;Hari ke-39;経:けい|営:えい
済む;sumu;すむ;selesai;第6週;4日目;Hari ke-39;済:す
経済;keizai;けいざい;ekonomi;第6週;4日目;Hari ke-39;経:けい|済:ざい
完成;kansei;かんせい;selesai (membuat);第6週;4日目;Hari ke-39;完:かん|成:せい
成長;seichyō;せいちょう;tumbuh;第6週;4日目;Hari ke-39;成:せい|長:ちょう
貿易;bōeki;ぼうえき;perdagangan;第6週;4日目;Hari ke-39;貿:ぼう|易:えき
易しい;yasashī;やさしい;mudah;第6週;4日目;Hari ke-39;易:やさ
輸出;yushutsu;ゆしゅつ;ekspor;第6週;4日目;Hari ke-39;輸:ゆ|出:しゅつ
輸入;yunyū;ゆにゅう;impor;第6週;4日目;Hari ke-39;輸:ゆ|入:にゅう
輸送;yusō;ゆそう;mengirim, transportasi;第6週;4日目;Hari ke-39;輸:ゆ|送:そう
相談;sōdan;そうだん;konsultasi, berunding;第6週;4日目;Hari ke-39;相:そう|談:だん
相手;aite;あいて;pasangan, lawan bicara;第6週;4日目;Hari ke-39;相:あい|手:て
首相;shushō;しゅしょう;perdana menteri;第6週;4日目;Hari ke-39;首:しゅ|相:しょう
文化;bunka;ぶんか;budaya;第6週;5日目;Hari ke-40;文:ぶん|化:か
化学;kagaku;かがく;kimia;第6週;5日目;Hari ke-40;化:か|学:がく
化粧;keshyō;けしょう;merias (wajah);第6週;5日目;Hari ke-40;化:け|粧:しょう
比べる;kuraberu;くらべる;membandingkan;第6週;5日目;Hari ke-40;比:くら
原料;genryō;げんりょう;bahan dasar;第6週;5日目;Hari ke-40;原:げん|料:りょう
原因;genin;げんいん;penyebab;第6週;5日目;Hari ke-40;原:げん|因:いん
国際;kokusai;こくさい;international;第6週;5日目;Hari ke-40;国:こく|際:さい
交際;kōsai;こうさい;bergaul, berpacaran;第6週;5日目;Hari ke-40;交:こう|際:さい
会議;kaigi;かいぎ;rapat;第6週;5日目;Hari ke-40;会:かい|議:ぎ
議員;gi'in;ぎいん;anggota parlemen;第6週;5日目;Hari ke-40;議:ぎ|員:いん
生活;seikatsu;せいかつ;kehidupan;第6週;5日目;Hari ke-40;生:せい|活:かつ
活動;katsudō;かつどう;aktivitas, kegiatan;第6週;5日目;Hari ke-40;活:かつ|動:どう
変える;kaeru;かえる;merubah;第6週;5日目;Hari ke-40;変:かえ
変わる;kawaru;かわる;berubah;第6週;5日目;Hari ke-40;変:かわ
変化;henka;へんか;perubahan;第6週;5日目;Hari ke-40;変:へん|化:か
大変（な）;taihen (na);たいへん（な）;berat, sulit;第6週;5日目;Hari ke-40;大:たい|変:へん
政治;seiji;せいじ;politik;第6週;6日目;Hari ke-41;政:せい|治:じ
政治家;seijika;せいじか;politikus;第6週;6日目;Hari ke-41;政:せい|治:じ|家:か
政府;seifu;せいふ;pemerintahan;第6週;6日目;Hari ke-41;政:せい|府:ふ
都道府県;todōfuken;とどうふけん;prefektur;第6週;6日目;Hari ke-41;都:と|道:どう|府:ふ|県:けん
改める;aratameru;あらためる;merubah;第6週;6日目;Hari ke-41;改:あらた
改正;kaisei;かいせい;revisi;第6週;6日目;Hari ke-41;改:かい|正:せい
改札口;kaisatsuguchi;かいさつぐち;gate keluar-masuk stasiun;第6週;6日目;Hari ke-41;改:かい|札:さつ|口:ぐち
実は;jitsu wa;じつは;sebenarnya;第6週;6日目;Hari ke-41;実:じつ
実験;jikken;じっけん;percobaan;第6週;6日目;Hari ke-41;実:じっ|験:けん
実際に;jissaini;じっさいに;sesungguhnya;第6週;6日目;Hari ke-41;実:じっ|際:さい
欠ける;kakeru;かける;berkurang;第6週;6日目;Hari ke-41;欠:か
欠点;ketten;けってん;kelemahan, kekurangan;第6週;6日目;Hari ke-41;欠:けっ|点:てん
欠席;kesseki;けっせき;tidak hadir;第6週;6日目;Hari ke-41;欠:けっ|席:せき
専門;senmon;せんもん;bidang khusus;第6週;6日目;Hari ke-41;専:せん|門:もん
専門家;senmonka;せんもんか;spesialis (orang);第6週;6日目;Hari ke-41;専:せん|門:もん|家:か
否定;hitei;ひてい;menyangkal;第6週;6日目;Hari ke-41;否:ひ|定:てい
否定的;hiteiteki;ひていてき;menyangkal, negatif;第6週;6日目;Hari ke-41;否:ひ|定:てい|的:てき
国際的;kokusai-teki;こくさいてき;secara internasional;第6週;6日目;Hari ke-41;国:こく|際:さい|的:てき
個人的;kojin-teki;こじんてき;secara pribadi;第6週;6日目;Hari ke-41;個:こ|人:じん|的:てき
目的;mokuteki;もくてき;tujuan;第6週;6日目;Hari ke-41;目:もく|的:てき
死亡;shibō;しぼう;meninggal;第6週;7日目;Hari ke-42;死:し|亡:ぼう
亡くなる;nakunaru;なくなる;meninggal;第6週;7日目;Hari ke-42;亡:なく
忙しい;isogashii;いそがしい;sibuk;第6週;7日目;Hari ke-42;忙:いそが
多忙（な）;tabō (na);たぼう（な）;sibuk;第6週;7日目;Hari ke-42;多:た|忙:ぼう
忘れる;wasureru;わすれる;lupa;第6週;7日目;Hari ke-42;忘:わす
忘れ物;wasuremono;わすれもの;barang ketinggalan;第6週;7日目;Hari ke-42;忘:わす|物:もの
忘年会;bōnenkai;ぼうねんかい;pesta akhir tahun;第6週;7日目;Hari ke-42;忘:ぼう|年:ねん|会:かい
お祭り;omatsuri;おまつり;festival;第6週;7日目;Hari ke-42;お:お|祭:まつり
文化祭;bunkasai;ぶんかさい;festival budaya;第6週;7日目;Hari ke-42;文:ぶん|化:か|祭:さい
情報;jōhō;じょうほう;informasi;第6週;7日目;Hari ke-42;情:じょう|報:ほう
表情;hyōjō;ひょうじょう;ekspresi muka;第6週;7日目;Hari ke-42;表:ひょう|情:じょう
事情;jijō;じじょう;alasan, kondisi;第6週;7日目;Hari ke-42;事:じ|情:じょう
感情;kanjō;かんじょう;emosi;第6週;7日目;Hari ke-42;感:かん|情:じょう
反対;hantai;はんたい;berlawanan, tidak setuju;第6週;7日目;Hari ke-42;反:はん|対:たい
苦労;kurō;くろう;bersusah-payah;第6週;7日目;Hari ke-42;苦:く|労:ろう
労働者;rōdōsha;ろうどうしゃ;pekerja;第6週;7日目;Hari ke-42;労:ろう|働:どう|者:しゃ
加える;kuwaeru;くわえる;menambahkan;第6週;7日目;Hari ke-42;加:くわ
参加;sanka;さんか;ikut serta;第6週;7日目;Hari ke-42;参:さん|加:か
増加;zōka;ぞうか;bertambah, meningkat;第6週;7日目;Hari ke-42;増:ぞう|加:か