pola;arti;文型;desc1;desc2;desc3;contohJP1;contohID1;contohJP2;contohID2;contohJP3;contohID3;第～週;～日目;Hari ke-;
受身形 (1);kalimat pasif (1);K. Kerja ～れる／～られる;sering digunakan pada saat menjelaskan fakta tanpa subjek atau pelaku;;;この本には、詳しい説明は書かれていません。;di buku ini, penjelasan detailnya tidak tertulis;入学式は、このホールで行われます。;upacara penerimaan siswa baru dilaksanakan di hall ini;これは、世界でいちばん大きいダイヤモンドだと言われています。;ini dikatakan (sebagai) berlian terbesar di dunia;1;1;1;
受身形 (2);kalimat pasif (2);(K. Benda に) K. Kerja ～れる／～られる;Sering digunakan ketika pembicara mengalami kesulitan, kesusahan, gangguan atau kebingungan akibat hal yang terjadi;;;友達の赤ちゃんを抱っこしたら、泣かれてしまった。;setelah saya gendong anak teman, (saya) ditangisi (oleh bayi);雨に降られて、服がぬれてしまった。;baju saya basah karena kehujanan;父に死なれて、大学を続けられなくなりました。;saya tidak bisa melanjutkan kuliah karena ditinggal pergi (meninggal) oleh ayah;1;1;1;
使役形;kalimat kausatif;K. Kerja (さ)せて [ください／～ませんか / もらえますか／～ませんか / いただけますか／～ませんか];ungkapan untuk meminta izin dengan bentuk kausatif (izinkan saya, biarkan saya…);;;ちょっと気分が悪いので、早く帰らせてください。;karena saya kurang enak badan, izinkan saya pulang lebih cepat;あなたの会社のお話を聞かせてください。;izinkan saya mendengarkan cerita tentang perusahaan anda;手を洗わせてください。;izinkan saya mencuci tangan;1;1;1;
～ないと;harus…;K. Kerja ～ないと ｜ ～なくちゃ ｜ ～なきゃ;bentuk pendek dari ～ないといけない atau ～なければならない;;;明日は早く出かけるから、もう寝ないと。;karena besok berangkat cepat, (jam segini) sudah harus tidur;試験まであと1ヵ月だ。がんばって勉強しないと。;ujian kurang satu bulan lagi... harus semangat belajar;田中さんにメールの返信をしなくちゃ。;saya harus balas email tanaka-san;1;2;2;
～ちゃった;(selesai / menyesal / tidak sengaja);K. Kerja てしまう→ちゃう ｜ K. Kerja でしまう→じゃう;sering digunakan dalam bahasa lisan;menjelaskan sesuatu yang dilakukan sampai selesai / habis;dalam konteks tertentu ada perasaan kecewa, menyesal, tidak sengaja;A：「ここにあったチョコレートは?」 B：「あ、食べちゃった。」;eh coklat yang ada disini mana? / yah, udah aku makan;試験が終わった! 今日は飲んじゃおう!;ujiannya telah selesai! hari ini ayo kita minum-minum;すみません、車が混んじゃって... 少し遅れます。;maaf mobil di jalan padat, jadi saya sedikit terlambat;1;2;2;
～とく;terlebih dahulu…;K. Kerja ておく→とく ｜ K. Kerja でおく→どく;sering digunakan dalam bahasa lisan;melakukan sesuatu perbuatan sebagai sebuah persiapan;bisa juga untuk mempertahankan suatu kondisi atau keadaan;テストで間違ったところを、ノートに書いとこう。;bagian yang salah di ujian, ayo tulis di buku catatan terlebih dahulu;これ洗濯しといて。;ini tolong dicuci dulu ya;トイレットペーパーがもうすぐなくなるから、買っとかないと。;tisu toilet sebentar lagi habis, harus beli dulu;1;2;2;
～みたい (sepertinya);sepertinya;K. Kerja (biasa) / K. Sifat-i (biasa) / K. Sifat-na な / K. Benda だ → みたいだ;merupakan bahasa lisan dari 「～ようだ」;digunakan ketika pembicara mengambil kesimpulan atas hal yang didengar, dilihat & dirasakan;;明日は雨みたいね。;besok sepertinya hujan;このアパートはだれも住んでいないみたいだ。;apartemen ini sepertinya tidak ditinggali siapa-siapa;;;1;3;3;
～みたい (seperti);seperti;K. Benda (biasa) [みたいだ / みたいに / みたいな KB];digunakan untuk menjelaskan sesuatu dengan menunjukkan contoh atau mengibaratkan sesuatu;;;彼の話し方は、女みたいだ。;cara dia berbicara seperti perempuan;私は大阪みたいな賑やかな街が好きです。;saya suka kota yang ramai seperti osaka;リンさんみたいに日本語がうまくなりたい。;saya ingin pandai bahasa Jepang seperti rin-san;1;3;3;
～らしい (banget);banget / layaknya;K. Benda らしい;ungkapan untuk menunjukkan ciri khas sebuah sifat, karakter atau keadaan;;;今日は、春らしい暖かい日でした。;hari ini (cuacanya) hangat, (terasa sekali) musim semi nya;私は女性らしい洋服はあまり着ない。;saya jarang memakai pakaian yang cewek banget;田中さんは本当に男らしいですね。;tanaka-san itu bener-bener cowok banget yah!;1;3;3;
～らしい (sepertinya);dengar-dengar / sepertinya;K. Kerja (biasa) / K. Sifat-i (biasa) / K. Sifat-na だ / K. Benda だ → らしい;mengungkapkan suatu hal berdasarkan informasi yang didapat dari luar (biasanya untuk gosip);;;最近、仕事大変らしいね。大丈夫?;akhir-akhir ini denger-denger kerjaan lagi berat ya, kamu gapapa?!;あのレストランのハンバーグはとってもおいしいらしいよ。;hamburg di restoran itu katanya enak;サントスさんは最近、日本人の彼女ができたらしい。;sepertinya santos belakangan ini punya pacar orang jepang;1;3;3;
～っぽい;seperti / terlihat seperti;K. Kerja ～ます / K. Sifat-i ～い / K. Benda だ → っぽい;menerangkan sebuah sifat, karakter atau keadaan;sering digunakan dalam konteks negatif (tapi tidak selalu);;あの小学生は、大人っぽい。;anak SD itu seperti orang dewasa;この料理は油っぽくていやだ。;masakan ini seperti berminyak sekali, saya tidak suka;私の母はもう年のせいか、最近忘れっぽい。;ibu saya entah karena faktor usia, akhir-akhir ini mudah lupa;1;3;3;
～ようにする;usahakan;K. Kerja ～る / K. Kerja ～ない ようにする;digunakan untuk mengungkapkan sebuah usaha, kebiasaan;;;忘れ物をしないようにしましょう。;mari usahakan tidak meninggalkan barang;毎食後、歯をみがくようにしています。;setiap selesai makan saya usahakan untuk menggosok gigi;毎日野菜を食べるようにします。;setiap hari saya akan berusaha untuk makan sayur;1;4;4;
～ようになる;sudah bisa / menjadi (keadaan);K. Kerja ～る / K. Kerja ～れる ようになる;jika menggunakan kata kerja potensial, terdapat perubahan dari tidak bisa menjadi bisa;;;最近、納豆が食べられるようになりました。;akhir-akhir ini saya bisa makan natto;大学生になってから自分で弁当を作るようになりました。;setelah jadi mahasiswa, saya jadi bikin bento sendiri;ここの電気は人が通るとつくようになっています。;lampu ini kalau ada orang lewat, akan menyala;1;4;4;
～ように (supaya);supaya... / agar...;K. Kerja ～る / K. Kerja ～ない / K. Kerja ～れる ように;sering digunakan dengan kata kerja potensial;dan kata kerja yang menyatakan keadaan (bukan keinginan);keadaan seperti itulah yang diinginkan oleh pembicara;忘れないように、手帳に書いておこう。;supaya tidak lupa, tulis di buku agenda dulu;みんなに聞こえるようにもっと大きな声で話してください。;supaya terdengar oleh semua, tolong bicara dengan suara lebih besar;;;1;4;4;
～ために;demi / untuk...;K. Kerja ～る / K. Benda の ために;untuk mewujudkan cita-cita, tujuan & sebuah keinginan yang kuat;biasanya dengan kata kerja yang mengandung maksud, niat & keinginan (bukan keadaan);;家を買うために貯金をしている。;saya menabung demi (untuk) beli rumah;働くために学校をやめた。;saya berhenti sekolah untuk bekerja;;;1;4;4;
～ように (seperti yang);seperti (yang)...;K. Kerja (biasa) / K. benda の ように;sering digunakan dalam kalimat pembuka;;;皆様ご存じのように、試験の内容が変わります。;seperti yang semua ketahui, isi (materi) ujiannya akan berubah;ここに書いてあるように、今度の木曜日、授業は午前中だけです。;seperti yang tertulis di sini, kelas/kuliah kamis depan hanya pagi saja;前にお話したように、来年から授業料が値上がりました。;seperti yang saya bicarakan sebelumnya, mulai tahun depan biaya kelas/kuliahnya naik;1;5;5;
～ように (mohon agar);mohon agar;K. Kerja ～る / K. Kerja ～ない ように;mengungkapkan sebuah perintah yang ringan;;;明日はもっと早く来るように。;mohon agar besok datang lebih cepat;ここで、たばこを吸わないように。;mohon agar tidak merokok disini;遅れる場合は連絡するように。;apabila terlambat, mohon agar menghubungi;1;5;5;
～ように (mudah-mudahan);mudah-mudahan;K. Kerja ～ます / K. Kerja ～ません / K. Kerja ～れます ように;mengungkapkan sebuah doa & harapan;;;合格しますように。;mudah-mudahan saya bisa lulus;母の病気が治りますように。;mudah-mudahan penyakit ibu sembuh;インフルエンザにかかりませんように。;mudah-mudahan tidak terkena influenza;1;5;5;
～ようと思う;bermaksud ingin...;K. Kerja ～よう / K. Kerja ～まい ようと思う;mengungkapkan niat atau rencana yang didasarkan atas keinginan sendiri;;;会社をやめようと思っている。;saya bermaksud ingin berhenti dari kantor;来年、国に帰ろうと思っています。;tahun depan saya bermaksud ingin pulang ke negara;;;1;6;6;
～ようとする;(pas) mau..., akan...;K. Kerja ～よう ようとする;ketika subjek atau pembicara mempunyai keinginan atau niat akan melakukan suatu hal;;;あ、ポチが、あなたの靴をかもうとしているよ。;eh si pochi mau gigit sepatu kamu;電車に乗ろうとしたときに、ドアが閉まって乗れなかった。;pas ketika saya mau naik kereta, pintunya tertutup, jadi saya tidak bisa naik;ポチはぼくが出かけようとすると、ほえる。;di saat saya mau keluar, pochi selalu menggonggong;1;6;6;
～ようとしない;tidak mau, tidak ada niat;K. Kerja ～よう ようとしない;bentuk negatif dari ～ようとする;;;ポチ、どうしたんだろう。ご飯を食べようとしないんだよ。;pochi kenapa yah? kok dia tidak mau makan;彼は、自分のことは何も言おうとしない。;dia tidak mau mengatakan apa-apa tentang dirinya;;;1;6;6;
～ばかり;melulu / terus-terusan;K. Benda だ / K. Kerja ～て → ばかり / K. Kerja ～てばかりいる;mengungkapkan sesuatu yang hanya itu-itu saja;;;この店のお客さんは女性ばかりです。;customer toko ini perempuan melulu (yang datang perempuan terus);弟は、テレビを見てばかりいる。;adik saya nonton tv melulu (nonton tv terus-terusan);息子は仕事もしないで遊んでばかりいる。;anak saya bermain terus, tidak mau bekerja;2;1;7;
～だけしか;hanya... saja;K. Benda だけしか K. Kerja ない;untuk memberi penekanan pada kata "hanya";;;このコンサートは、会員だけしか入れません。;konser ini hanya bisa dimasuki (ditonton) oleh member saja;今日はお客様が一人だけしか来ませんでした。;hari ini customer yang datang hanya satu orang saja;;;2;1;7;
～さえ;...pun / ...juga / ...aja;K. Benda / K. Benda に / K. Benda で → さえ;sering digunakan dalam kalimat yang mempunyai kesan negatif;biasanya pembicara merasa kesal, heran, tidak habis pikir;;そんなこと、子どもでさえ知っている。;hal seperti itu anak kecil pun tahu;ひらがなさえ書けないんですから、漢字なんて書けません。;menulis hiragana saja tidak bisa, apalagi huruf kanji;退職することを両親にさえ相談しないで決めた。;saya memutuskan berhenti kerja tanpa berunding dengan orang tua sekalipun;2;1;7;
～こそ;justru... / ...pasti;K. Benda こそ / ～からこそ (alasan);digunakan untuk memberi penekanan;biasanya tidak digunakan dalam kalimat yang bernuansa negatif;;辛い時こそ、大切なことを学べるチャンスだ。;justru di masa-masa sulit lah kesempatan bisa mempelajari hal-hal penting;愛情があるからこそ、しかるんです。;justru karena ada rasa sayang, makanya marah;明日こそ勉強するぞ！;besok saya pasti belajar! (bukan hari ini, tapi besok!);2;1;7;
～について;tentang, mengenai;K. Benda に ついて / ついての KB / ついては / ついても;mengungkapkan topik/tema yang sedang dibicarakan;;;日本文化について勉強する。;saya belajar tentang budaya Jepang;「受験についての注意」を読む。;saya membaca hal yang perlu diperhatikan mengenai ujian;;;2;2;8;
～に関して;sehubungan dengan, tentang, mengenai;K. Benda に / Kalimat ～のに → 関して / 関しては / 関しても / 関するKB / 関してのKB;ungkapan ini lebih kaku daripada ～について & sering digunakan dalam situasi formal;;;農業に関する論文を読む。;saya membaca makalah (hasil penelitian) yang berhubungan dengan pertanian;この問題に関して、ご意見ありませんか。;sehubungan dengan masalah ini, apakah ada pendapat?;今回の事故の原因に関してですが、現在調査中です。;mengenai penyebab kecelakaannya saat ini sedang diinvestigasi;2;2;8;
～によると;menurut...;K. Benda に よると / よれば;digunakan untuk menjelaskan sumber informasi berdasarkan apa;;;天気予報によれば、明日は晴れるらしい。;menurut ramalan cuaca, besok katanya cerah;さっきの地震はテレビの速報によると震度３だそうだ。;menurut berita di tv, katanya gempa yang tadi berkekuatan 3 skala richter (M 3);;;2;2;8;
～によって;dengan (cara), tergantung, karena;K. Benda に よって / よっては / より / よるKB;digunakan untuk mengungkapkan sebuah (1) cara (2) keadaan "tergantung" (3) penyebab;;;彼は努力によって病気を克服した。;dia mengatasi penyakit dengan cara berusaha;人によって考え方が違います。;cara berpikir berbeda tergantung orangnya (setiap orang berbeda-beda);台風によって屋根が飛ばされた。;atap rumah beterbangan karena angin topan;2;2;8;
KS-i/-na → さ;-nya (perasaan, karakter, tingkatan);KS-i い→ さ / KS-na だ→ さ / ※ いい→ よさ;merubah bentuk kata sifat menjadi kata benda;banyak digunakan untuk mengungkapkan perasaan, karakter & tingkatan;;大きさは違うが、君と同じかばんを持っているよ。;besarnya beda, tapi saya punya tas yang sama dengan punya kamu;子どもに命の大切さを教えなければならない。;(kita) harus mengajarkan kepada anak tentang pentingnya sebuah jiwa/nyawa;;2;3;9;
KS-i/-na → み;-nya (keadaan, karakter, kekuatan);KS-i い→ み / KS-na だ→ み;merubah bentuk kata sifat menjadi kata benda;banyak digunakan untuk mengungkapkan sebuah keadaan, karakter;;戦争が終わった今でも、この国の苦しみはまだ続いている。;penderitaan negara ini masih berkelanjutan meskipun saat ini perang sudah selesai;田中さんの強みは、２ヵ国語が話せるということです。;kekuatan tanaka-san adalah mampu berbicara 2 bahasa;;2;3;9;
～こと;perihal, tentang;K. Kerja (biasa) / K. Sifat -i (biasa) / K. Sifat -na な / K. Benda の / K. Benda である → こと;dapat berfungsi sebagai pembentuk kata benda;;;来週のテストのことで、質問があります。;saya ada pertanyaan perihal ujian minggu depan;田中さんが入院したことを知っていますか。;apakah kamu tahu tanaka-san masuk rumah sakit?;そんな無理なことを言わないでください。;jangan bilang hal yang tidak mungkin seperti itu;2;3;9;
～の;-nya (pembentuk kata benda, kasual);K. Kerja (biasa) / K. Sifat -i (biasa) / K. Sifat -na な / K. Benda な → の;berfungsi sebagai pembentuk kata benda sama seperti ～こと;～の lebih kasual, ～こと formal;;田中さんに電話するのをすっかり忘れていました。;saya benar-benar lupa menelpon tanaka-san;日曜日に混んだところへ行くのは、あまり好きではありません。;hari minggu pergi ke tempat yang ramai itu saya tidak begitu suka;;2;3;9;
～という;yang bernama, yang disebut, artinya;K. Benda という KB / K. Benda というもの/こと;digunakan untuk menyebut nama, menjelaskan arti atau istilah;;;さっき、木村さんという人から電話がありましたよ。;tadi ada telepon dari seseorang yang bernama kimura;これは、日本の楽器で「尺八」というものです。;ini adalah alat musik dari Jepang, namanya "shakuhachi";お金はいりません。無料ということです。;tidak perlu uang... artinya (maksudnya) gratis!;2;4;10;
～というのは;yang dimaksud... adalah;K. Benda というのは / K. Benda っていうのは;digunakan untuk menjelaskan makna atau definisi sebuah istilah;;;「デジカメ」というのは、デジタルカメラを短くした言い方です。;"dejikame" adalah kependekan dari "digital kamera";A：「電車で「カクテイ」っていうのは何のことですか。」;istilah "kakutei" dalam kereta itu maksudnya apa?;B：「各駅に停車する電車のことです。」;maksdunya kereta yang berhenti di setiap stasiun;2;4;10;
～というの/こと;bahwa... (membendakan kalimat);KALIMAT (biasa) というの / っていうの / ということ / っていうこと;membendakan kalimat untuk dijadikan subjek atau objek;;;田中さんが医者だというのを知らなかった。;saya tidak tahu bahwa rin-san adalah seorang dokter;こんなによく遅刻をするというのは問題です。;kamu sering terlambat seperti ini adalah sebuah masalah;リンさんが帰国するということを聞いて驚きました。;saya kaget mendengar bahwa rin-san akan pulang ke negaranya;2;4;10;
～というより;daripada..., bukan... tapi...;KK/KS/KB (biasa) というより / というか;digunakan untuk memperbaiki pernyataan dengan ungkapan yang lebih tepat;;;前の車は遅すぎて、走るというよりはっているようだ。;mobil depan lambat sekali, dari pada (disebut) berjalan, (lebih tepat disebut) merangkak;今日は涼しいというより寒いくらいだった。;hari ini (lebih tepat disebut) dingin daripada sejuk;あの学生はできないというか、やる気がないのでしょう。;siswa itu bukannya tidak bisa, tapi tidak punya semangat;2;5;11;
～というと;kalau ngomongin soal...;KK/KS/KB (biasa) というと / といえば / といったら;digunakan untuk memunculkan bayangan/impresi dari topik yang disebut;;;京都というと、お寺をイメージします。;kalau membahas tentang kyoto, saya membayangkan temple;日本の食べ物といえば、おすしがいちばん有名だと思います。;kalau membicarakan makanan Jepang, menurut saya sushi yang paling terkenal;夏の果物といったらやっぱりスイカだね。;kalau membicarakan buah musim panas, tentunya semangka!;2;5;11;
～といっても;meskipun dikatakan... tapi;KK/KS/KB (biasa) といっても;digunakan ketika kenyataannya tidak sesuai dengan apa yang dibayangkan;;;週末は旅行しました。旅行といっても、近くの温泉に行っただけですが。;weekend lalu saya berwisata. meskipun dikatakan wisata, tapi hanya pergi ke onsen terdekat;今週は忙しい、といっても先週ほどじゃない。;minggu ini saya sibuk. meskipun dikatakan sibuk, (tapi) tidak sesibuk minggu lalu;;2;5;11;
～てごらん;coba...;K. Kerja て ごらん (なさい);digunakan dari atasan ke bawahan, orang tua ke anak, guru ke murid;;;わからなかったら、先生に聞いてごらん。;kalau tidak tahu silahkan coba tanya ke sensei;もう一度やってごらんなさい。;coba lakukan sekali lagi;;2;6;12;
～ようにいう;bilang supaya...;K. Kerja るよう (に) 言う/頼む / K. Kerja ないよう (に) 言う/頼む;digunakan untuk menyampaikan perintah/permintaan secara tidak langsung;;;田中さんに、私の部屋に来るよう(に)言ってください。;tolong bilang ke tanaka-san supaya datang ke ruangan saya;妻に、家ではたばこを吸わないよう(に)言われています。;saya dibilang oleh istri supaya tidak merokok (kalau) di rumah;;2;6;12;
～てくれと言われる;dibilang supaya (tolong)...;K. Kerja てくれと 言われる/頼まれる / K. Kerja ないでくれと 言われる/頼まれる;menyatakan permintaan yang diterima dari orang lain (secara kasual);;;友達に、田中さんの電話番号を教えてくれと頼まれた。;saya diminta teman untuk memberitahu nomor telepon tanaka-san;大家に、玄関の前に自転車を置かないでくれと言われた。;saya dibilang oleh pemilik rumah (apartemen) agar tidak meletakkan sepeda di depan pintu;;2;6;12;
禁止/命令 ～と言われる;dibilang supaya (perintah/larangan);KK PERINTAH と / KK ～るなと 言われる/注意される/怒られる/しかられる;menyatakan perintah atau larangan yang diterima dari orang lain;;;医者に酒を飲むなと言われた。;saya dibilangin dokter untuk tidak minum;先生に、もっと勉強しろと言われた。;saya dibilang sensei agar belajar lebih giat lagi;父に、もっと早く帰れと注意された。;saya ditegur ayah supaya pulang lebih cepat;2;6;12;
～ても;meskipun, sekalipun;K. Kerja ～ても / K. Sifat -i ～くても / K. Sifat -na ～でも / K. Benda ～でも;menyatakan kondisi yang berlawanan dengan yang terjadi di kalimat selanjutnya;;;必要なので、高くても買います。;karena saya butuh, meskipun mahal (tetap) saya beli;調べてもわからなかったので、先生に聞いた。;meskipun sudah mencari tahu, saya tidak tahu, jadi saya tanya ke guru;お金がないので、半額でも買いません。;karena tidak ada uang, meskipun setengah harga, saya tidak akan beli;3;1;13;
KATA TANYA ～ても;se...pun, apapun;どんなに/いくら KB/KK/KS ～ても / どう/いつ/だれが/何を ～ても;digunakan bersama kata tanya untuk menyatakan "apapun kondisinya, hasilnya tetap sama";;;いくらお酒を飲んでも顔色が変わらない。;sebanyak apapun saya minum sake, warna wajah saya tidak berubah;私はどんなに暑くても寝るときはクーラーを消して寝ます。;sepanas apapun, ketika tidur saya mematikan AC;ギターを習い始めたが、どんなに練習しても全然うまくならない。;saya mulai belajar gitar, tapi segiat apapun saya latihan, tidak pandai-pandai;3;1;13;
～ずに;tanpa;K. Kerja ない → ずに / しない → せずに;ungkapan ini terkesan lebih kaku & formal dari pada ～ないで;;;辞書を使わずに書いたので、自信がありません。;karena saya menulis tanpa menggunakan kamus, saya tidak percaya diri;昨夜、歯をみがかずに寝てしまった。;semalam saya tertidur tanpa gosok gigi;傘を持たずに、出かけてしまった。;saya keluar tanpa membawa payung;3;1;13;
～として;sebagai;K. Benda として / としては / としても / としての KB;menyatakan peran, posisi, atau kapasitas seseorang/sesuatu;;;彼は歌手として有名だ。;dia terkenal sebagai penyanyi;彼は外国人だが、日本代表として試合に出る。;dia orang asing tapi tampil di pertandingan sebagai perwakilan negara Jepang;彼女は女性としても女優としても最高だが、妻としてはどうだろう。;baik sebagai perempuan maupun aktris, dia yang terbaik. tapi sebagai istri, bagaimana yah...;3;2;14;
～にしては;bagi..., buat...;K. Kerja (biasa) にしては / K. Benda (biasa) にしては ※それにしては (kata penghubung);untuk menyatakan kenyataan yang diluar ekspektasi;;;外国人にしては日本語が上手だ。;bagi dia (yang merupakan) orang asing, dia pandai berbahasa Jepang;初めてにしては、よくできました。;buat orang yang melakukan untuk pertama kali, (kamu) sudah melakukannya dengan baik;洗ったの? それにしてはきれいじゃないね。;ini sudah kamu cuci?! tapi, (buat pakaian yang sudah dicuci) agak kurang bersih;3;2;14;
～にしても;meskipun... (saya ngerti, tapi);K. Kerja (biasa) にしても / K. Sifat-i (biasa) にしても / K. Benda にしても ※それにしても (kata penghubung);digunakan ketika pembicara ngerti situasinya tapi tetap merasa ada yg mengganjal;;;これは、100円にしても、高いと思う。;ini meskipun 100 yen, tapi menurut saya mahal;遅れるとは聞いていたけど、それにしても田中さん、遅いね。;saya sudah tahu (dengar) dia akan terlambat, meskipun begitu, tanaka-san lama yah!;;3;2;14;
～としたら;kalau, seandainya;K. Kerja/K. Sifat-i (biasa) としたら / K. Sifat-na だ としたら / K. Benda だ としたら ※とすれば;biasa digunakan dalam kalimat pengandaian;;;その話が本当だとしたら、うれしいです。;seandainya cerita itu benar, saya senang;飛行機で行くとしたら、いくらぐらいかかりますか。;kalau pergi menggunakan pesawat, butuh biaya berapa?;;3;2;14;
～つもりだった;tadinya..., tapi;K. Kerja ～る / K. Kerja ～ない つもりだった;menyatakan rencana atau niat yang tidak terlaksana;;;昨日は買い物に行くつもりでしたが、頭が痛かったのでずっと家にいました。;kemarin saya bermaksud belanja, tapi karena sakit kepala, saya di rumah saja (terus seharian);お菓子を食べないつもりでしたが、つい食べてしまいました。;saya tidak bermaksud makan kue, tapi (entah kenapa) saya memakannya;;3;3;15;
～はず;seharusnya;K. Kerja/K. Sifat-i (biasa) はず / K. Sifat-na な はず / K. Benda の はず ※～はずがない (tidak mungkin);digunakan ketika pembicara merasa yakin akan suatu hal;;;田中さんは今旅行中だから、家にいないはず。;karena tanaka-san sekarang sedang pergi berwisata, seharusnya tidak di rumah;まじめな田中さんが、無断で休むはずがない。;orang yang rajin (seperti) tanaka-san tidak mungkin tidak masuk tanpa izin;;3;3;15;
～べき;seharusnya (nasehat/saran);K. Kerja る べきだ / べきではない ※するべき → すべき;mengungkapkan keharusan yang berupa nasehat, saran, pendapat atau hal-hal yang bersifat umum;;;約束は守るべきだ。;janj itu seharusnya ditepati (harus ditepati);おもちゃは、まず安全であるべきだ。;mainan anak-anak itu pertama harus aman (seharusnya mempertimbangkan aspek keamanan dulu);仕事がおもしろくないのなら、続けるべきではないと思う。;kalau pekerjaan (kamu) tidak menarik, menurut saya tidak seharusnya dilanjutkan;3;3;15;
～たものだ;dulu biasanya...;K. Kerja ～た / K. Kerja ～なかった ものだ (もんだ);menyatakan kenangan atau ingatan di masa lalu (sambil mengingat masa-masa itu);;;子どものころはよく川で遊んだものだ。;sewaktu kecil saya sering bermain di sungai;学生時代は毎日図書館へ通ったものだ。;di zaman masih mahasiswa setiap hari saya ke perpustakaan;昔はよく、兄と兄弟喧嘩をしたものだ。;dulu saya sering bertengkar dengan kakak;3;3;15;
～ついでに;sekalian;K. Kerja ～る / K. Kerja ～た / K. Benda の ついでに;kalimat setelahnya biasanya merupakan hal yang bersifat ringan;;;散歩のついでに、この手紙を出してきてくれませんか。;sekalian jalan-jalan, boleh tolong kirimkan surat ini;郵便局へ行ったついでに、はがきを買ってきた。;sekalian pergi ke kantor pos, saya beli kartu pos;;3;4;16;
～たびに;setiap kali... selalu;K. Kerja ～る / K. Kerja ～る。その / K. Benda の たびに (たび) ※たびには ✗;biasanya tidak digunakan untuk kebiasaan atau hal yang lumrah terjadi; biasanya tidak diikuti kalimat negatif;;;買い物のたびに、袋をたくさんもらう。;setiap kali belanja saya mendapat banyak kantong;この曲を聞くたびに、ふるさとを思い出す。;setiap kali mendengar lagu ini, mengingatkan saya akan kampung halaman;;3;4;16;
～たとたん;begitu... langsung, segera;K. Kerja ～た とたん/とたんに / K. Kerja ～た。そのとたん;kalimat setelahnya tidak berbentuk "keinginan" (termasuk perintah); kalimat setelahnya mengandung unsur diluar dugaan;;;窓を開けたとたん、強い風が入ってきた。;begitu buka jendela, angin kencang masuk;お酒を飲んだとたん、顔が赤くなった。;begitu minum sake, muka saya menjadi merah;家を出たとたん、雨が降ってきた。;begitu keluar rumah, hujan (mulai) turun;3;4;16;
～最中に;ditengah-tengah sedang...;K. Kerja ～ている / K. Benda の 最中に;digunakan untuk menyatakan suatu hal yang terjadi di tengah-tengah kegiatan;;;食事の最中に、お客さんが来た。;di tengah-tengah sedang makan, ada tamu datang;彼はよく会議の最中に居眠りをする。;dia sering tidur di tengah-tengah rapat;会議をしている最中に、携帯電話が鳴った。;disaat sedang rapat, HP berbunyi;3;4;16;
～とおり;sesuai dengan...;K. Kerja ～る / K. Kerja ～た / K. Benda の / K. Benda どおり とおり;menyatakan bahwa sesuatu dilakukan/terjadi sesuai dengan standar/acuan tertentu;;;先生が言ったとおり、試験は難しかった。;sesuai dengan yang sensei katakan, ujiannya susah;友達がかいてくれた地図のとおりに来たが、道に迷った。;saya datang sesuai dengan map yang digambarkan oleh teman, tapi saya nyasar;雪が降ってきた。予報どおりだ。;saljunya mulai turun. sesuai dengan ramalan;3;5;17;
～まま;dalam keadaan;K. Kerja ～た / K. Kerja ～ない / K. Sifat-i (biasa) / K. Sifat-na な / K. Benda の まま;menunjukkan hal yang sama (keadaan) terjadi secara berkelanjutan;;;昨夜は、テレビをつけたまま寝てしまった。;semalam saya tertidur dalam keadaan TV menyala;この野菜は、生のままで食べてもおいしいですよ。;sayuran ini meskipun dimakan dalam keadaan mentah, (tetap) enak lho;友達に本を借りたまま、まだ返していません。;saya (dalam keadaan) meminjam buku dari teman, dan belum mengembalikannya;3;5;17;
～っぱなし;membiarkan, terus-menerus;K. Kerja ます → っぱなし;sering untuk hal yang bersifat negatif (yang tidak seharusnya dilakukan); biasanya mengandung perasaan kecewa, tidak puas;;;窓を開けっぱなしで出てきた。;saya keluar dalam keadaan jendela terbuka;水を出しっぱなしにしないでください。;jangan biarkan airnya keluar terus (air keran);さっきからずっと立ちっぱなしだけど、座らなくて大丈夫?;dari tadi kamus berdiri terus, tidak duduk tidak apa-apa?!;3;5;17;
～きり;hanya;K. Benda きり / きりだ / っきり / っきりだ;menunjukkan bahwa hal tersebut sedikit;;;二人(っ)きりで話をしたいです。;saya ingin berbicara berdua saja;彼に会ったのは1回(っ)きりです。;saya bertemu dengan dia hanya sekali;一度きりの人生をどう生きるかは個人の自由だ。;hidup yang hanya sekali ini, bagaimana menjalaninya merupakan kebebasan individu;3;5;17;
～がる;(orang ke-3) merasa/ingin...;K. Kerja ～たい / K. Sifat-i い がる / がって / がらないで ※K. Sifat-na, K. Benda ×;untuk menyatakan keinginan orang ke-3; untuk menyatakan perasaan (kata sifat) yang ditunjukkan dalam sebuah perbuatan;;;田中さんが、あなたに会いたがっていましたよ。;tanaka-san ingin bertemu denganmu lho;息子が全然学校に行きたがらないんです。;anak laki-laki saya sama sekali tidak mau pergi ke sekolah;息子はきのうから新しいおもちゃを買いたがっています。;anak laki-laki saya dari kemarin ingin beli mainan baru;3;6;18;
～てほしい;saya ingin (kamu)...;K. Kerja ～て / K. Kerja ～ないで ほしい / もらいたい;digunakan ketika pembicara ingin agar orang lain melakukan sesuatu untuknya;;;あのう、教科書を見せてほしいんですが;saya ingin kamu perlihatkan buku pelajaran (untuk saya);あなたに教えてもらいたいことがあります。;ada hal yang saya ingin (agar) kamu beri tahu ke saya;君に見てほしい写真を持っています。;saya membawa foto yang saya ingin agar kamu melihatnya;3;6;18;
～ふりをする;pura-pura...;K. Kerja (biasa) / K. Sifat-i (biasa) / K. Sifat-na な / K. Benda の ふりをする;digunakan untuk menyatakan bahwa seseorang berpura-pura;;;彼はそのことについて知っているふりをしているが、本当は知らないと思う。;dia pura-pura tahu tentang hal itu, padahal menurut saya sebenarnya dia tidak tahu;田中さんは独身のふりをしているが、結婚していて3人も子どもがいる。;tanaka-san pura-pura belum nikah, tapi (sebenarnya) dia sudah nikah dan mempunyai 3 anak;;3;6;18;
～にとって;bagi..., buat...;K. Benda にとって / にとっては / にとっても;menyatakan sudut pandang atau penilaian seseorang/sesuatu terhadap hal tertentu;;;あなたにとって、いちばん大切なものは何ですか。;bagi kamu, apa hal yang paling penting?;このあたりの人々にとっては、車は必需品です。;bagi orang-orang di sekitar sini, mobil adalah barang/benda wajib;私にとって、漢字の勉強はとても楽しい。;bagi saya, belajar kanji itu menyenangkan;4;1;19;
～わりに;padahal (tidak sesuai dengan...);K. Kerja (biasa) / K. Sifat-i (biasa) / K. Sifat-na な / K. Benda の わりに / わりには;digunakan untuk sesuatu yang tidak sesuai dengan kenyataannya; mengungkapkan perbedaan yang mencolok antara kenyataan dengan apa yang dipikirkan;;;年のわりには若く見える。;padahal dia sudah tua, tapi terlihat muda (tidak sesuai dengan umur aslinya);お金がない(と言っている)わりに、よく買い物をするね。;padahal dia bilang tidak punya uang, tapi sering belanja;;4;1;19;
～くせに;padahal (untuk mengejek);K. Kerja (biasa) / K. Sifat-i (biasa) / K. Sifat-na な / K. Benda の くせに;umumnya digunakan untuk mengejek atau meremehkan orang lain; tidak sama dengan ～のに yang mengandung ketidakpuasan;;;知っているくせに、教えてくれない。;padahal tahu tapi tidak mau memberi tahu;元気なくせに、病気のふりをしている。;padahal sehat, tapi pura-pura sakit;斎藤さんは日本人のくせに、日本語が変なんだよな。;padahal sato-san orang jepang, tapi bahasa jepang nya aneh;4;1;19;
～なんか/なんて/など;(1) untuk memberikan contoh (2) meremehkan/menyepelekan (3) merendahkan diri;K. Kerja ～て / K. Sifat-i ～く なんか/なんて/など / K. Sifat-na で ※ KK/KS/KB (biasa) atau Kalimat なんて/など;(1) memberikan contoh tidak terbatas, (2) meremehkan/menyepelekan, (3) merendahkan diri sendiri;;;お化粧なんかしてはいけません。;tidak boleh memakai make-up segala;A:「泣いてるの?」 B:「泣いてなんかいないよ!」;A: kamu nangis?? B: enggak lah! ngapain nangis!;日本語でスピーチなどできません。;saya tidak bisa berpidato dalam bahasa Jepang;4;1;19;
～おかげで;berkat...;K. Kerja (biasa) / K. Sifat-i (biasa) / K. Sifat-na な / K. Benda の おかげで / おかげだ;digunakan untuk menyatakan hasil yang baik (positif) dari suatu hal/seseorang yang menjadi penyebab;;;先生のおかげで合格できました。;atas berkat guru saya bisa lulus;日本へ来たおかげで、日本語が上手になった。;berkat datang ke Jepang, saya jadi pandai berbahasa Jepang;薬を飲んだおかげで、すっかり元気になりました。;berkat minum obat, saya jadi benar-benar sehat;4;2;20;
～せい;gara-gara...;K. Kerja (biasa) / K. Sifat-i (biasa) / K. Sifat-na な / K. Benda の せいだ / せいで / せいか;digunakan ketika penyebab tidak begitu jelas, bisa menggunakan ～せいか;;;バスが遅れたせいで、約束の時間に間に合わなかった。;gara-gara bus nya telat, saya tidak keburu waktu janjian;疲れたせいか、頭が痛い。;entah karena kelelahan, kepala saya sakit;彼のせいで、この会社は倒産しそうだ。;gara-gara dia, perusahaan hampir mau bangkrut;4;2;20;
～かわりに;sebagai pengganti...;K. Kerja (biasa) / K. Sifat-i (biasa) / K. Sifat-na な / K. Benda の かわりに ※そのかわり(に) (kata penghubung);dapat menggantikan subjek, predikat & objek;;;車で来たので、ビールのかわりにジュースをください。;karena saya datang dengan mobil, sebagai pengganti bir, saya minta jus saja;日曜日に働いたかわりに、今日休みを取りました。;sebagai pengganti kerja di hari minggu, hari ini saya mengambil libur;;4;2;20;
～にかわって;sebagai pengganti... (subjek/pelaku);K. Benda にかわって / にかわり;hanya dapat menggantikan subjek atau pelaku (tidak bisa menggantikan objek & predikat);;;出張中の部長にかわって、私がごあいさつさせていただきます。;sebagai pengganti manajer yang sedang dinas, saya akan memberikan sambutan;野球にかわり、サッカーが盛んになってきた。;sebagai pengganti baseball, sepak bola sangat digemari;;4;2;20;
～くらい/ほど;kira-kira (derajat/tingkatan);K. Kerja ～る / K. Sifat-i ～い / K. Sifat-na な / K. Benda だ くらい/ぐらい/ほど;menunjukkan derajat atau tingkatan suatu tindakan & keadaan dengan suatu contoh; ほど → formal, くらい → kasual;;;それは米粒くらいの大きさです。;itu besarnya kira-kira sebutir beras;この洗剤は、おもしろいほど汚れが落ちる。;deterjen ini (mampu) membersihkan kotoran dengan (sangat) menarik;宿題が多すぎて、泣きたいくらいだ。;PR nya banyak banget, sampai pengen nangis rasanya;4;3;21;
～ば～ほど;semakin... semakin...;KK ～ば / KS-i ～ければ / KS-na ～ならば + KK ～るほど / KS-i ～いほど / KS-na ～なほど ※KS-na ～であれば KS-na ～であるほど;menunjukkan semakin meningkat kondisi, semakin meningkat pula kondisi lainnya;;;彼のことを知れば知るほど好きになる。;semakin kenal dia saya jadi semakin suka;荷物は少なければ少ないほどいい。;barang (bawaan) itu semakin sedikit semakin baik;試験は簡単ならば簡単なほど嬉しい。;ujian itu semakin mudah (saya) semakin senang;4;3;21;
～くらい/ほど～はない;tidak ada yang se...;K. Benda くらい / ほど + KB[人] はいない / KB[物・事] はない;menyatakan bahwa sesuatu/seseorang paling... (superlative);;;彼女くらい親切な人はいない。;tidak ada orang yang seramah dia;今年ほど雪の降った年はなかった。;tidak ada tahun yang saljunya turun sebanyak tahun ini;ゲームをすることほど楽しいことは他にないね。;tidak ada hal menyenangkan seperti bermain game;4;3;21;
～ことはない;tidak perlu...;K. Kerja ～る ことはない / ことはありません;menyatakan bahwa tidak perlu melakukan sesuatu;;;君があやまることはないよ。;kamu tidak perlu meminta maaf;来ることはありません。郵送でいいですよ。;kamu tidak perlu datang, kirim via pos saja;急ぐことはない。ゆっくりでいいよ。;tidak perlu buru-buru. pelan-pelan saja;4;4;22;
～ということだ;katanya, artinya;K. Kerja (biasa) / K. Sifat-i (biasa) / K. Sifat-na だ / K. Benda だ ということだ ※ K. Kerja bentuk "perintah"/"maksud" dll juga bisa;digunakan untuk menyampaikan pesan (formal) & mendefinisikan "arti" suatu hal;;;田中さんから電話があって、少し遅れるということです。;ada telepon dari tanaka-san, katanya (dia) sedikit terlambat;試験の結果は70%、つまり合格ということだ。;hasil ujiannya 70%, dengan kata lain (kamu) lulus;;4;4;22;
～ことだ;sebaiknya...;K. Kerja ～る / K. Kerja ～ない ことだ;digunakan untuk memberikan nasehat, saran (termasuk juga peringatan); biasanya tidak digunakan kepada orang yang posisinya di atas;;;暖かくして、ゆっくり休むことだ。;sebaiknya kamu menghangatkan diri dan istirahat;無理をしないことです。;sebaiknya kamu tidak memaksakan diri;健康が心配なら、もっと野菜を食べることだね。;kalau khawatir dengan kesehatan, sebaiknya makan sayur lebih banyak lagi;4;4;22;
KATA TANYA ～ことか;betapa... (sangat);どんなに/どれほど/どれだけ/何度/何時間 + KK る/た/KS-i い/かった/KS-na な/だった ことか;digunakan untuk menekankan perasaan ketika pembicara "merasa sangat....";;;合格できたら、どんなにうれしいことか。;kalau bisa lulus saya akan sangat senang (tidak terbayang betapa senangnya saya);何度注意したことか。;berkali-kali saya sudah peringatkan (betapa seringnya saya peringatkan dia);;4;4;22;
～っけ？;...ya?/kan? (konfirmasi, lupa);K. Kerja ～たっけ / K. Sifat-i ～かったっけ / K. Sifat-na だっけ/だったっけ / K. Benda だっけ/だったっけ ※ ～でしたっけ/～ましたっけ juga bisa;digunakan untuk mengkonfirmasi sesuatu ketika pembicara lupa akan suatu hal; bisa juga ketika pembicara berbicara kepada dirinya sendiri;;;国へ帰るのは、来週だ(った)っけ?;kamu pulang ke negara minggu depan yah?! (kalau gak salah);明日のパーティーのこと、話し(まし)たっけ?;mengenai pesta besok, saya sudah info ke kamu belum sih?! (lupa-lupa ingat);;4;5;23;
～しかない;tidak ada pilihan lain kecuali...;K. Kerja るしかない;digunakan untuk mengungkapkan perasaan pasrah (tidak ada cara/jalan/pilihan lain);;;できるまで、やるしかない。;tidak ada pilihan lain, kecuali melakukannya sampai bisa;直せないから、新しいのを買うしかなかった。;karena tidak bisa diperbaiki, tidak ada pilihan lain kecuali beli yang baru;終電を逃しちゃったから、タクシーで帰るしかないね。;karena saya melewatkan kereta terakhir, jadi tidak ada cara lain kecuali naik taksi;4;5;23;
～んだって;katanya (bahasa lisan);K. Kerja (biasa) / K. Sifat-i (biasa) / K. Sifat-na な / K. Benda な (んだ)って ※ bisa juga ～までだって/～からだって/～だけだって ※ perempuan sering menggunakan bentuk ～ですって;umumnya hanya digunakan dalam bahasa lisan;;;A:「田中さん、結婚してるんだって。」;katanya tanaka-san sudah menikah;試験の範囲は、教科書の最初から50ページまでだって。;batas materi yang keluar di ujian adalah buku pelajaran dari awal sampai halaman 50;;4;5;23;
～だもん;soalnya... (bahasa santai);K. Kerja (biasa) / K. Sifat-i (biasa) / K. Sifat-na な / K. Benda な (んだ)もん ※ bisa digunakan dengan だって…～(んだ)もん;bahasa santai yang sering digunakan oleh anak kecil (tapi orang dewasa juga bisa pakai);;;A:「どうして食べないの?」 B:「だって、まずいんだもん。」;A: kenapa kamu tidak makan?! B: soalnya gak enak (habis rasanya gak enak sih!);今日の試験、できなかった。勉強しなかったんだもん。;ujian hari ini saya tidak bisa... soalnya saya tidak belajar...;A「お菓子の食べすぎよ。」 B「だって、おいしいんだもん。」;A: kamu jangan banyak-banyak makan jajan B: ya soalnya rasanya enak sih;4;5;23;
つまり;dengan kata lain, maksudnya;(kata penghubung);menjelaskan sesuatu dengan kata-kata atau cara penyampaian yang lain; bisa juga untuk menyimpulkan suatu hal;;;父の兄、つまり私の伯父は、医者をしている。;kakak ayah saya, maksudnya paman saya adalah seorang dokter;明日から会社に来なくていいと言われた。つまりクビということだ。;besok saya dibilang tidak perlu datang ke kantor. dengan kata lain saya dipecat;彼は何も知らされていない。つまり、すべての責任は私にある。;dia tidak diberitahu apa-apa. maksudnya semua tanggung jawab ada di saya;4;6;24;
そのため(に);oleh karena itu;(kata penghubung);kata penghubung yang digunakan untuk menjelaskan suatu alasan; lebih formal daripada 「だから」;;;隣の駅で事故があったらしい。そのために電車が遅れている。;di stasiun sebelah katanya terjadi kecelakaan. makanya keretanya telat;留学するつもりだ。そのために、バイトしてお金をためている。;saya punya maksud untuk belajar di luar negeri. oleh karena itu saya kerja part time mengumpulkan uang;今日は大雪が降っています。そのために試合は中止になりました。;hari ini salju lebat turun. oleh karena itu pertandingan dibatalkan;4;6;24;
その結果;hasilnya...;(kata penghubung);bisa digunakan untuk menjelaskan sebab-akibat;;;父は、人の何倍も努力した。その結果、仕事で成功した。;ayah saya berusaha keras lebih dari orang lain. hasilnya dia sukses dalam hal pekerjaan;3ヵ月ダイエットを続けた。その結果、5キロやせた。;3 bulan saya diet terus. hasilnya saya turun 5 kilo;ほとんど勉強しなかった。その結果、入学試験に落ちてしまった。;saya hampir tidak belajar sama sekali. hasilnya saya gagal lolos ujian masuk sekolah;4;6;24;
なぜなら(ば);mengapa begitu (penjelasan alasan);なぜなら(ば)～から / ※なぜかというと / どうしてかというと;kata penghubung untuk menjelaskan alasan di kalimat sebelumnya; sering digunakan bersama dengan 「～から」;;;来週、国に帰る予定です。なぜなら(ば)、親友の結婚式に出席するからです。;minggu depan rencananya saya akan pulang ke negara. kenapa saya pulang, karena saya mau menghadiri upacara pernikahan sahabat;学校を変えた。なぜかというと、ぼくのレベルのクラスがなかったから。;saya pindah sekolah. kenapa pindah, karena tidak ada kelas yang tersedia di level saya;;4;6;24;
～はもちろん;tentu saja, sudah pasti;K. Benda はもちろん KB も / [文] のはもちろん～(も);digunakan untuk menyatakan bahwa "A sudah tentu, B pun juga";;;彼は、勉強はもちろん、スポーツもよくできる。;dia kalau belajar tentunya bisa, (tapi tidak hanya itu) olahraga pun dia juga bisa;キャベツは炒めて食べるのはもちろん、生で食べてもおいしいです。;kol itu kalau ditumis dulu lalu dimakan tentunya bisa, (tapi tidak hanya itu) dimakan mentah pun enak;;5;1;25;
～ばかりか;jangankan..., tidak hanya...tapi juga;K. Kerja (biasa) / K. Sifat-i (biasa) / K. Sifat-na な / K. Benda だ ばかりか/ばかりでなく...も;kalimat setelahnya sering menggunakan 「～も」、「～さえ」、「～まで」;;;サントスさんは日本語ばかりか、中国語もペラペラだ。;santos-san tidak hanya bahasa jepang, bahasa china pun dia lancar;あの店は味が悪いばかりか、店員の態度もひどい。;toko ini jangankan rasanya yang tidak enak, sikap pegawainnya pun buruk;私は、漢字ばかりか、まだひらがなも書けません。;jangankan kanji, hiragana pun saya tidak bisa menulis;5;1;25;
～に比べて;dibandingkan...;K. Benda に / Kalimat ～のに [比べて/比べ] ※それに比べて (kata penghubung);digunakan dalam kalimat perbandingan & mempunyai fungsi yang sama seperti 「より」;;;試験の問題は昨年に比べて易しくなった。;soal ujiannya dibandingkan tahun lalu lebih mudah;店で買うのに比べ、通信販売は便利だが、欠点もある。;dibandingkan beli di toko, (memang) lebih praktis beli via telepon, tapi ada kelemahannya juga;男性に比べて、女性の方が一般的に寿命が長いそうです。;dibandingkan laki-laki, secara umum katanya perempuan lebih mempunyai umur panjang;5;1;25;
～に対して;terhadap, berlawanan dengan;K. Benda に / Kalimat ～のに [対して/対し/対しては/対しても/対するKB] ※それに対して (kata penghubung);digunakan untuk menunjukkan "target/objek" dari suatu tindakan atau sikap; bisa juga menunjukkan kontras;;;田中先生は、生徒に対して厳しい。;tanaka-sensei orangnya tegas terhadap muridnya;まじめな長男に対して、次男は遊んでばかりで学校もよく休む。;berlawanan dengan putra sulung yang giat, anak kedua sukanya main terus dan sering tidak masuk sekolah;;5;1;25;
～上げる;selesai (menyelesaikan);K. Kerja ます [上がる/上げる];untuk menyatakan bahwa hal yang dilakukan tersebut telah selesai;;;やっとレポートを書き上げた。;akhirnya saya selesai menulis laporan;ケーキが焼き上がりましたよ。;kue nya sudah matang (selesai dipanggang);出来上がった料理を運ぶのが私の仕事です。;mengangkat masakan yang sudah selesai (dimasak) adalah pekerjaan saya;5;2;26;
～切る;habis (sampai selesai semua);K. Kerja ます [切る/切れる/切れない];menyatakan bahwa semua sudah... (sampai selesai, habis);;;ご飯の量が多くて、食べ切れないよ。;nasinya banyak, saya tidak bisa menghabiskannya;長い小説を、2日間で読み切った。;novel yang panjang saya baca semua dalam 2 hari;疲れ切ったようす。;dalam keadaan yang sangat lelah sekali;5;2;26;
～かけ;tidak selesai, hampir;K. Kerja ます [かける/かけのKB/かけだ];(1) menyatakan bahwa hal tersebut masih belum selesai (di tengah-tengah); (2) hampir mau...;;;この本はまだ読みかけだ。;buku ini masih belum selesai dibaca (baru dibaca sebagian);息子はやりかけの宿題をおいて、遊びに出かけてしまった。;anak saya meletakkan PR nya yang belum selesai, lalu pergi bermain keluar;おふろに入りかけたときに電話が鳴った。;ketika saya mau berendam, hp berdering;5;2;26;
～たて;baru saja di...;K. Kerja ます [たてのKB/たてだ];banyak digunakan dalam kalimat yang bernuansa positif (masih fresh, segar, hangat dll);;;焼きたてのパンはおいしい。;roti yang baru dipanggang itu enak;あのスーパーは、とりたての野菜を売っている。;supermarket ini menjual sayuran segar yang baru saja diambil (dari kebun);その天ぷらは揚げたてですから、おいしいですよ。;tempura itu baru saja digoreng, jadi masih enak;5;2;26;
～といいなあ;ingin, mudah-mudahan;KK/KS-i ～たら / KS-na/KB ～だったら / KK ～ば KS-i ～ければ / KS-na/KB ～なら(ば) (いいのに) なあ;digunakan untuk menyatakan sebuah keinginan & harapan;;;もっと日本語がうまく話せたらいいなあ。;saya ingin lebih pandai berbicara bahasa Jepang;明日、雨が降らないといいなあ。;besok mudah-mudahan tidak turun hujan;;5;3;27;
～ばよかった;coba... (menyesal);K. Kerja ～ば / ～なければ / ～たら / ～なかったら よかった;digunakan untuk menunjukkan adanya penyesalan;;;遅刻してしまった。もっと早く家を出ればよかった。;saya datang terlambat. coba tadi saya berangkat lebih cepat (pasti tidak telat);田中さんにあんなことを言わなければよかった。;coba saya tidak mengatakan hal seperti itu kepada tanaka-san;;5;3;27;
～ば～のに;coba... (sayang sekali);K. Kerja ば ～のに / K. Kerja たら ～のに;digunakan untuk menyatakan suatu hal yang disayangkan;;;昨日のパーティー、楽しかったよ。君も行けばよかったのに。;pesta kemarin menyenangkan lho! coba kalau kamu juga pergi (ikutan);もう少し安かったら買うのになあ。;coba kalau harganya murah sedikit, saya akan beli;あの時、頑張って彼女に好きって言えばよかったのに。;waktu itu coba saya berani (berusaha berani) bilang suka ke dia;5;3;27;
～かなあ;ingin, rasa ragu;K. Kerja る かな (あ) / K. Kerja ない かな (あ);(1) menyatakan keinginan, harapan; (2) menyatakan rasa ragu;;;バス、早く来ないかなあ。;bis nya cepetan dateng doong!;この実験、うまくいくかな。;percobaan ini bakal berjalan lancar gak yah;今日、富士山が見えるかなあ。;hari ini gunung fuji kelihatan gak yah;5;3;27;
～まで;sampai;K. Kerja る まで / K. Benda まで;menyatakan batas waktu atau kondisi "sampai...";;;映画が始まるまで30分あります。;sampai film nya main, masih ada waktu 30 menit;連絡があるまで待っています。;saya akan menunggu sampai ada kontak (kabar);この魚は骨まで食べられますよ。;ikan ini bisa dimakan sampai tulangnya;5;4;28;
～から～にかけて;dari... sampai;K. Benda (時/場所) ～から KB ～にかけて;digunakan untuk menunjukkan rentang waktu atau tempat;;;明日は昼から夕方にかけて雨でしょう。;besok dari siang sampai sore mungkin akan hujan;九州から本州にかけて梅雨入りしました。;dari honshu sampai kyushu sudah memasuki musim hujan;3月中旬から4月の終わりにかけて、桜が見られるでしょう。;dari pertengahan maret sampai akhir april, bisa melihat bunga sakura;5;4;28;
～において;di (formal);K. Benda ～において;mempunyai fungsi yang sama seperti partikel で; sering digunakan dalam bahasa tulis formal;;;大阪において、国際会議が行われた。;di osaka diadakan rapat internasional;結果はホームページにおいて発表されます。;hasinya akan diumumkan di website;人生において一番大切なことは何だと思いますか。;menurut kamu apa hal yang paling penting dalam hidup?;5;4;28;
たとえ～ても;meskipun misalnya;たとえ K. Kerja ～ても / K. Sifat-i ～くても / K. Sifat-na ～でも / K. Benda ～でも;digunakan untuk menyatakan "meskipun... tetap saja...";;;たとえ反対されても留学します。;meskipun misalnya tidak disetujui, saya tetap akan belajar di luar negeri;たとえ元気じゃなくても、家族への手紙には元気だと書きます。;meskipun misalnya sedang tidak sehat, di surat yang saya kirim untuk keluarga, saya tetap bilang "sehat";;5;5;29;
もしかすると～;jangan-jangan, mungkin;もしかすると / もしかしたら KK/KS-i (biasa) / KS-na/KB だ かもしれない;digunakan untuk menyatakan kemungkinan yang tidak pasti;;;もしかすると彼の話はうそかもしれない。;jangan-jangan cerita dia itu bohong;もしかしたら、明日行けないかもしれません。;bisa jadi besok saya mungkin tidak bisa pergi;;5;5;29;
～とは限らない;belum tentu;必ずしも KK/KS-i (biasa) / KS-na/KB だ ～とは限らない ※ bisa juga digunakan dengan いつも/全部/だれでも;dalam bahasa Indonesia bisa diartikan "belum tentu...", "tidak selalu...", "tidak pasti...";;;(お)金持ちが必ずしも幸福だとは限らない。;orang kaya itu belum tentu bahagia;高いものが必ずしもいいものだとは限らない。;barang mahal itu belum tentu bagus;海外に住んだからと言って、英語がペラペラになるとは限らない。;(hanya) karena tinggal di luar negeri belum tentu bisa pandai berbahasa inggris;5;5;29;
まるで～ようだ;ibarat, seakan-akan;まるで K. Kerja (biasa) / K. Benda の ようだ / まるで KK/KS-i (biasa) / KS-na/KB だ みたい;ungkapan untuk mengibaratkan suatu hal;;;合格した! まるで夢のようだ。;saya lulus. ibarat sebuah mimpi;彼の日本語はまるで日本人が話しているみたいに聞こえる。;bahasa jepang dia terdengar seakan-akan seperti orang jepang yang sedang berbicara;あなたの言うことはまるで理解できない。;apa yang kamu bilang sama sekali tidak bisa dimengerti;5;5;29;
だけど;tapi (kasual);～。だけど～;sering digunakan dalam bahasa kasual informal; mempunyai makna yang sama seperti 「けれども」「しかし」;旅行に行きたい。だけどひまがない。;saya ingin pergi traveling, tapi tidak ada waktu luang;よくカラオケに行く。だけど歌は下手だ。;saya sering pergi karaoke, tapi saya tidak pandai bernyanyi;私は毎日シャワーを浴びる。だけど今日は浴びない。;saya tiap hari mandi, tapi hari ini tidak mandi;5;6;30;
ですから;oleh karena itu;～。ですから、～;kata penghubung yang menerangkan alasan atau sebab dari kalimat sebelumnya;;;天気予報では午後から雨だそうです。ですから、傘を持っていったほうがいいですよ。;kalau menurut ramalan cuaca dari siang katanya akan hujan. oleh karena itu sebaiknya bawa payung;明日から旅行に行きます。ですから、来週のパーティーには出席できません。;besok saya akan pergi berwisata. oleh karena itu saya tidak bisa menghadiri pesta minggu depan;;5;6;30;
ところが;akan tetapi;～。ところが、～;sering digunakan dalam bahasa resmi formal; digunakan ketika hasil yang sebenarnya berbeda dari yang diharapkan;;;昨夜はコンサートに行くつもりだった。ところが、病気で行けなくなった。;kemarin malam saya bermaksud pergi ke konser. akan tetapi, karena sakit saya tidak bisa pergi;田中さんは私より若いと思っていた。ところが、私より5歳も年上だった。;saya kira tanaka-san lebih muda dari saya. akan tetapi ternyata dia lebih tua 5 tahun dari saya;;5;6;30;
ところで;ngomong-ngomong;～。ところで、～;digunakan untuk mengganti topik pembicaraan; umumnya banyak digunakan dalam situasi resmi formal;;;もうすぐ、今年も終わりですね。ところで、お正月はどうなさいますか。;sebentar lagi tahun ini akan selesai yah! ngomong-ngomong, tahun baru nanti apa yang akan kamu lakukan?;「明日、試験でしょ。がんばってね。ところで、来週の月曜日は空いてる?」;besok ujian kan?! semangat ya! ngomong-ngomong, senin minggu depan kamu ada waktu?;;5;6;30;
もし～たなら;seandainya;もし K. Kerja ～た (な) ら / K. Sifat-i ～かった (な) ら / K. Sifat-na ～だった (な) ら / K. Benda ～だった (な) ら;digunakan untuk menyatakan kondisi yang bersifat hipotetis (andaikan / seandainya);;;もし試験を受けていたなら、合格していたと思う。;seandainya saya ikut ujian, saya pikir saya lulus;もし彼が社長でなかったなら、会社はつぶれていたと思う。;kalau dia bukan direkturnya, saya pikir perusahaan ini akan hancur;もし留学しなかったなら、今ごろは国で結婚しているだろう。;seandainya saya tidak belajar ke luar negeri, mungkin saat ini saya sudah menikah di negara saya;6;1;31;
もし～としても;meskipun seandainya;もし KK/KS-i (biasa) としても / KS-na だ としても / KB だ としても / ～としたって;digunakan untuk menyatakan "meskipun seandainya...", "meskipun misalnya...";;;もし休みが取れたとしても、旅行には行かないつもりです。;meskipun misalnya saya bisa mengambil libur, saya tidak punya maksud untuk pergi wisata;もしお金がたくさんあったとしても、そんなものは買わない。;meskipun seandainya saya punya banyak uang, saya tidak akan membeli barang seperti itu;もし決勝戦に残ったとしたって、優勝は難しいでしょう。;meskipun bisa tersisa sampai final, mungkin akan sulit untuk juara;6;1;31;
もしも～なら/ても;seandainya (penekanan);もしも KK/KS-i (biasa) ～なら / もしも KK ～たら / KS-i ～かったら / もしも KK/KS-i (biasa) ～ても;memberikan penekanan pada kata 「もし」"seandainya";;;もしも生まれ変われるなら、男になりたい。;seandainya saya terlahir kembali, saya ingin jadi laki-laki;もしも地震が起きても、この家、丈夫だから倒れないでしょう。;meskipun misalnya terjadi gempa bumi, rumah ini kuat, jadi mungkin tidak akan roboh;子供にもしものことがあったらどうしよう。;seandainya terjadi hal yang tidak-tidak dengan anak saya, bagaimana yah?!;6;1;31;
～ことになる;ditetapkan, diputuskan;K. Kerja る / K. Kerja ない ～ことになる;menjelaskan sesuatu yang telah ditetapkan bersama (bukan atas keinginan diri sendiri);;;明日、新しい企画についての会議が行われることになっている。;besok telah diputuskan akan diadakan rapat mengenai rencana baru;今度、大阪に転勤することになりました。;saya telah diputuskan nanti akan pindah ke kantor di osaka;;6;2;32;
～ことにする;(saya) memutuskan;K. Kerja る / K. Kerja ない ～ことにする;menjelaskan sesuatu yang diputuskan atas keinginan pembicara;;;毎朝、30分ジョギングすることにしています。;saya memutuskan untuk joging selama 30 menit setiap pagi;「あれ?買い物に行かないの?」「うん、明日行くことにした。」;eh kamu gak pergi belanja?! enggak, (saya putuskan) besok saja;;6;2;32;
ことは～が...;...nya sih...;K. Kerja る ことは KK る/～ます が/けど/けれど / K. Sifat-i い ことは KS-i い が/けど / K. Sifat-na な ことは KS-na だ が/けど;menyatakan pengakuan sekaligus penolakan (mengakui satu hal tapi ada catatan);;;ピアノは、弾けることは弾けますが、うまくありません。;kalau piano, bisanya sih bisa, tapi tidak jago;このバッグ、高いことは高いけれど、すごく使いやすいです。;tas ini, mahalnya sih mahal, tapi enak dipakai;明日は家にいることはいますが、仕事をしないといけないんです。;besok saya ada di rumah sih ada, tapi harus kerja (di rumah);6;2;32;
～ないことはない;bukannya tidak;K. Kerja ない / K. Kerja られない / K. Sifat-i くない / K. Sifat-na じゃない ～ことはない;digunakan untuk menyatakan "bukan berarti tidak ~", ada kemungkinan meski tidak besar;;;鶏肉は、食べないことはないですが、あまり好きではありません。;kalau daging ayam, bukan berarti tidak makan, tapi saya kurang suka;走れば間に合わないことはないよ。急ごう!;kalau (kita) lari, bukan tidak mungkin akan keburu, ayo cepetan!;車を運転できないことはないんですが、ほとんどしません。;bukannya saya tidak bisa nyetir mobil, tapi saya jarang nyetir saja;6;2;32;
～たところ;setelah... ternyata;K. Kerja ～たところ;kalimat bagian belakang terdapat penemuan (hal baru diketahui) atau perasaan sedikit kaget;;;先生に今度のテストの範囲を聞いたところ、10課までだと言われた。;setelah saya tanya ke sensei batas ujian nanti, katanya sampai bab 10;歯が痛いので歯医者さんに行ったところ、ひどい虫歯になっていると言われた。;karena gigi saya sakit, setelah saya pergi ke dokter, katanya gigi saya rusak parah;;6;3;33;
～るところだった;hampir saja;K. Kerja る ～るところだった;menjelaskan sesuatu yang hampir saja terjadi, sedikit lagi terjadi (tapi kenyataannya tidak);;;もう少しで遅刻するところだった。;sedikit lagi hampir saja terlambat;あと１０秒遅かったら、電車に乗り遅れるところだった。;kalau telat 10 detik, saya hampir saja terlambat naik kereta;あと少しで合格するところだったのに……。;padahal sedikit lagi hampir saja lulus;6;3;33;
～てはじめて;setelah... pertama kali;K. Kerja ～てはじめて;menjelaskan bahwa setelah melakukan sesuatu, baru pertama kali menyadari/merasakan;;;先生に注意されてはじめて、漢字の間違いに気が付いた。;setelah ditegur sensei, disitu pertama kali saya sadar akan kesalahan kanji (yang saya tulis);歌舞伎を見てはじめて、日本文化に興味を持った。;setelah melihat kabuki, disitu pertama kali saya mempunyai minat terhadap budaya jepang;一人暮らしをしてはじめて、親のありがたさがわかりました。;setelah saya hidup sendiri (tidak sama orang tua), disitu saya menyadari rasa syukur terhadap keberadaan orang tua;6;3;33;
～うちに;selagi, mumpung;K. Kerja ている / K. Kerja ない / K. Sifat-i い / K. Sifat-na な / K. Benda の ～うちに;untuk menyatakan sebelum keadaan berubah (selagi masih, mumpung belum) atau ditengah-tengah;;;忘れないうちに、メモをしておこう。;selagi masih belum lupa, saya catat dulu;明るいうちに帰ってきなさい。;selagi masih terang, ayo pulang;何度も聞いているうちに歌詞を覚えた。;disaat (setelah) saya mendengarkannya berkali-kali, saya hafal liriknya;6;3;33;
～わけだ;makanya, pantesan;K. Kerja (biasa) / K. Sifat-i (biasa) / K. Sifat-na な ～わけだ / KK ～ている/ていた / KK ～られる/させる ～わけだ;menyatakan sesuatu yang sudah semestinya terjadi karena alasan yang jelas;;;暑いわけだ。気温が36度もある。;pantas saja panas. suhu udaranya sampai 36 derajat;A：「田中さん、彼女にふられたらしいよ。」B：「なるほど、それで元気がないわけだ。」;tanaka-san katanya diputusin pacarnya / oh gitu... makanya dia (terlihat) tidak bersemangat;;6;4;34;
～わけではない;bukannya, bukan berarti;K. Kerja (biasa) / K. Sifat-i (biasa) / K. Sifat-na な ～わけではない / KK ～ている/ていた / KK ～られる/させる ～わけではない;digunakan untuk menyangkal sebagian (bukan penolakan total);;;きらいなわけではないが、肉はあまり食べない。;bukannya saya tidak suka, tapi saya jarang makan daging;テレビは見ないわけではないが、音楽を聴いているほうが多い。;bukannya tidak nonton tv, tapi saya lebih banyak mendengarkan musik;眠ったわけではない。他のことを考えていた。;bukannya tidur, tapi tadi saya sedang memikirkan hal lain;6;4;34;
～わけがない;tidak mungkin;K. Kerja (biasa) / K. Sifat-i (biasa) / K. Sifat-na な ～わけがない / KK ～ている/ていた / KK ～られる/させる ～わけがない;untuk menyangkal dengan kuat "tidak mungkin", "tidak ada alasan";;;強い相手に勝てるわけがない。;tidak mungkin bisa menang dengan lawan yang kuat;A：「このパン、古くない?」B：「古いわけないよ。昨日買ったんだから。」;roti ini udah lama yah?! (basi) / tidak mungkin lama (basi), karena saya beli kemarin;;6;4;34;
～わけにはいかない;tidak ada alasan untuk...;K. Kerja る / K. Kerja ない / K. Kerja ている / K. Kerja させる ～わけには/も いかない;menyatakan bahwa hal tersebut tidak mungkin dilakukan karena alasan tertentu;;;大事な会議があるから、休むわけにはいかない。;karena ada rapat penting, tidak ada alasan bagi saya untuk libur;社長の命令だから、従わないわけにはいかない。;karena ini perintah direktur, tidak ada alasan bagi saya untuk tidak menaatinya;;6;4;34;
決して～ない;sama sekali tidak (apapun yang terjadi);決して K. Kerja ～ない / K. Sifat-i ～くない / K. Sifat-na ～ではない / K. Benda ～ではない;menyatakan bahwa apapun yang terjadi, bagaimanapun juga, hal tersebut tidak akan dilakukan;;;私は決して夢をあきらめません。;(apapun yang terjadi) saya pasti tidak akan menyerah;「うそは決して申しません。」と彼は言った。;dia bilang "saya sama sekali tidak berbohong";あなたがしてくれたことは決して忘れません;(apapun yang terjadi) saya tidak akan melupakan hal baik yang kamu lakukan untuk saya;6;5;35;
まったく～ない;sama sekali tidak;まったく K. Kerja ～ない / K. Sifat-i ～くない / K. Sifat-na ～ではない;memberikan penekanan terhadap ketidakbisaan atau ketidakmampuan;※ まったく juga bisa digunakan bersama adjektiva positif untuk berarti "benar-benar/sepenuhnya";;私はまったく泳げない。;saya sama sekali tidak bisa berenang;彼が怒っている理由は、私にはまったくわからない。;saya sama sekali tidak mengerti alasan mengapa dia marah;前とは違うまったく新しい計画を立てた。;saya menyusun rencana baru yang sama sekali berbeda dengan sebelumnya (benar-benar berbeda);6;5;35;
めったにない;sangat jarang;K. Benda は めったにない / めったにない K. Kerja ない;menyatakan jumlah yang sedikit atau sesuatu yang jarang terjadi/dilakukan;;;こんなチャンスはめったにないよ。;kesempatan seperti ini jarang ada;忙しくてめったに休みが取れない。;karena sibuk, saya jarang bisa mengambil libur;彼女はめったに病気をしないのに、入院しているらしい。;padahal dia jarang sakit, tapi katanya sekarang sedang dirawat di rumah sakit;6;5;35;
少しも～ない;sedikitpun tidak;少しも / ちっとも K. Kerja ～ない / K. Sifat-i ～くない / K. Sifat-na ～ではない;memberikan penekanan terhadap penyangkalan "sedikitpun tidak";;;あの人が話す英語は少しもわからない。;sedikitpun saya tidak mengerti bahasa inggris yang dia bicarakan;スタイルのことは、少しも気にならない。;mengenai gaya (tampilan fisik), sedikitpun saya tidak memperdulikannya;;6;5;35;
あと／それと;lalu, kemudian, lagi, dan;あと / それと (di awal kalimat atau di tengah);digunakan untuk menambahkan sesuatu;;;レタス一つとトマトを3個ください。それと、ピーマンも1袋ください。;saya mau beli lettuce satu dan tomat tiga... lalu, peeman juga satu;言われたことはしました。あと、何をすればいいですか。;saya sudah melakukan apa yang dibilang. berikutnya saya harus gimana?;A：「今日はこれで全員かな。」 B：「あと、田中さんが来ると思います。」;untuk hari ini, ini sudah semuanya ya? / (sama satu lagi) tanaka-san mungkin akan datang;6;6;36;
それとも;atau;Kalimat 1 (pertanyaan)。それとも Kalimat 2 (pertanyaan)か。;digunakan untuk menghubungkan kalimat tanya, secara makna sama seperti あるいは、または;※ それとも hanya dipakai di kalimat tanya atau situasi di mana ada pilihan;;コーヒーにしますか。それとも紅茶にしますか。;mau kopi atau teh?;来週にしましょうか。それともさ来週がいいですか。;mau minggu depan saja? atau 2 minggu lagi?;話し合って決めましょうか。それとも私が決めてしまってもいいですか。;bagaimana kalau kita putuskan dengan berunding? atau saya boleh memutuskannya saja?;6;6;36;
その上;disamping itu, apalagi;Kalimat 1。その上、Kalimat 2。;digunakan untuk menambahkan informasi, lebih formal daripada それに;;;この店の料理はおいしい。その上、値段も安い。;masakan restoran ini enak. dan juga harganya murah;彼は、頭がいい。その上、スポーツも何でもできる。;dia pandai. disamping itu, dia bisa olahraga apa saja;彼女は英語も出来るし、その上、日本語も上手だ。;dia bisa bahasa inggris, disamping itu juga pandai bahasa jepang;6;6;36;

