日本語;Romaji;Cara Baca;インドネシア語;第～週;～日目;Hari ke-;Furigana Segment
キッチン・台所;kitchin, daidokoro;キッチン・だいどころ;dapur [KB];第1週;1日目;Hari ke-1;台:だい|所:どくろ
冷蔵庫;reizōko;れいぞうこ;kulkas [KB];第1週;1日目;Hari ke-1;冷:れい|蔵:ぞう|庫:こ
ワイングラス;waingurasu;ワイングラス;gelas wine [KB];第1週;1日目;Hari ke-1;
電子レンジ;denshirenji;でんしレンジ;microwave [KB];第1週;1日目;Hari ke-1;電:でん|子:し
コーヒーカップ;kōhīkappu;コーヒーカップ;cangkir kopi [KB];第1週;1日目;Hari ke-1;
ガスレンジ・ガスコンロ;gasurenji, gasukonro;ガスレンジ・ガスコンロ;kompor gas [KB];第1週;1日目;Hari ke-1;
ガラスのコップ;garasu no koppu;ガラスのコップ;gelas kaca [KB];第1週;1日目;Hari ke-1;
湯のみ;yunomi;ゆのみ;gelas air, teh [KB];第1週;1日目;Hari ke-1;湯:ゆ
茶わん;chawan;ちゃわん;mangkuk kecil [KB];第1週;1日目;Hari ke-1;茶:ちゃ
居間・リビング;ima, ribingu;いま・リビング;ruang tamu [KB];第1週;1日目;Hari ke-1;居:い|間:ま
窓ガラス;madogarasu;まどガラス;kaca jendela [KB];第1週;1日目;Hari ke-1;窓:まど
レバー;rebā;レバー;tuas (putaran) keran [KB];第1週;1日目;Hari ke-1;
流し;nagashi;ながし;sink (bak wastafel) [KB];第1週;1日目;Hari ke-1;流:なが
雨戸;amado;あまど;pintu penghalang air hujan [KB];第1週;1日目;Hari ke-1;雨:あま|戸:ど
網戸;amido;あみど;pintu penghalang serangga [KB];第1週;1日目;Hari ke-1;網:あみ|戸:ど
ヒーター;hītā;ヒーター;penghangat [KB];第1週;1日目;Hari ke-1;
床;yuka;ゆか;lantai [KB];第1週;1日目;Hari ke-1;床:ゆか
コンセント;konsento;コンセント;stop kontak, stopkontak [KB];第1週;1日目;Hari ke-1;
天井;tenjō;てんじょう;atap (langit-langit), plafon [KB];第1週;1日目;Hari ke-1;天:てん|井:じょう
じゅうたん;jūtan;じゅうたん;karpet [KB];第1週;1日目;Hari ke-1;
カーペット;kāpetto;カーペット;karpet [KB];第1週;1日目;Hari ke-1;
エアコン;eakon;エアコン;air conditioner, pendingin ruangan [KB];第1週;1日目;Hari ke-1;
コード;kōdo;コード;kabel [KB];第1週;1日目;Hari ke-1;
水道の蛇口をひねる;suidō no jaguchi wo hineru;すいどうのじゃぐちをひねる;memutar air keran, memutar keran air;第1週;1日目;Hari ke-1;水:すい|道:どう|蛇:じゃ|口:ぐち
水が凍る;mizu ga kōru;みずがこおる;airnya membeku;第1週;1日目;Hari ke-1;水:みず|凍:こお
氷になる;kōri ni naru;こおりになる;menjadi es;第1週;1日目;Hari ke-1;氷:こおり
冷凍して保存する;reitō shite hozon suru;れいとうしてほぞんする;menyimpan dengan membekukannya;第1週;1日目;Hari ke-1;冷:れい|凍:とう|保:ほ|存:ぞん
残り物を温める;nokorimono wo atatameru;のこりものをあたためる;menghangatkan makanan yang tersisa;第1週;1日目;Hari ke-1;残:のこ|物:もの|温:あたた
ビールを冷やす;bīru wo hiyasu;ビールをひやす;mendinginkan bir;第1週;1日目;Hari ke-1;冷:ひ
ビールが冷えている;bīru ga hiete iru;ビールがひえている;birnya dingin;第1週;1日目;Hari ke-1;冷:ひ
エアコンのリモコン;eakon no rimokon;エアコンのリモコン;remot AC;第1週;1日目;Hari ke-1;
スイッチ;suitchi;スイッチ;tombol sakelar [KB];第1週;1日目;Hari ke-1;
電源を切る;dengen wo kiru;でんげんをきる;mematikan (listrik, daya);第1週;1日目;Hari ke-1;電:でん|源:げん|切:き
電源を入れる;dengen wo ireru;でんげんをいれる;menyalakan (listrik, daya);第1週;1日目;Hari ke-1;電:でん|源:げん|入:い
じゅうたんを敷く;jūtan wo shiku;じゅうたんをしく;menggelar karpet;第1週;1日目;Hari ke-1;敷:し
部屋を暖める;heya wo atatameru;へやをあたためる;menghangatkan ruangan;第1週;1日目;Hari ke-1;部:へ|屋:や|暖:あたた
暖房をつける;danbō wo tsukeru;だんぼうをつける;menyalakan penghangat;第1週;1日目;Hari ke-1;暖:だん|房:ぼう
冷房が効いている・クーラーが効いている;reibō ga kiite iru, kūrā ga kiite iru;れいぼうがきいている・クーラーがきいている;AC-nya dingin;第1週;1日目;Hari ke-1;冷:れい|房:ぼう|効:き|効:き
日当たりがいい;hiatari ga ii;ひあたりがいい;terkena sinar matahari;第1週;1日目;Hari ke-1;日:ひ|当:あ
日当たりが悪い;hiatari ga warui;ひあたりがわるい;tidak terkena sinar matahari;第1週;1日目;Hari ke-1;日:ひ|当:あ|悪:わる

大さじ;ōsaji;おおさじ;takaran sendok makan [KB];第1週;2日目;Hari ke-2;大:おお
小さじ;kosaji;こさじ;takaran sendok teh [KB];第1週;2日目;Hari ke-2;小:こ
1カップ;1kappu;1カップ;satu gelas [KB];第1週;2日目;Hari ke-2;
1リットル;1rittoru;1りっとる;satu liter [KB];第1週;2日目;Hari ke-2;
秤;hakari;はかり;timbangan [KB];第1週;2日目;Hari ke-2;秤:はかり
包丁;hōchō;ほうちょう;pisau [KB];第1週;2日目;Hari ke-2;包:ほう|丁:ちょう
まな板;manaita;まないた;talenan [KB];第1週;2日目;Hari ke-2;板:いた
酒;sake;さけ;sake, minuman beralkohol [KB];第1週;2日目;Hari ke-2;酒:さけ
酢;su;す;cuka [KB];第1週;2日目;Hari ke-2;酢:す
調味料;chōmiryō;ちょうみりょう;bumbu, penyedap [KB];第1週;2日目;Hari ke-2;調:ちょう|味:み|料:りょう
サラダ油;sarada abura;さらだあぶら;minyak goreng, minyak sayur [KB];第1週;2日目;Hari ke-2;油:あぶら
天ぷら油;tenpura abura;てんぷらあぶら;minyak goreng tempura [KB];第1週;2日目;Hari ke-2;天:てん|油:あぶら
夕食のおかず;yūshoku no okazu;ゆうしょくのおかず;lauk makan malam [KB];第1週;2日目;Hari ke-2;夕:ゆう|食:しょく
栄養のバランスを考える;eiyō no baransu wo kangaeru;えいようのばらんすをかんがえる;memikirkan keseimbangan nutrisi;第1週;2日目;Hari ke-2;栄:えい|養:よう|考:かんが
カロリーが高い食品;karorī ga takai shokuhin;かろりーがたかいしょくひん;bahan makanan berkalori tinggi [KB];第1週;2日目;Hari ke-2;高:たか|食:しょく|品:ひん
秤で量る;hakari de hakaru;はかりではかる;mengukur dengan timbangan;第1週;2日目;Hari ke-2;秤:はかり|量:はか
塩を少々入れる;shio wo shōshō ireru;しおをしょうしょういれる;memasukkan sedikit garam;第1週;2日目;Hari ke-2;塩:しお|少:しょう|々:しょう|入:い
皮をむく;kawa wo muku;かわをむく;mengupas kulit;第1週;2日目;Hari ke-2;皮:かわ
材料を刻む;zairyō wo kizamu;ざいりょうをきざむ;memotong bahan makanan menjadi potongan kecil, mencincang bahan makanan;第1週;2日目;Hari ke-2;材:ざい|料:りょう|刻:きざ
大きめに切る;ōkime ni kiru;おおきめにきる;memotong agak besar;第1週;2日目;Hari ke-2;大:おお|切:き
3センチ幅に切る;3 senchi haba ni kiru;3せんちはばにきる;memotong dengan lebar 3 cm;第1週;2日目;Hari ke-2;幅:はば|切:き
みそ汁がぬるくなる;misoshiru ga nuruku naru;みそしるがぬるくなる;miso soup-nya menjadi kurang hangat (suhu menurun), sup miso-nya menjadi hangat-hangat kuku;第1週;2日目;Hari ke-2;汁:しる
ラップでくるむ;rappu de kurumu;ラップでくるむ;membungkus dengan plastik wrap;第1週;2日目;Hari ke-2;
(アルミ)ホイル;(arumi)hoiru;(アルミ)ホイル;aluminium foil [KB];第1週;2日目;Hari ke-2;
ラップを被せる・ラップを掛ける;rappu wo kabuseru, rappu wo kakeru;ラップをかぶせる・ラップをかける;membungkus dengan plastik wrap;第1週;2日目;Hari ke-2;被:かぶ|掛:か

鍋;nabe;なべ;panci [KB];第1週;3日目;Hari ke-3;鍋:なべ
蓋;futa;ふた;tutup [KB];第1週;3日目;Hari ke-3;蓋:ふた
お玉;otama;おたま;centongan [KB];第1週;3日目;Hari ke-3;玉:たま
フライパン;furaipan;フライパン;wajan [KB];第1週;3日目;Hari ke-3;
フライ返し;furaikaeshi;フライかえし;spatula, sutil [KB];第1週;3日目;Hari ke-3;返:かえ
炊飯器;suihanki;すいはんき;rice cooker [KB];第1週;3日目;Hari ke-3;炊:すい|飯:はん|器:き
しゃもじ;shamoji;しゃもじ;sendok nasi [KB];第1週;3日目;Hari ke-3;
(お)湯が沸く;(o)yu ga waku;(お)ゆがわく;airnya mendidih;第1週;3日目;Hari ke-3;湯:ゆ|沸:わ
(お)湯を沸かす;(o)yu wo wakasu;(お)ゆをわかす;memasak air, mendidihkan air, merebus air;第1週;3日目;Hari ke-3;湯:ゆ|沸:わ
(お)湯を冷ます;(o)yu wo samasu;(お)ゆをさます;mendinginkan air;第1週;3日目;Hari ke-3;湯:ゆ|冷:さ
(お)湯が冷める;(o)yu ga sameru;(お)ゆがさめる;airnya mendingin;第1週;3日目;Hari ke-3;湯:ゆ|冷:さ
なべを火にかける;nabe wo hi ni kakeru;なべをひにかける;meletakkan panci di atas api, memasak;第1週;3日目;Hari ke-3;火:ひ
ご飯を炊く;gohan wo taku;ごはんをたく;menanak nasi;第1週;3日目;Hari ke-3;飯:はん|炊:た
油を熱する;abura wo nessuru;あぶらをねっする;memanaskan minyak (di wajan);第1週;3日目;Hari ke-3;油:あぶら|熱:ねっ
油で揚げる;abura de ageru;あぶらであげる;menggoreng dengan minyak (banyak);第1週;3日目;Hari ke-3;油:あぶら|揚:あ
水を切る;mizu wo kiru;みずをきる;meniriskan air;第1週;3日目;Hari ke-3;水:みず|切:き
煮る;niru;にる;merebus dengan bumbu;第1週;3日目;Hari ke-3;煮:に
茹でる;yuderu;ゆでる;merebus dengan air saja;第1週;3日目;Hari ke-3;茹:ゆ
蒸す;musu;むす;mengukus;第1週;3日目;Hari ke-3;蒸:む
炒める;itameru;いためる;menumis;第1週;3日目;Hari ke-3;炒:いた
混ぜる;mazeru;まぜる;mencampur;第1週;3日目;Hari ke-3;混:ま
焦げる;kogeru;こげる;gosong, hangus;第1週;3日目;Hari ke-3;焦:こ
ひっくり返す・裏返す;hikkurikaesu, uragaesu;ひっくりかえす・うらがえす;membalikkan, membalik;第1週;3日目;Hari ke-3;返:かえ|裏:うら|返:がえ
味をつける;aji wo tsukeru;あじをつける;memberi rasa;第1週;3日目;Hari ke-3;味:あじ
塩を加える;shio wo kuwaeru;しおをくわえる;menambahkan garam;第1週;3日目;Hari ke-3;塩:しお|加:くわ
胡椒を振る;koshō wo furu;こしょうをふる;menaburi lada;第1週;3日目;Hari ke-3;胡:こ|椒:しょう|振:ふ
味見をする・味を見る;ajimi wo suru, aji wo miru;あじみをする・あじをみる;mencicipi rasa;第1週;3日目;Hari ke-3;味:あじ|見:み|味:あじ|見:み
味が濃い;aji ga koi;あじがこい;rasanya pekat, tajam, rasanya kuat, pekat;第1週;3日目;Hari ke-3;味:あじ|濃:こ
味が薄い;aji ga usui;あじがうすい;rasanya hambar, ringan, rasanya tawar, hambar;第1週;3日目;Hari ke-3;味:あじ|薄:うす
辛い;karai;からい;pedas, panas, asin (tergantung konteks);第1週;3日目;Hari ke-3;辛:から
塩からい;shiokarai;しおからい;asin;第1週;3日目;Hari ke-3;塩:しお
酸っぱい;suppai;すっぱい;asam;第1週;3日目;Hari ke-3;酸:す
できあがる・できあがり;dekiagaru, dekiagari;できあがる・できあがり;selesai, sudah jadi;第1週;3日目;Hari ke-3;

エプロン;epuron;エプロン;apron [KB];第1週;4日目;Hari ke-4;
箒;hōki;ほうき;sapu [KB];第1週;4日目;Hari ke-4;箒:ほうき
塵取り;chiritori;ちりとり;pengki, serok sampah [KB];第1週;4日目;Hari ke-4;塵:ちり|取:と
雑巾;zōkin;ぞうきん;kain lap, kain pel [KB];第1週;4日目;Hari ke-4;雑:ぞう|巾:きん
バケツ;baketsu;バケツ;ember [KB];第1週;4日目;Hari ke-4;
エプロンをする・エプロンをかける・エプロンをつける;epuron wo suru, epuron wo kakeru, epuron wo tsukeru;エプロンをする・エプロンをかける・エプロンをつける;mengenakan apron;第1週;4日目;Hari ke-4;
ソファーをどける;sofā wo dokeru;ソファーをどける;meminggirkan, memindahkan sofa;第1週;4日目;Hari ke-4;
（～が）どく;(~ ga) doku;（～が）どく;minggir, menyingkir, menyingkir, minggir;第1週;4日目;Hari ke-4;
部屋を散らかす;heya wo chirakasu;へやをちらかす;membuat ruangan jadi berantakan;第1週;4日目;Hari ke-4;部:へ|屋:や|散:ち
部屋が散らかる;heya ga chirakaru;へやがちらかる;ruangan berantakan;第1週;4日目;Hari ke-4;部:へ|屋:や|散:ち
部屋を片付ける;heya wo katazukeru;へやをかたづける;merapikan ruangan;第1週;4日目;Hari ke-4;部:へ|屋:や|片:かた|付:づ
部屋が片付く;heya ga katazuku;へやがかたづく;ruangan rapi;第1週;4日目;Hari ke-4;部:へ|屋:や|片:かた|付:づ
ジュースをこぼす;jūsu wo kobosu;ジュースをこぼす;menumpahkan jus;第1週;4日目;Hari ke-4;
こぼれる;koboreru;こぼれる;tumpah;第1週;4日目;Hari ke-4;
埃が積もる;hokori ga tsumoru;ほこりがつもる;debu menumpuk (dari atas), debu terakumulasi;第1週;4日目;Hari ke-4;埃:ほこり|積:つ
埃が溜まる;hokori ga tamaru;ほこりがたまる;debu menumpuk (dari banyak arah), debu berkumpul, debu mengendap;第1週;4日目;Hari ke-4;埃:ほこり|溜:た
埃を取る;hokori wo toru;ほこりをとる;mengambil, membersihkan debu;第1週;4日目;Hari ke-4;埃:ほこり|取:と
掃除機をかける;sōjiki wo kakeru;そうじきをかける;membersihkan dengan vacuum cleaner;第1週;4日目;Hari ke-4;掃:そう|除:じ|機:き
箒で掃く;hōki de haku;ほうきではく;menyapu dengan sapu;第1週;4日目;Hari ke-4;箒:ほうき|掃:は
水をくむ;mizu wo kumu;みずをくむ;mengambil air;第1週;4日目;Hari ke-4;水:みず
雑巾を絞る;zōkin wo shiboru;ぞうきんをしぼる;memeras kain lap, memeras kain pel;第1週;4日目;Hari ke-4;
濡らす;nurasu;ぬらす;membasahi;第1週;4日目;Hari ke-4;濡:ぬ
床を拭く;yuka wo fuku;ゆかをふく;mengelap lantai;第1週;4日目;Hari ke-4;床:ゆか|拭:ふ
布巾で食器を拭く;fukin de shokki wo fuku;ふきんでしょっきをふく;mengelap peralatan makan dengan lap;第1週;4日目;Hari ke-4;布:ふ|巾:きん|食:しょく|器:き|拭:ふ
台布巾でテーブルを拭く;daifukin de tēburu wo fuku;だいふきんでテーブルをふく;mengelap meja dengan lap meja;第1週;4日目;Hari ke-4;台:だい|布:ふ|巾:きん|拭:ふ
家具を磨く;kagu wo migaku;かぐをみがく;memoles perabotan, mengilapkan perabotan;第1週;4日目;Hari ke-4;家:か|具:ぐ|磨:み
ブラシで擦る;burashi de kosuru;ブラシでこする;menggosok dengan sikat;第1週;4日目;Hari ke-4;擦:こす
ゴミを分ける;gomi wo wakeru;ゴミをわける;memisahkan sampah;第1週;4日目;Hari ke-4;分:わ
面倒くさい;mendōkusai;めんどうくさい;merepotkan;第1週;4日目;Hari ke-4;面:めん|倒:どう
面倒だ;mendōda;めんどうだ;merepotkan;第1週;4日目;Hari ke-4;面:めん|倒:どう
スリッパを揃える;surippa wo soroeru;スリッパをそろえる;mengatur sandal, menyusun sandal;第1週;4日目;Hari ke-4;揃:そろ
物置に仕舞う;mono oki ni shimau;ものおきにしまう;menyimpan di gudang, menyimpan di tempat penyimpanan;第1週;4日目;Hari ke-4;物:もの|置:お|仕:し|舞:ま
生ゴミ;namagomi;なまゴミ;sampah dapur, sampah organik [KB];第1週;4日目;Hari ke-4;生:なま
燃えるゴミ;moeru gomi;もえるゴミ;sampah yang bisa dibakar [KB];第1週;4日目;Hari ke-4;燃:も
燃えないゴミ;moenai gomi;もえないゴミ;sampah yang tidak bisa dibakar [KB];第1週;4日目;Hari ke-4;燃:も

溜まる;tamaru;たまる;menumpuk, berkumpul;第1週;5日目;Hari ke-5;溜:た
溜める;tameru;ためる;menumpukkan;第1週;5日目;Hari ke-5;溜:た
濡れている;nurete iru;ぬれている;basah, lembab;第1週;5日目;Hari ke-5;濡:ぬ
湿っている;shimette iru;しめっている;lembab (belum kering), agak basah;第1週;5日目;Hari ke-5;湿:しめ
濡らす;nurasu;ぬらす;membasahi;第1週;5日目;Hari ke-5;濡:ぬ
乾く;kawaku;かわく;kering, tidak basah;第1週;5日目;Hari ke-5;乾:かわ
真っ白に仕上がる;masshiro ni shiagaru;まっしろにしあがる;menjadi putih bersih, menjadi putih bersih (hasil cucian);第1週;5日目;Hari ke-5;真:ま|白:しろ|仕:し|上:あ
干す;hosu;ほす;menjemur;第1週;5日目;Hari ke-5;干:ほ
洗濯機で乾かす;sentakuki de kawakasu;せんたくきでかわかす;mengeringkan (dengan mesin cuci);第1週;5日目;Hari ke-5;洗:せん|濯:たく|機:き|乾:かわ
畳む;tatamu;たたむ;melipat, melipatkan;第1週;5日目;Hari ke-5;畳:たた
服を汚す;fuku wo yogosu;ふくをよごす;mengotori pakaian, membuat kotor;第1週;5日目;Hari ke-5;服:ふく|汚:よご
汚れ;yogore;よごれ;kotoran, noda [KB];第1週;5日目;Hari ke-5;汚:よご
そでが真っ黒に汚れる;sode ga makkuro ni yogoreru;そでがまっくろによごれる;lengan bajunya jadi sangat kotor sampai hitam pekat;第1週;5日目;Hari ke-5;真:ま|黒:くろ|汚:よご
洗濯用洗剤を入れる;sentakuyō senzai wo ireru;せんたくよう せんざいをいれる;memasukkan deterjen untuk cucian;第1週;5日目;Hari ke-5;洗:せん|濯:たく|用:よう|洗:せん|剤:ざい|入:い
台所用洗剤を入れる;daidokoroyō senzai wo ireru;だいどころよう せんざいをいれる;memasukkan deterjen untuk dapur;第1週;5日目;Hari ke-5;台:だいど|所:ころ|用:よう|洗:せん|剤:ざい|入:い
スーツをクリーニングに出す;sūtsu wo kurīningu ni dasu;スーツをクリーニングにだす;mencuci jas di laundry, membawa jas ke laundry;第1週;5日目;Hari ke-5;出:だ
コインランドリーで洗濯をする;koinrandorī de sentaku wo suru;コインランドリーでせんたくをする;mencuci menggunakan koin laundry, mencuci di laundromat;第1週;5日目;Hari ke-5;洗:せん|濯:たく
タオルを干す;taoru wo hosu;タオルをほす;menjemur handuk;第1週;5日目;Hari ke-5;干:ほ
服を吊るす;fuku wo tsurusu;ふくをつるす;menggantung baju;第1週;5日目;Hari ke-5;服:ふく|吊:つ
ワイシャツにアイロンを掛ける;waishatsu ni airon wo kakeru;ワイシャツにアイロンをかける;menyeterika baju, menyetrika kemeja;第1週;5日目;Hari ke-5;掛:か
皺を伸ばす;shiwa wo nobasu;しわをのばす;meluruskan kerutan, merapikan baju kusut;第1週;5日目;Hari ke-5;皺:しわ|伸:の
皺が伸びる;shiwa ga nobiru;しわがのびる;kusutnya hilang, kerutannya lurus;第1週;5日目;Hari ke-5;皺:しわ|伸:の
ウールのセーターが縮む;ūru no sētā ga chijimu;ウールのセーターがちぢむ;sweater berbahan wool mengkerut;第1週;5日目;Hari ke-5;縮:ちぢ
ジーンズの色が落ちる;jīnzu no iro ga ochiru;ジーンズのいろがおちる;warna jeans luntur;第1週;5日目;Hari ke-5;色:いろ|落:お

かわいらしい;kawairashī;かわいらしい;lucu, imut, menggemaskan;第1週;6日目;Hari ke-6;
かわいそうな;kawaisō na;かわいそうな;kasihan;第1週;6日目;Hari ke-6;
行儀がいい;gyōgi ga ii;ぎょうぎがいい;berperilaku baik, sopan;第1週;6日目;Hari ke-6;行:ぎょう|儀:ぎ
利口な;rikō na;りこうな;pintar, cerdas;第1週;6日目;Hari ke-6;利:り|口:こう
かしこい;kashikoi;かしこい;pintar, cerdas;第1週;6日目;Hari ke-6;
人懐っこい;hito natsukkoi;ひとなつっこい;ramah, mudah akrab dengan orang;第1週;6日目;Hari ke-6;人:ひと|懐:なつ
わがままな;wagamama na;わがままな;egois;第1週;6日目;Hari ke-6;
生意気な;namaiki na;なまいきな;sombong, lancang;第1週;6日目;Hari ke-6;生:なま|意:い|気:き
生意気な態度;namaiki na taido;なまいきなたいど;sikap yang sombong, sikap lancang [KB];第1週;6日目;Hari ke-6;生:なま|意:い|気:き|態:たい|度:ど
吠える;hoeru;ほえる;menggonggong;第1週;6日目;Hari ke-6;吠:ほ
尻尾をふる;shippo wo furu;しっぽをふる;mengibaskan ekor;第1週;6日目;Hari ke-6;尻:しっ|尾:ぽ
人になれる;hito ni nareru;ひとになれる;menjadi jinak;第1週;6日目;Hari ke-6;人:ひと
唸る;unaru;うなる;menggeram;第1週;6日目;Hari ke-6;唸:うな
穴を掘る;ana wo horu;あなをほる;menggali lubang;第1週;6日目;Hari ke-6;穴:あな|掘:ほ
穴を埋める;ana wo umeru;あなをうめる;menimbun lubang, menutup lubang, menguburkan;第1週;6日目;Hari ke-6;穴:あな|埋:う
甘やかす;amayakasu;あまやかす;memanjakan;第1週;6日目;Hari ke-6;甘:あま
かわいがる;kawaigaru;かわいがる;menyayangi;第1週;6日目;Hari ke-6;
抱っこする;dakko suru;だっこする;menggendong (mendekap);第1週;6日目;Hari ke-6;抱:だ
腕に抱く;ude ni daku;うでにだく;memeluk di lengan;第1週;6日目;Hari ke-6;腕:うで|抱:だ
育児;ikuji;いくじ;pendidikan anak;第1週;6日目;Hari ke-6;育:いく|児:じ
子育て;kosodate;こそだて;mengasuh anak;第1週;6日目;Hari ke-6;子:こ|育:そだ
えらい;erai;えらい;hebat;第1週;6日目;Hari ke-6;
幼児;yōji;ようじ;anak kecil, balita;第1週;6日目;Hari ke-6;幼:よう|児:じ
幼い子供;osanai kodomo;おさないこども;anak kecil, balita;第1週;6日目;Hari ke-6;幼:おさな|子:こ|供:ども
子供が成長する;kodomo ga seichō suru;こどもがせいちょうする;anak tumbuh (besar);第1週;6日目;Hari ke-6;子:こ|供:ども|成:せい|長:ちょう
わがままに育つ;wagamama ni sodatsu;わがままにそだつ;tumbuh besar jadi anak yang egois;第1週;6日目;Hari ke-6;育:そだ
頭を撫でる;atama wo naderu;あたまをなでる;membelai kepala;第1週;6日目;Hari ke-6;頭:あたま|撫:な
お尻を叩く;oshiri wo tataku;おしりをたたく;menepuk pantat, memukul pantat;第1週;6日目;Hari ke-6;尻:しり|叩:たた
お尻をぶつ;oshiri wo butsu;おしりをぶつ;memukul pantat;第1週;6日目;Hari ke-6;尻:しり
悪戯をする;itazura wo suru;いたずらをする;melakukan hal nakal, iseng, jahil;第1週;6日目;Hari ke-6;悪:いた|戯:ずら
悪戯な;itazura na;いたずらな;iseng, nakal;第1週;6日目;Hari ke-6;悪:いた|戯:ずら
手を繋ぐ;te wo tsunagu;てをつなぐ;menggandeng tangan;第1週;6日目;Hari ke-6;手:て|繋:つな
手を離す;te wo hanasu;てをはなす;melepaskan tangan;第1週;6日目;Hari ke-6;手:て|離:はな
子供が迷子になる;kodomo ga maigo ni naru;こどもがまいごになる;anak tersesat, hilang;第1週;6日目;Hari ke-6;子:こ|供:ども|迷:まい|子:ご
子供が母親の後をついていく;kodomo ga hahaoya no ato wo tsuite iku;こどもがははおやのあとをついていく;anak mengikuti di belakang ibunya;第1週;6日目;Hari ke-6;子:こ|供:ども|母:はは|親:おや|後:あと
犬を飼う;inu wo kau;いぬをかう;memelihara anjing;第1週;6日目;Hari ke-6;犬:いぬ|飼:か
散歩に連れて行く;sanpo ni tsurete iku;さんぽにつれていく;mengajak jalan-jalan (anjing);第1週;6日目;Hari ke-6;散:さん|歩:ぽ|連:つ|行:い
餌をやる・餌を与える;esa wo yaru, esa wo ataeru;えさをやる・えさをあたえる;memberi makan (hewan peliharaan), memberi makan (hewan peliharaan);第1週;6日目;Hari ke-6;餌:えさ|餌:えさ|与:あた

昨日・昨日;kinō, sakujitsu;きのう・さくじつ;kemarin;第2週;1日目;Hari ke-7;昨:き|日:のう|昨:さく|日:じつ
今日・今日;kyō, konnichi;きょう・こんにち;hari ini;第2週;1日目;Hari ke-7;今日:きょう|今:こん|日:にち
明日・明日・明日;ashita, myōnichi, asu;あした・みょうにち・あす;besok;第2週;1日目;Hari ke-7;明日:あした|明日:みょう|日:にち|明日:あす
一昨日・一昨日;ototoi, issakujitsu;おととい・いっさくじつ;dua hari lalu;第2週;1日目;Hari ke-7;一昨日:おととい|一:いっ|昨:さく|日:じつ
一昨昨日・一昨昨日;sakiototoi, issakusakujitsu;さきおととい・さきおととい;tiga hari lalu;第2週;1日目;Hari ke-7;一昨昨日:さきおととい|一:いっ|昨:さく|昨:さく|日:じつ
明後日・明後日;asatte, myōgonichi;あさって・みょうごにち;lusa;第2週;1日目;Hari ke-7;明後日:あさって|明:みょう|後:ご|日:にち
明々後日・明々後日;shiasatte, myōmyōgonichi;しあさって・みょうみょうごにち;tiga hari lagi;第2週;1日目;Hari ke-7;明々後日:しあさって|明:みょう|々:みょう|後:ご|日:にち
元日・元旦;ganjitsu, gantan;がんじつ・がんたん;hari pertama tahun baru (1 Januari);第2週;1日目;Hari ke-7;元:がん|日:じつ|元:がん|旦:たん
上旬・初旬;jōjun, shojun;じょうじゅん・しょじゅん;awal bulan (10 hari pertama);第2週;1日目;Hari ke-7;上:じょう|旬:じゅん|初:しょ|旬:じゅん
中旬;chūjun;ちゅうじゅん;tengah bulan (10 hari kedua);第2週;1日目;Hari ke-7;中:ちゅう|旬:じゅん
下旬;gejun;げじゅん;akhir bulan (10 hari terakhir);第2週;1日目;Hari ke-7;下:げ|旬:じゅん
月始め;tsukihajime;つきはじめ;awal bulan;第2週;1日目;Hari ke-7;月:つき|始:はじ
月末;getsumatsu;げつまつ;akhir bulan;第2週;1日目;Hari ke-7;月:げつ|末:まつ
平日;heijitsu;へいじつ;hari kerja, hari biasa;第2週;1日目;Hari ke-7;平:へい|日:じつ
祝日・祭日;shukujitsu, saijitsu;しゅくじつ・さいじつ;hari libur nasional;第2週;1日目;Hari ke-7;祝:しゅく|日:じつ|祭:さい|日:じつ
昨年;sakunen;さくねん;tahun lalu;第2週;1日目;Hari ke-7;昨:さく|年:ねん
一昨年;issakunen;いっさくねん;dua tahun lalu;第2週;1日目;Hari ke-7;一:いっ|昨:さく|年:ねん
再来年;sarainen;さらいねん;dua tahun ke depan;第2週;1日目;Hari ke-7;再:さら|来:い|年:ねん
先月;sengetsu;せんげつ;bulan lalu;第2週;1日目;Hari ke-7;先:せん|月:げつ
先々月;sensengetsu;せんせんげつ;dua bulan lalu;第2週;1日目;Hari ke-7;先:せん|々:せん|月:げつ
再来月;saraigetsu;さらいげつ;dua bulan ke depan;第2週;1日目;Hari ke-7;再:さら|来:い|月:げつ
先週;senshū;せんしゅう;minggu lalu;第2週;1日目;Hari ke-7;先:せん|週:しゅう
先々週;sensenshū;せんせんしゅう;dua minggu lalu;第2週;1日目;Hari ke-7;先:せん|々:せん|週:しゅう
再来週;saraishū;さらいしゅう;dua minggu ke depan;第2週;1日目;Hari ke-7;再:さ|来:らい|週:しゅう
先日;senjitsu;せんじつ;beberapa hari lalu;第2週;1日目;Hari ke-7;先:せん|日:じつ
年末年始;nenmatsunenshi;ねんまつねんし;akhir & awal tahun;第2週;1日目;Hari ke-7;年:ねん|末:まつ|年:ねん|始:し
年の暮れ;nen no kure;ねんのくれ;akhir tahun;第2週;1日目;Hari ke-7;年:ねん|暮:くれ
休暇;kyūka;きゅうか;cuti, libur panjang [KB];第2週;1日目;Hari ke-7;休:きゅう|暇:か
予定;yotei;よてい;rencana, jadwal [KB];第2週;1日目;Hari ke-7;予:よ|定:てい
日にち;hinichi;ひにち;hari dan tanggal [KB];第2週;1日目;Hari ke-7;日:ひ
日程;nittei;にってい;jadwal, itinerary [KB];第2週;1日目;Hari ke-7;日:にっ|程:てい
スケジュール;sukejūru;スケジュール;jadwal [KB];第2週;1日目;Hari ke-7;
調整する;chōsei suru;ちょうせいする;menyesuaikan;第2週;1日目;Hari ke-7;調:ちょう|整:せい
変更する;henkō suru;へんこうする;mengubah;第2週;1日目;Hari ke-7;変:へん|更:こう
ずらす;zurasu;ずらす;menggeser;第2週;1日目;Hari ke-7;
旅行会社に申し込む;ryokōgaisha ni mōshikomu;りょこうがいしゃにもうしこむ;mendaftar ke agen perjalanan wisata;第2週;1日目;Hari ke-7;旅:りょ|行:こう|会:がい|社:しゃ|申:もう|込:こ
荷物を詰める;nimotsu wo tsumeru;にもつをつめる;mengemas barang;第2週;1日目;Hari ke-7;荷:に|物:もつ|詰:つ
海外旅行;kaigairyokō;かいがいりょこう;wisata internasional [KB];第2週;1日目;Hari ke-7;海:かい|外:がい|旅:りょ|行:こう
国内旅行;kokunairyokō;こくないりょこう;wisata domestik [KB];第2週;1日目;Hari ke-7;国:こく|内:ない|旅:りょ|行:こう
温泉;onsen;おんせん;pemandian air panas, onsen [KB];第2週;1日目;Hari ke-7;温:おん|泉:せん
2泊3日;nihaku mikka;にはくみっか;perjalanan 3 hari 2 malam;第2週;1日目;Hari ke-7;泊:はく|日:か
日帰り;higaeri;ひがえり;perjalanan pulang-pergi (sehari saja), perjalanan pulang pergi dalam sehari;第2週;1日目;Hari ke-7;日:ひ|帰:がえ|り:り
旅館;ryokan;りょかん;penginapan tradisional Jepang, ryokan [KB];第2週;1日目;Hari ke-7;旅:りょ|館:かん
宿泊する;shukuhaku suru;しゅくはくする;menginap;第2週;1日目;Hari ke-7;宿:しゅく|泊:はく

階段を上る・階段を上がる;kaidan wo noboru, kaidan wo agaru;かいだんをのぼる・かいだんをあがる;naik tangga;第2週;2日目;Hari ke-8;階:かい|段:だん|上:のぼ|階:かい|段:だん|上:あ
階段を下る・階段を下りる;kaidan wo kudaru, kaidan wo oriru;かいだんをくだる・かいだんをおりる;turun tangga;第2週;2日目;Hari ke-8;階:かい|段:だん|下:くだ|階:かい|段:だん|下:お
上りエスカレーター;nobori esukarētā;のぼりエスカレーター;eskalator naik;第2週;2日目;Hari ke-8;上:のぼ
下りエスカレーター;kudari esukarētā;くだりエスカレーター;eskalator turun;第2週;2日目;Hari ke-8;下:くだ
上り電車;nobori densha;のぼりでんしゃ;sebutan untuk kereta dari daerah menuju ke pusat kota Tokyo, kereta menuju pusat kota [KB];第2週;2日目;Hari ke-8;上:のぼ|電:でん|車:しゃ
青森方面行き;aomori hōmen'iki;あおもりほうめんいき;kereta tujuan Aomori;第2週;2日目;Hari ke-8;青:あお|森:もり|方:ほう|面:めん|行:い
下り電車;kudari densha;くだりでんしゃ;sebutan untuk kereta dari pusat kota Tokyo menuju daerah [KB];第2週;2日目;Hari ke-8;下:くだ|電:でん|車:しゃ
東京方面行き;tōkyōhōmen'iki;とうきょうほうめんいき;kereta arah (tujuan) ke Tokyo;第2週;2日目;Hari ke-8;東:とう|京:きょう|方:ほう|面:めん|行:い
列車の時刻を調べる;ressha no jikoku wo shiraberu;れっしゃのじこくをしらべる;mencari tahu jadwal kereta, mengecek jadwal kereta;第2週;2日目;Hari ke-8;列:れっ|車:しゃ|時:じ|刻:こく|調:しら
時刻表;jikokuhyō;じこくひょう;jadwal kereta [KB];第2週;2日目;Hari ke-8;時:じ|刻:こく|表:ひょう
東京発横浜行き;tōkyōhatsuyokohamaiki;とうきょうはつよこはまいき;berangkat dari tokyo, tujuan ke yokohama, berangkat dari Tokyo, tujuan ke Yokohama;第2週;2日目;Hari ke-8;東:とう|京:きょう|発:はつ|横:よこ|浜:はま|行:い
座席を指定する;zaseki wo shitei suru;ざせきをしていする;menentukan tempat duduk, memesan tempat duduk;第2週;2日目;Hari ke-8;座:ざ|席:せき|指:し|定:てい
指定席;shiteiseki;していせき;kursi harus reservasi [KB];第2週;2日目;Hari ke-8;指:し|定:てい|席:せき
特急券;tokkyūken;とっきゅうけん;tiket kereta express [KB];第2週;2日目;Hari ke-8;特:とっ|急:きゅう|券:けん
自由席;jiyūseki;じゆうせき;kursi bebas (tanpa reservasi) [KB];第2週;2日目;Hari ke-8;自:じ|由:ゆう|席:せき
窓側;madogawa;まどがわ;(kursi) sisi jendela [KB];第2週;2日目;Hari ke-8;窓:まど|側:がわ
通路側;tsūrogawa;つうろがわ;(kursi) sisi lorong [KB];第2週;2日目;Hari ke-8;通:つう|路:ろ|側:がわ
特急料金;tokkyūryōkin;とっきゅうりょうきん;biaya kereta express [KB];第2週;2日目;Hari ke-8;特:とっ|急:きゅう|料:りょう|金:きん
回数券;kaisūken;かいすうけん;tiket langganan (jumlah), tiket kupon [KB];第2週;2日目;Hari ke-8;回:かい|数:すう|券:けん
片道;katamichi;かたみち;satu kali jalan (one way) [KB];第2週;2日目;Hari ke-8;片:かた|道:みち
往復;ōfuku;おうふく;pulang-pergi (round trip);第2週;2日目;Hari ke-8;往:おう|復:ふく
乗車券;jōshaken;じょうしゃけん;tiket kereta (biasa);第2週;2日目;Hari ke-8;乗:じょう|車:しゃ|券:けん
定期券;teikiken;ていきけん;tiket langganan (pass);第2週;2日目;Hari ke-8;定:てい|期:き|券:けん
改札口を通る;kaisatsuguchi wo tōru;かいさつぐちをとおる;melewati gerbang pemeriksaan tiket;第2週;2日目;Hari ke-8;改:かい|札:さつ|口:ぐち|通:とお
切符を払い戻す;kippu wo haraimodosu;きっぷをはらいもどす;refund tiket, mengembalikan tiket dan menerima uang kembali;第2週;2日目;Hari ke-8;切:きっ|符:ぷ|払:はら|戻:もど
払い戻し;haraimodoshi;はらいもどし;refund, pengembalian uang;第2週;2日目;Hari ke-8;払:はら|戻:もど

(プラット) ホームが混雑している;(puratto) hōmugakonzatsushiteiru;(プラット) ホームがこんざつしている;platformnya penuh (jadi susah diatur);第2週;3日目;Hari ke-9;混:こん|雑:ざつ
白線の内側に下がる;hakusen no uchigawa ni sagaru;はくせんのうちがわにさがる;menjauh ke dalam garis putih;第2週;3日目;Hari ke-9;白:はく|線:せん|内:うち|側:がわ|下:さ
黄色い線の内側に下がる;kīroisen no uchigawa ni sagaru;きいろいせんのうちがわにさがる;menjauh ke dalam garis kuning;第2週;3日目;Hari ke-9;黄:き|色:いろ|線:せん|内:うち|側:がわ|下:さ
特急が通過する;tokkyū ga tsūka suru;とっきゅうがつうかする;kereta express akan lewat;第2週;3日目;Hari ke-9;特:とっ|急:きゅう|通:つう|過:か
乗車する;jōsha suru;じょうしゃする;naik kereta;第2週;3日目;Hari ke-9;乗:じょう|車:しゃ
下車する;gesha suru;げしゃする;turun kereta;第2週;3日目;Hari ke-9;下:げ|車:しゃ
発車する;hassha suru;はっしゃする;keretanya berangkat;第2週;3日目;Hari ke-9;発:はっ|車:しゃ
電車はがらがらだ;densha wa garagara da;でんしゃはがらがらだ;kereta sedikit penumpang (kosong);第2週;3日目;Hari ke-9;電:でん|車:しゃ
空っぽ;karappo;からっぽ;kosong;第2週;3日目;Hari ke-9;空:から
満員電車で通勤する;man'in densha de tsūkin suru;まんいんでんしゃでつうきんする;pulang-pergi kantor menggunakan kereta penuh penumpang;第2週;3日目;Hari ke-9;満:まん|員:いん|電:でん|車:しゃ|通:つう|勤:きん
電車が揺れる;densha ga yureru;でんしゃがゆれる;keretanya bergoyang;第2週;3日目;Hari ke-9;電:でん|車:しゃ|揺:ゆ
始発(電車);shihatsu (densha);しはつ(でんしゃ);kereta pertama (pemberangkatan awal);第2週;3日目;Hari ke-9;始:し|発:はつ|電:でん|車:しゃ
終電(電車);shūden (densha);しゅうでん(でんしゃ);kereta terakhir;第2週;3日目;Hari ke-9;終:しゅう|電:でん|電:でん|車:しゃ
始発駅から乗る;shihatsuekikara no ru;しはつえきからのる;naik dari stasiun awal;第2週;3日目;Hari ke-9;始:し|発:はつ|駅:えき|乗:の
終点で降りる;shūten de oriru;しゅうてんでおりる;turun di pemberhentian terakhir;第2週;3日目;Hari ke-9;終:しゅう|点:てん|降:お
急行から各駅停車に乗り換える;kyūkō kara kakuekiteisha ni no rikaeru;きゅうこうからかくえきていしゃにのりかえる;pindah (transit) dari express ke kereta lokal;第2週;3日目;Hari ke-9;急:きゅう|行:こう|各:かく|駅:えき|停:てい|車:しゃ|乗:の|換:か
乗り換え;norikae;のりかえ;pindah kereta;第2週;3日目;Hari ke-9;乗:の|換:か
乗り遅れる;noriokureru;のりおくれる;ketinggalan kereta;第2週;3日目;Hari ke-9;乗:の|遅:おく
乗り過ごす;norisugosu;のりすごす;terlewat stasiun karena kebablasan;第2週;3日目;Hari ke-9;乗:の|過:す
乗り越す;norikosu;のりこす;melewati stasiun tujuan;第2週;3日目;Hari ke-9;乗:の|越:こ
運賃を精算する;unchin wo seisansuru;うんちんをせいさんする;menghitung, membayar selisih biaya perjalanan (menyesuaikan tarif);第2週;3日目;Hari ke-9;運:うん|賃:ちん|精:せい|算:さん
乗り越し;norikoshi;のりこし;kelewatan stasiun tujuan [KB];第2週;3日目;Hari ke-9;乗:の|越:こ
車掌が車内アナウンスをする;shashō ga shanai anaunsu wo suru;しゃしょうがしゃないあなうんすをする;kondektur memberikan pengumuman di dalam kereta;第2週;3日目;Hari ke-9;車:しゃ|掌:しょう|車:しゃ|内:ない
携帯電話の使用を控える;keitai denwa no shiyō wo hikaeru;けいたいでんわのしようをひかえる;menahan diri (tidak menggunakan) telepon genggam;第2週;3日目;Hari ke-9;携:けい|帯:たい|電:でん|話:わ|使:しよ|用:う|控:ひか
お年寄りに席を譲る;otoshiyori ni seki wo yuzuru;おとしよりにせきをゆずる;memberikan kursi kepada orang tua;第2週;3日目;Hari ke-9;年:とし|寄:よ|席:せき|譲:ゆず
優先席;yūsenseki;ゆうせんせき;kursi prioritas;第2週;3日目;Hari ke-9;優:ゆう|先:せん|席:せき
体に不自由な人;karada ni fujiyū na hito;からだにふじゆうなひと;orang dengan keterbatasan fisik (difabel);第2週;3日目;Hari ke-9;体:からだ|不:ふ|自:じ|由:ゆう|人:ひと
痴漢に会う;chikan ni au;ちかんにあう;mengalami pelecehan (di kendaraan umum);第2週;3日目;Hari ke-9;痴:ち|漢:かん|会:あ
駅の売店;eki no baiten;えきのばいてん;kios di stasiun;第2週;3日目;Hari ke-9;駅:えき|売:ばい|店:てん

運転免許証;untenmenkyoshō;うんてんめんきょしょう;SIM;第2週;4日目;Hari ke-10;運:うん|転:てん|免:めん|許:きょ|証:しょう
ドライブをする;doraibu wo suru;どらいぶをする;menyetir;第2週;4日目;Hari ke-10;
レンタカーを借りる;rentakā wo kariru;れんたかーをかりる;menyewa mobil rental;第2週;4日目;Hari ke-10;借:か
トランクに荷物を積む;toranku ni nimotsu wo tsumu;トランクににもつをつむ;memuat barang ke bagasi;第2週;4日目;Hari ke-10;荷:に|物:もつ|積:つ
人を乗せる;hito wo noseru;ひとをのせる;memberikan tumpangan;第2週;4日目;Hari ke-10;人:ひと|乗:の
キー;kī;キー;kunci [KB];第2週;4日目;Hari ke-10;
バックミラー;bakkumirā;バックミラー;kaca spion (dalam) [KB];第2週;4日目;Hari ke-10;
トランク;toranku;トランク;bagasi [KB];第2週;4日目;Hari ke-10;
タイヤ;taiya;タイヤ;ban [KB];第2週;4日目;Hari ke-10;
運転席;untenseki;うんてんせき;kursi pengemudi;第2週;4日目;Hari ke-10;運:うん|転:てん|席:せき
ライト;raito;ライト;lampu [KB];第2週;4日目;Hari ke-10;
助手席;joshuseki;じょしゅせき;kursi penumpang depan;第2週;4日目;Hari ke-10;助:じょ|手:しゅ|席:せき
ボンネット;bonnetto;ボンネット;kap mesin [KB];第2週;4日目;Hari ke-10;
ハンドル;handoru;ハンドル;setir [KB];第2週;4日目;Hari ke-10;
フロントガラス;furontogarasu;フロントガラス;kaca depan [KB];第2週;4日目;Hari ke-10;
カーナビ;kānabi;カーナビ;sistem navigasi mobil (GPS) [KB];第2週;4日目;Hari ke-10;
ワイパー;waipā;ワイパー;wiper (penghapus kaca) [KB];第2週;4日目;Hari ke-10;
サイドミラー;saidomirā;サイドミラー;kaca spion samping [KB];第2週;4日目;Hari ke-10;
シートベルトを締める;shītoberuto wo shimeru;シートベルトをしめる;memakai sabuk pengaman;第2週;4日目;Hari ke-10;締:し
エンジンを掛ける;enjin wo kakeru;エンジンをかける;menyalakan mesin;第2週;4日目;Hari ke-10;掛:か
バックミラーで確認(を)する;bakkumirā de kakunin (wo) suru;バックミラーでかくにん(を)する;memastikan dengan kaca spion dalam;第2週;4日目;Hari ke-10;確:かく|認:にん
ハンドルを握る;handoru wo nigiru;ハンドルをにぎる;memegang setir;第2週;4日目;Hari ke-10;握:にぎ
アクセルを踏む;akuseru wo fumu;アクセルをふむ;menginjak pedal gas;第2週;4日目;Hari ke-10;踏:ふ
ブレーキを掛ける;burēki wo kakeru;ブレーキをかける;mengerem;第2週;4日目;Hari ke-10;掛:か
急ブレーキ;kyūburēki;きゅうブレーキ;rem mendadak;第2週;4日目;Hari ke-10;急:きゅう
ライトを点ける;raito wo tsukeru;ライトをつける;menyalakan lampu (mobil);第2週;4日目;Hari ke-10;点:つ
ワイパーを動かす;waipā wo ugokasu;ワイパーをうごかす;menggerakkan wiper;第2週;4日目;Hari ke-10;動:うご
ガソリンスタンドに寄る;gasorinsutando ni yoru;ガソリンスタンドによる;mampir ke pom bensin;第2週;4日目;Hari ke-10;寄:よ
高速道路に乗る;kōsokudōro ni noru;こうそくどうろにのる;naik, masuk ke jalan tol;第2週;4日目;Hari ke-10;高:こう|速:そく|道:どう|路:ろ|乗:の
タイヤがパンクする;taiya ga panku suru;タイヤがパンクする;ban kempes, bocor;第2週;4日目;Hari ke-10;

一方通行;ippōtsūkō;いっぽうつうこう;jalan satu arah;第2週;5日目;Hari ke-11;一:いっ|方:ぽう|通:つう|行:こう
通行止め;tsūkōdome;つうこうどめ;jalan ditutup;第2週;5日目;Hari ke-11;通:つう|行:こう|止:ど
工事中;kōjichū;こうじちゅう;sedang ada pengerjaan;第2週;5日目;Hari ke-11;工:こう|事:じ|中:ちゅう
踏切;fumikiri;ふみきり;perlintasan kereta api;第2週;5日目;Hari ke-11;踏:ふみ|切:きり
横断歩道;ōdanhodō;おうだんほどう;zebra cross;第2週;5日目;Hari ke-11;横:おう|断:だん|歩:ほ|道:どう
交差点;kōsaten;こうさてん;perempatan;第2週;5日目;Hari ke-11;交:こう|差:さ|点:てん
バス停・バスの停留所;basutei, basu no teiryūjo;バスてい・バスのていりゅうじょ;halte bus;第2週;5日目;Hari ke-11;停:てい|停:てい|留:りゅう|所:じょ
線路;senro;せんろ;jalur kereta;第2週;5日目;Hari ke-11;線:せん|路:ろ
四つ角;yotsukado;よつかど;perempatan jalan;第2週;5日目;Hari ke-11;四:よ|角:かど
回り道 (をする)・遠回り (をする);mawarimichi ( wo suru), tōmawari ( wo suru);まわりみち (をする)・とおまわり (をする);mengambil jalan memutar (semakin jauh);第2週;5日目;Hari ke-11;回:まわ|道:みち|遠:とお|回:まわ
近道 (をする);chikamichi ( wo suru);ちかみち (をする);mengambil jalan pintas;第2週;5日目;Hari ke-11;近:ちか|道:みち
突き当りを左に曲がる;tsukiatari wo hidari ni magaru;つきあたりをひだりにまがる;mentok belok kiri;第2週;5日目;Hari ke-11;突:つ|当:あた|左:ひだり|曲:ま
バスが停車する;basu ga teisha suru;バスがていしゃする;busnya berhenti;第2週;5日目;Hari ke-11;停:てい|車:しゃ
線路を超える;senro wo koeru;せんろをこえる;melewati jalur kereta;第2週;5日目;Hari ke-11;線:せん|路:ろ|超:こ
時速100キロで走る;jisoku 100 kiro de hashiru;じそく100きろではしる;berjalan dengan kecepatan 100 km per jam;第2週;5日目;Hari ke-11;時:じ|速:そく|走:はし
スピード違反で捕まる;supīdo ihan de tsukamaru;スピードいはんでつかまる;tertangkap karena melanggar batas kecepatan;第2週;5日目;Hari ke-11;違:い|反:はん|捕:つか
駐車違反をする;chūsha ihan wo suru;ちゅうしゃいはんをする;melakukan pelanggaran parkir;第2週;5日目;Hari ke-11;駐:ちゅう|車:しゃ|違:い|反:はん
信号を無視する;shingō wo mushi suru;しんごうをむしする;menerobos lampu merah (mengabaikan isyarat);第2週;5日目;Hari ke-11;信:しん|号:ごう|無:む|視:し
信号無視;shingōmushi;しんごうむし;pelanggaran lampu lalu lintas;第2週;5日目;Hari ke-11;信:しん|号:ごう|無:む|視:し
車をぶつける;kuruma wo butsukeru;くるまをぶつける;menabrakkan mobil;第2週;5日目;Hari ke-11;車:くるま
車がぶつかる;kuruma ga butsukaru;くるまがぶつかる;mobilnya bertabrakan;第2週;5日目;Hari ke-11;車:くるま
猫を轢く;neko wo hiku;ねこをひく;melindas kucing;第2週;5日目;Hari ke-11;猫:ねこ|轢:ひ
猫が車に轢かれる;neko ga kuruma ni hikareru;ねこがくるまにひかれる;kucing terlindas mobil;第2週;5日目;Hari ke-11;猫:ねこ|車:くるま|轢:ひ
交通事故に遭う;kōtsūjiko ni au;こうつうじこにあう;mengalami kecelakaan lalu lintas;第2週;5日目;Hari ke-11;交:こう|通:つう|事:じ|故:こ|遭:あ
車に気をつける;kuruma ni ki wo tsukeru;くるまにきをつける;hati-hati terhadap mobil;第2週;5日目;Hari ke-11;車:くるま|気:き
斜めに横断する;naname ni ōdan suru;ななめにおうだんする;menyeberang secara miring, diagonal;第2週;5日目;Hari ke-11;斜:なな|横:おう|断:だん
道路を横切る;dōro wo yokogiru;どうろをよこぎる;memotong, menyeberangi jalan;第2週;5日目;Hari ke-11;道:どう|路:ろ|横:よこ|切:ぎ
信号;shingō;しんごう;lampu lalu lintas;第2週;5日目;Hari ke-11;信:しん|号:ごう
道路が渋滞している・道路が混んでいる;dōro ga jūtai shiteiru, dōro ga kondeiru;どうろがじゅうたいしている・どうろがこんでいる;jalanan macet;第2週;5日目;Hari ke-11;道:どう|路:ろ|渋:じゅう|滞:たい|道:どう|路:ろ|混:こん
道路がすいている;dōro ga suiteiru;どうろがすいている;jalanan kosong;第2週;5日目;Hari ke-11;道:どう|路:ろ

窓口で両替をする;madoguchi de ryōgae wo suru;まどぐちでりょうがえをする;menukar uang di loket bank;第2週;6日目;Hari ke-12;窓:まど|口:ぐち|両:りょう|替:がえ
預金する;yokin suru;よきんする;mendepositokan uang;第2週;6日目;Hari ke-12;預:よ|金:きん
銀行にお金を預ける;ginkō ni okane wo azukeru;ぎんこうにおかねをあずける;menitipkan uang di bank;第2週;6日目;Hari ke-12;銀:ぎん|行:こう|金:かね|預:あず
通帳記入をする;tsūchō kinyū wo suru;つうちょうきにゅうをする;mencetak buku tabungan;第2週;6日目;Hari ke-12;通:つう|帳:ちょう|記:き|入:にゅう
暗証番号;anshōbangō;あんしょうばんごう;nomor PIN;第2週;6日目;Hari ke-12;暗:あん|証:しょう|番:ばん|号:ごう
銀行の口座を開く;ginkō no kōza wo hiraku;ぎんこうのこうざをひらく;membuka rekening bank;第2週;6日目;Hari ke-12;銀:ぎん|行:こう|口:こう|座:ざ|開:ひら
公共料金を支払う;kōkyōryōkin wo shiharau;こうきょうりょうきんをしはらう;membayar tagihan umum (listrik, air, dll);第2週;6日目;Hari ke-12;公:こう|共:きょう|料:りょう|金:きん|支:し|払:はら
電気代;denkidai;でんきだい;biaya listrik;第2週;6日目;Hari ke-12;電:でん|気:き|代:だい
ガス代;gasu dai;がすだい;biaya gas;第2週;6日目;Hari ke-12;代:だい
水道代;suidōdai;すいどうだい;biaya air;第2週;6日目;Hari ke-12;水:すい|道:どう|代:だい
電話代;denwadai;でんわだい;biaya telepon;第2週;6日目;Hari ke-12;電:でん|話:わ|代:だい
商品の代金を払う;shōhin no daikin wo harau;しょうひんのだいきんをはらう;membayar biaya, harga barang;第2週;6日目;Hari ke-12;商:しょう|品:ひん|代:だい|金:きん|払:はら
送金する;sōkin suru;そうきんする;mengirim uang;第2週;6日目;Hari ke-12;送:そう|金:きん
仕送りする;shiokuri suru;しおくりする;mengirim uang saku (bulanan);第2週;6日目;Hari ke-12;仕:し|送:おく
手数料が掛かる;tesūryō ga kakaru;てすうりょうがかかる;dikenakan biaya admin, komisi;第2週;6日目;Hari ke-12;手:て|数:すう|料:りょう|掛:か
送料が掛かる;sōryō ga kakaru;そうりょうがかかる;dikenakan biaya pengiriman (ongkir);第2週;6日目;Hari ke-12;送:そう|料:りょう|掛:か
あて先;atesaki;あてさき;alamat yang dituju;第2週;6日目;Hari ke-12;先:さき
あて名;atena;あてな;nama penerima;第2週;6日目;Hari ke-12;名:な
差出人;sashidashinin;さしだしにん;pengirim;第2週;6日目;Hari ke-12;差:さし|出:だし|人:にん
手紙を速達で出す;tegami wo sokutatsu de dasu;てがみをそくたつでだす;mengirim surat dengan layanan ekspres;第2週;6日目;Hari ke-12;手:て|紙:がみ|速:そく|達:たつ|出:だ
銀行の本店;ginkō no honten;ぎんこうのほんてん;kantor pusat bank;第2週;6日目;Hari ke-12;銀:ぎん|行:こう|本:ほん|店:てん
家賃を振り込む;yachin wo furikomu;やちんをふりこむ;mentransfer biaya sewa properti;第2週;6日目;Hari ke-12;家:や|賃:ちん|振:ふ|込:こ
給料を引き出す・給料を下ろす;kyūryō wo hikidasu, kyūryō wo orosu;きゅうりょうをひきだす・きゅうりょうをおろす;mengambil gaji;第2週;6日目;Hari ke-12;給:きゅう|料:りょう|引:ひ|出:だ|給:きゅう|料:りょう|下:お
お金を貯める・お金を貯金する;okane wo tameru, okane wo chokin suru;おかねをためる・おかねをちょきんする;menabung uang;第2週;6日目;Hari ke-12;金:かね|貯:た|金:かね|貯:ちょ|金:きん
通帳記入をする;tsūchō kinyū wo suru;つうちょうきにゅうをする;buku tabungan;第2週;6日目;Hari ke-12;通:つう|帳:ちょう|記:き|入:にゅう
キャッシュカード;kyasshukādo;きゃっしゅカード;kartu ATM [KB];第2週;6日目;Hari ke-12;
サイン;sain;さいん;tanda tangan [KB];第2週;6日目;Hari ke-12;
判子・印鑑;hanko, inkan;はんこ・いんかん;stampel (tanda tangan);第2週;6日目;Hari ke-12;判:はん|子:こ|印:いん|鑑:かん
紙幣・お札;shihei, osatsu;しへい・おさつ;uang kertas;第2週;6日目;Hari ke-12;紙:し|幣:へい|札:さつ
百円玉;hyakuentama;ひゃくえんたま;uang 100yen;第2週;6日目;Hari ke-12;百:ひゃく|円:えん|玉:たま
硬貨;kōka;こうか;uang logam;第2週;6日目;Hari ke-12;硬:こう|貨:か

交際する/付き合う;kōsai suru/tsukiau;こうさいする/つきあう;berpacaran;第3週;1日目;Hari ke-13;交:こう|際:さい|付:つ|合:あ
喧嘩する;kenka suru;けんかする;bertengkar, berkelahi, cekcok;第3週;1日目;Hari ke-13;喧:けん|嘩:か
仲直りする;nakanaori suru;なかなおりする;baikan, berdamai;第3週;1日目;Hari ke-13;仲:なか|直:なお
仲がいい;naka ga ii;なかがいい;hubungan nya baik, akrab;第3週;1日目;Hari ke-13;仲:なか
仲良しだ;nakayoshida;なかよしだ;berteman baik;第3週;1日目;Hari ke-13;仲:なか|良:よ
気になる;ki ni naru;きになる;penasaran, tertarik, ingin tahu;第3週;1日目;Hari ke-13;気:き
好きになる;suki ni naru;すきになる;jadi suka;第3週;1日目;Hari ke-13;好:す
きらいになる;kirai ni naru;きらいになる;jadi tidak suka;第3週;1日目;Hari ke-13;
いやになる;iya ni naru;いやになる;jadi tidak tertarik;第3週;1日目;Hari ke-13;
羨ましい;urayamashī;うらやましい;merasa iri, cemburu;第3週;1日目;Hari ke-13;羨:うらや
コンサートにさそう;konsāto ni sasō;こんさーとにさそう;mengajak ke konser, mengundang;第3週;1日目;Hari ke-13;
いやがる;iyagaru;いやがる;tidak suka, tidak mau sama...;第3週;1日目;Hari ke-13;
ふる;furu;ふる;menolak, memutuskan hubungan;第3週;1日目;Hari ke-13;
好かれる;sukareru;すかれる;disukai;第3週;1日目;Hari ke-13;好:す
きらわれる;kirawareru;きらわれる;tidak disukai, dibenci;第3週;1日目;Hari ke-13;
いやがられる;iyagarareru;いやがられる;tidak disukai;第3週;1日目;Hari ke-13;
ふられる;furareru;ふられる;ditolak, diputusin;第3週;1日目;Hari ke-13;
気がある;ki ga aru;きがある;ada rasa, perasaan;第3週;1日目;Hari ke-13;気:き
あこがれる;akogareru;あこがれる;kagum, terpesona;第3週;1日目;Hari ke-13;
夢中になる;muchū ni naru;むちゅうになる;tergila-gila, sangat suka;第3週;1日目;Hari ke-13;夢:む|中:ちゅう
恋をする;koi wo suru;こいをする;jatuh cinta, kasmaran;第3週;1日目;Hari ke-13;恋:こい
女性にもてる;josei ni mo teru;じょせいにもてる;populer, banyak disukai cewek;第3週;1日目;Hari ke-13;女:じょ|性:せい
(お)互いに気に入る;(o)tagai ni ki ni iru;(お)たがいにきにいる;saling menyukai;第3週;1日目;Hari ke-13;互:たが|気:き|入:い
相手の予定を聞く;aite no yotei wo kiku;あいてのよていをきく;bertanya rencana pasangan;第3週;1日目;Hari ke-13;相:あい|手:て|予:よ|定:てい|聞:き
都合をつける;tsugō wo tsukeru;つごうをつける;membuat jadi ada waktu (meluangkan waktu), memberikan kenyamanan;第3週;1日目;Hari ke-13;都:つ|合:ごう
都合がつく;tsugō ga tsuku;つごうがつく;waktunya ada (ada waktu, bisa), merasa nyaman;第3週;1日目;Hari ke-13;都:つ|合:ごう
買い物に付き合う;kaimono ni tsukiau;かいものにつきあう;menemani belanja;第3週;1日目;Hari ke-13;買:か|物:もの|付:つ|合:あ
付き合い;tsukiai;つきあい;hubungan;第3週;1日目;Hari ke-13;付:つ|合:あ
恋人;koibito;こいびと;orang yang dicintai, kekasih, pacar;第3週;1日目;Hari ke-13;恋:こい|人:びと
田中さんの彼;tanakasan no kare;たなかさんのかれ;pacar (laki) nya tanaka-san;第3週;1日目;Hari ke-13;田:た|中:なか|彼:かれ
彼氏;kareshi;かれし;pacar laki-laki;第3週;1日目;Hari ke-13;彼:かれ|氏:し
彼女;kanojo;かのじょ;pacar perempuan;第3週;1日目;Hari ke-13;彼:かの|女:じょ
結婚を申し込む;kekkon wo mōshikomu;けっこんをもうしこむ;melamar, mengajak menikah;第3週;1日目;Hari ke-13;結:けっ|婚:こん|申:もう|込:こ
断る;kotowaru;ことわる;menolak;第3週;1日目;Hari ke-13;断:ことわ
あいまいな返事をする;aimai na henji wo suru;あいまいなへんじをする;memberi respon yang ambigu;第3週;1日目;Hari ke-13;返:へん|事:じ
イヤリング;iyaringu;イヤリング;anting [KB];第3週;2日目;Hari ke-14;
ネックレス;nekkuresu;ネックレス;kalung [KB];第3週;2日目;Hari ke-14;
ベルト;beruto;ベルト;sabuk [KB];第3週;2日目;Hari ke-14;
パンツ;pantsu;パンツ;celana, celana dalam [KB];第3週;2日目;Hari ke-14;
下着;shitagi;したぎ;pakaian dalam;第3週;2日目;Hari ke-14;下:した|着:ぎ
上着;uwagi;うわぎ;pakaian luar, jaket dll;第3週;2日目;Hari ke-14;上:うわ|着:ぎ
額;hitai;ひたい;Kening;第3週;2日目;Hari ke-14;額:ひたい
頭;atama;あたま;kepala;第3週;2日目;Hari ke-14;頭:あたま
睫毛;matsuge;まつげ;bulu mata;第3週;2日目;Hari ke-14;睫:まつ|毛:げ
頬/頬;hō/hoho;ほお/ほほ;pipi;第3週;2日目;Hari ke-14;頬:ほお|頬:ほほ
眉/眉毛;mayu/mayuge;まゆ/まゆげ;alis;第3週;2日目;Hari ke-14;眉:まゆ|眉:まゆ|毛:げ
瞼;mabuta;まぶた;kelopak mata;第3週;2日目;Hari ke-14;瞼:まぶた
唇;kuchibiru;くちびる;bibir;第3週;2日目;Hari ke-14;唇:くちびる
明日の支度をする;ashita no shitaku wo suru;あしたのしたくをする;mempersiapkan untuk besok;第3週;2日目;Hari ke-14;明:あし|日:た|支:し|度:たく
朝の支度をする;asa no shitaku wo suru;あさのしたくをする;mempersiapkan untuk bekerja, sekolah;第3週;2日目;Hari ke-14;朝:あさ|支:し|度:たく
シャワーを浴びる;shawā wo abiru;シャワーをあびる;mandi shower;第3週;2日目;Hari ke-14;浴:あ
歯をみがく;ha wo migaku;はをみがく;menggosok gigi, sikat gigi;第3週;2日目;Hari ke-14;歯:は
歯磨き;hamigaki;はみがき;gosok gigi;第3週;2日目;Hari ke-14;歯:は|磨:みが
歯みがき粉をつける;hamigakiko wo tsukeru;はみがきこをつける;memakai pasta gigi;第3週;2日目;Hari ke-14;歯:は|粉:こ
髭をそる;hige wo soru;ひげをそる;mencukur jenggot, mencukur kumis;第3週;2日目;Hari ke-14;髭:ひげ
髪をとく/とかす;kami wo toku/tokasu;かみをとく/とかす;menyisir rambut, merapikan rambut;第3週;2日目;Hari ke-14;髪:かみ
ドライヤーで髪を乾かす;doraiyā de kami wo kawakasu;ドライヤーでかみをかわかす;mengeringkan rambut dengan hair dryer;第3週;2日目;Hari ke-14;髪:かみ|乾:かわ
(お)化粧をする;(o)keshō wo suru;(お)けしょうをする;berdandan, merias wajah;第3週;2日目;Hari ke-14;化:け|粧:しょう
口紅を塗る/つける;kuchibe ni wo nuru/tsukeru;くちべにをぬる/つける;memakai lipstik, memasang lipstik;第3週;2日目;Hari ke-14;口:くち|紅:べに|塗:ぬ
服を着替える;fuku wo kigaeru;ふくをきがえる;mengganti baju;第3週;2日目;Hari ke-14;服:ふく|着:き|替:が
着替え;kigae;きがえ;baju ganti, pakaian ganti;第3週;2日目;Hari ke-14;着:き|替:が
おしゃれをする;oshare wo suru;おしゃれをする;memakai pakaian yang modis;第3週;2日目;Hari ke-14;
おしゃれな人;osharena hito;おしゃれなひと;orang modis;第3週;2日目;Hari ke-14;人:ひと
ひもを結ぶ;hi mo wo musubu;ひもをむすぶ;mengikat tali, menalikan;第3週;2日目;Hari ke-14;結:むす
ほどく;hodoku;ほどく;melepas, membuka;第3週;2日目;Hari ke-14;
マフラーを巻く/する;mafurā wo maku/suru;マフラーをまく/する;memakai syal;第3週;2日目;Hari ke-14;巻:ま
手袋をはめる/する;tebukuro wo hameru/suru;てぶくろをはめる/する;memakai sarung tangan;第3週;2日目;Hari ke-14;手:てぶ|袋:くろ
指輪をはめる/する;yubiwa wo hameru/suru;ゆびわをはめる/する;memakai cincin;第3週;2日目;Hari ke-14;指:ゆび|輪:わ
袖なし;sodenashi;そでなし;tanpa lengan, sleeveless;第3週;3日目;Hari ke-15;袖:そで
無地;muji;むじ;polos, tanpa motif;第3週;3日目;Hari ke-15;無:む|地:じ
半そで;hansode;はんそで;lengan pendek;第3週;3日目;Hari ke-15;半:はん
長そで;nagasode;ながそで;lengan panjang;第3週;3日目;Hari ke-15;長:なが
柄/模様;gara/moyō;がら/もよう;corak, motif;第3週;3日目;Hari ke-15;柄:がら|模:も|様:よう
縞;shima;しま;garis-garis, belang;第3週;3日目;Hari ke-15;縞:しま
水玉;mizutama;みずたま;polkadot;第3週;3日目;Hari ke-15;水:みず|玉:たま
花柄;hanagara;はながら;corak bunga;第3週;3日目;Hari ke-15;花:はな|柄:がら
気に入る/好む;ki ni iru/konomu;きにいる/このむ;menyukai, suka;第3週;3日目;Hari ke-15;気:き|入:い|好:この
お気に入り;oki ni iri;おきにいり;kesukaan, favorit;第3週;3日目;Hari ke-15;気:き|入:い
好み;konomi;このみ;kesukaan;第3週;3日目;Hari ke-15;好:この
似合う;ni au;にあう;cocok, sesuai, pas;第3週;3日目;Hari ke-15;似:に|合:あ
目立つ色;medatsuiro;めだついろ;warna mencolok;第3週;3日目;Hari ke-15;目:め|立:だ|色:いろ
はでな;hade na;はでな;mencolok;第3週;3日目;Hari ke-15;
地味な;jimi na;じみな;sederhana, polos;第3週;3日目;Hari ke-15;地:じ|味:み
人気のあるデザイン;ninki no aru dezain;にんきのあるデザイン;desain populer, banyak disukai;第3週;3日目;Hari ke-15;人:にん|気:き
はやっている;hayatte iru;はやっている;sedang tren, populer, hits;第3週;3日目;Hari ke-15;
はやり/流行;hayari/ryūkō;はやり/りゅうこう;nge-tren;第3週;3日目;Hari ke-15;流:りゅう|行:こう
サイズを確かめる/確認する;saizu wo tashikameru/kakunin suru;サイズをたしかめる/かくにんする;memastikan ukuran;第3週;3日目;Hari ke-15;確:たし|確:かく|認:にん
サイズが合う;saizu ga au;サイズがあう;ukurannya cocok;第3週;3日目;Hari ke-15;合:あ
ゆるい;yurui;ゆるい;kendor, longgar, tidak pas;第3週;3日目;Hari ke-15;
きつい;kitsui;きつい;ketat, sempit;第3週;3日目;Hari ke-15;
品物をかごに入れる;shinamono wo kago ni ireru;しなものをかごにいれる;memasukkan barang ke keranjang;第3週;3日目;Hari ke-15;品:しな|物:もの|入:い
セール/バーゲンで買う;sēru/bāgen de kau;セール/バーゲンでかう;membeli barang promo, belanja diskon;第3週;3日目;Hari ke-15;買:か
デパートの特売品;depāto no tokubaihin;デパートのとくばいひん;barang promo yang dijual di departmen store [KB];第3週;3日目;Hari ke-15;特:とく|売:ばい|品:ひん
30パーセント(%)オフ/3割引き;30pāsento(%)ofu/3waribiki;30パーセント(%)おふ/3わりびき;diskon 30%;第3週;3日目;Hari ke-15;割:わり|引:び
売り切れる/売り切れ;urikireru/urikire;うりきれる/うりきれ;habis terjual, sold out;第3週;3日目;Hari ke-15;売:う|切:き|売:う|切:き
本物のダイヤモンド;honmono no daiyamondo;ほんもののダイヤモンド;berlian asli, berlian sungguhan;第3週;3日目;Hari ke-15;本:ほん|物:もの
偽物;nisemono;にせもの;barang palsu, tiruan [KB];第3週;3日目;Hari ke-15;偽:にせ|物:もの
得をする;toku wo suru;とくをする;mendapat untung, beruntung;第3週;3日目;Hari ke-15;得:とく
損をする;son wo suru;そんをする;menderita kerugian, rugi;第3週;3日目;Hari ke-15;損:そん
家族そろって/全員で;kazoku sorotte/zen'in de;かぞくそろって/ぜんいんで;bersama dengan semua anggota keluarga;第3週;4日目;Hari ke-16;家:かぞ|族:く|全:ぜん|員:いん
子どもを連れる;kodomo wo tsureru;こどもをつれる;mengajak anak;第3週;4日目;Hari ke-16;子:こ|連:つ
子ども連れ;kodomo tsure;こどもつれ;orang tua dengan anak;第3週;4日目;Hari ke-16;子:こ|連:つ
腹がへる/おなかがへる/すいている;hara ga heru/onaka ga heru/suite iru;はらがへる/おなかがへる/すいている;lapar, kelaparan;第3週;4日目;Hari ke-16;腹:はら
外食をする;gaishoku wo suru;がいしょくをする;makan di luar;第3週;4日目;Hari ke-16;外:がい|食:しょく
お昼を食べる/昼食をとる;ohiru wo taberu/chūshoku wo toru;おひるをたべる/ちゅうしょくをとる;makan siang;第3週;4日目;Hari ke-16;昼:ひる|食:た|昼:ちゅう|食:しょく
ランチ;ranchi;ランチ;makan siang [KB];第3週;4日目;Hari ke-16;
雰囲気のいい店;fun'iki no ii mise;ふんいきのいいみせ;toko dengan suasana yang bagus, nyaman;第3週;4日目;Hari ke-16;雰:ふん|囲:い|気:き|店:みせ
満席;manseki;まんせき;penuh, semua kursi terisi;第3週;4日目;Hari ke-16;満:まん|席:せき
列に並ぶ;retsu ni narabu;れつにならぶ;mengantri, berbaris;第3週;4日目;Hari ke-16;列:れつ|並:なら
行列ができる;gyōretsu ga dekiru;ぎょうれつができる;timbul antrian;第3週;4日目;Hari ke-16;行:ぎょう|列:れつ
禁煙席;kin'enseki;きんえんせき;kursi bebas asap rokok, no smoking;第3週;4日目;Hari ke-16;禁:きん|煙:えん|席:せき
喫煙席;kitsuenseki;きつえんせき;kursi boleh merokok, smoking area;第3週;4日目;Hari ke-16;喫:きつ|煙:えん|席:せき
ウエートレスにおすすめを聞く;uētoresu ni osusume wo kiku;ウエートレスにおすすめをきく;menanyakan rekomendasi ke pelayan;第3週;4日目;Hari ke-16;聞:き
量が多い;ryō ga ōi;りょうがおおい;porsi banyak, porsinya besar;第3週;4日目;Hari ke-16;量:りょう|多:おお
少ない;sukunai;すくない;sedikit, tidak banyak;第3週;4日目;Hari ke-16;少:すく
注文が決まる;chūmon ga kimaru;ちゅうもんがきまる;pesanan (telah) ditentukan;第3週;4日目;Hari ke-16;注:ちゅう|文:もん|決:き
注文する;chūmon suru;ちゅうもんする;memesan, order;第3週;4日目;Hari ke-16;注:ちゅう|文:もん
注文を取る/受け取る;chūmon wo toru/uketoru;ちゅうもんをとる/うけとる;menerima pesanan;第3週;4日目;Hari ke-16;注:ちゅう|文:もん|取:と|受:う|取:と
デザートを追加する;dezāto wo tsuika suru;デザートをついかする;menambah (order) dessert;第3週;4日目;Hari ke-16;追:つい|加:か
コーヒーのおかわり;kōhī no okawari;コーヒーのおかわり;menambah kopi;第3週;4日目;Hari ke-16;
無料;muryō;むりょう;gratis, tanpa biaya, cuma-cuma [KB];第3週;4日目;Hari ke-16;無:む|料:りょう
ただ;tada;ただ;gratis, tanpa biaya, cuma-cuma;第3週;4日目;Hari ke-16;
食器を下げる;shokki wo sageru;しょっきをさげる;mengambil peralatan makan (setelah selesai makan);第3週;4日目;Hari ke-16;食:しょっ|器:き|下:さ
料理を残す;ryōri wo no kosu;りょうりをのこす;menyisakan makanan;第3週;4日目;Hari ke-16;料:りょう|理:り|残:のこ
もったいない;mottainai;もったいない;sayang, mubazir, sia-sia;第3週;4日目;Hari ke-16;
何名様ですか。;nanmeisama desuka?;なんめいさまですか。;berapa orang?;第3週;4日目;Hari ke-16;何:なん|名:めい|様:さま
2人です。;futari desu.;2にんです。;2 orang;第3週;4日目;Hari ke-16;人:にん
申し訳ありません。;mōshiwake arimasen.;もうしわけありません。;mohon maaf;第3週;4日目;Hari ke-16;申:もう|訳:わけ
もう少々お待ちください。;mō shōshō omachi kudasai.;もうしょうしょうおまちください。;mohon tunggu sebentar;第3週;4日目;Hari ke-16;少:しょう|々:しょう|待:ま
お待たせいたしました。;omatase itashimashita.;おまたせいたしました。;mohon maaf telah membuat (anda) menunggu;第3週;4日目;Hari ke-16;待:ま
お待ちどおさまです;omachidōsama desu.;おまちどおさまです;terima kasih telah bersedia menunggu;第3週;4日目;Hari ke-16;待:ま
宴会を開く;enkai wo hiraku;えんかいをひらく;mengadakan pesta;第3週;5日目;Hari ke-17;宴:えん|会:かい|開:ひら
飲み会;nomikai;のみかい;acara minum bersama;第3週;5日目;Hari ke-17;飲:の|会:かい
送別会;sōbetsukai;そうべつかい;pesta perpisahan;第3週;5日目;Hari ke-17;送:そう|別:べつ|会:かい
歓迎会;kangeikai;かんげいかい;pesta selamat datang;第3週;5日目;Hari ke-17;歓:かん|迎:げい|会:かい
飲み放題;nomihōdai;のみほうだい;minum sepuasnya;第3週;5日目;Hari ke-17;飲:の|放:ほう|題:だい
食べ放題;tabehōdai;たべほうだい;makan sepuasnya;第3週;5日目;Hari ke-17;食:た|放:ほう|題:だい
(お)酒を注ぐ;(o)sake wo sosogu;(お)さけをそそぐ;menuangkan sake, menuang sake;第3週;5日目;Hari ke-17;酒:さけ|注:そそ
(お)湯を注ぐ;(o)yu wo sosogu;(お)ゆをそそぐ;menuangkan air hangat, menuang air panas;第3週;5日目;Hari ke-17;湯:ゆ|注:そそ
乾杯する;kanpai suru;かんぱいする;bersulang, toast;第3週;5日目;Hari ke-17;乾:かん|杯:ぱい
盛り上がる;moriagaru;もりあがる;seru, ramai, meriah;第3週;5日目;Hari ke-17;盛:も|上:あ
土が盛り上がる;tsuchi ga moriagaru;つちがもりあがる;tanahnya menonjol, terangkat;第3週;5日目;Hari ke-17;土:つち|盛:も|上:あ
こぼす;kobosu;こぼす;menumpahkan, tumpah;第3週;5日目;Hari ke-17;
こぼれる;koboreru;こぼれる;tumpah;第3週;5日目;Hari ke-17;
ビールを一気に飲む;bīru wo ikki ni nomu;ビールをいっきにのむ;minum langsung habis, minum sekaligus;第3週;5日目;Hari ke-17;一:いっ|気:き|飲:の
ウィスキーの水割り;uisukī no mizuwari;ウィスキーのみずわり;whisky campur air;第3週;5日目;Hari ke-17;水:みず|割:わ
(お)つまみのチーズ;(o)tsumami no chīzu;(お)つまみのチーズ;cemilan keju (cemilan sambil minum sake);第3週;5日目;Hari ke-17;
酔っ払う;yopparau;よっぱらう;mabuk, mabuk alkohol;第3週;5日目;Hari ke-17;酔:よ|払:ぱら
酔っ払い;yopparai;よっぱらい;pemabuk, orang yang suka mabuk;第3週;5日目;Hari ke-17;酔:よ|払:ぱら
ビールの泡;bīru no awa;ビールのあわ;busa bir;第3週;5日目;Hari ke-17;泡:あわ
あばれる;abareru;あばれる;bikin onar, mengamuk, hilang kontrol;第3週;5日目;Hari ke-17;
あふれる;afureru;あふれる;meluap, melimpah;第3週;5日目;Hari ke-17;
やかましい;yakamashī;やかましい;berisik, bising, ribut;第3週;5日目;Hari ke-17;
(お)酒に酔う;(o)sake ni yō;(お)さけによう;mabuk sake;第3週;5日目;Hari ke-17;酒:さけ|酔:よ
そうぞうしい;sōzōshī;そうぞうしい;berisik, bising;第3週;5日目;Hari ke-17;
さわがしい;sawagashī;さわがしい;gaduh, ramai;第3週;5日目;Hari ke-17;
さわぐ;sawagu;さわぐ;membuat gaduh, bikin ribut;第3週;5日目;Hari ke-17;
たばこの煙;tabako no kemuri;たばこのけむり;asap rokok;第3週;5日目;Hari ke-17;煙:けむり
煙い/煙たい;kemui/kemutai;けむい/けむたい;berasap, penuh asap;第3週;5日目;Hari ke-17;煙:けむ|煙:けむ
グラスを割る;gurasu wo waru;グラスをわる;memecahkan gelas, memecah gelas;第3週;5日目;Hari ke-17;割:わ
グラスが割れる;gurasu ga wareru;グラスがわれる;gelasnya pecah;第3週;5日目;Hari ke-17;割:わ
ビールびんを倒す;bīrubin wo taosu;ビールびんをたおす;menjatuhkan botol bir (menghabiskan bir);第3週;5日目;Hari ke-17;倒:たお
ビールびんが倒れる;bīru bin ga taoreru;ビールびんがたおれる;botol bir nya jatuh (bir nya habis);第3週;5日目;Hari ke-17;倒:たお
ほかの客に迷惑をかける;hoka no kyaku ni meiwaku wo kakeru;ほかのきゃくにめいわくをかける;mengganggu tamu lain;第3週;5日目;Hari ke-17;客:きゃく|迷:めい|惑:わく
迷惑がかかる;meiwaku ga kakaru;めいわくがかかる;menimbulkan gangguan, merepotkan orang lain;第3週;5日目;Hari ke-17;迷:めい|惑:わく
レジ;reji;レジ;kasir [KB];第3週;6日目;Hari ke-18;
おごる;ogoru;おごる;mentraktir, belanjakan;第3週;6日目;Hari ke-18;
おごり;ogori;おごり;traktiran;第3週;6日目;Hari ke-18;
現金で払う;genkin de harau;げんきんではらう;bayar tunai, bayar cash;第3週;6日目;Hari ke-18;現:げん|金:きん|払:はら
割り勘にする;warikan ni suru;わりかんにする;patungan, bayar sendiri-sendiri;第3週;6日目;Hari ke-18;割:わ|勘:かん
勘定を済ませる;kanjō wo sumaseru;かんじょうをすませる;menyelesaikan pembayaran, melunasi;第3週;6日目;Hari ke-18;勘:かん|定:じょう|済:す
別々に払う;betsubetsu ni harau;べつべつにはらう;bayar masing-masing, bayar sendiri;第3週;6日目;Hari ke-18;別:べつ|々:べつ|払:はら
(クレジット)カードで払う;(kurejitto)kādo de harau;(クレジット)カードではらう;bayar pakai kartu kredit;第3週;6日目;Hari ke-18;払:はら
カードの有効期限を確認する;kādo no yūkōkigen wo kakunin suru;カードのゆうこうきげんをかくにんする;memastikan tanggal expired kartu kredit;第3週;6日目;Hari ke-18;有:ゆう|効:こう|期:き|限:げん|確:かく|認:にん
(お)札をくずす;(o)satsu wo kuzusu;(お)さつをくずす;tukar uang kertas, pecah uang;第3週;6日目;Hari ke-18;札:さつ
(お)つりをもらう;(o)tsuri wo mo rau;(お)つりをもらう;menerima kembalian, terima uang kembalian;第3週;6日目;Hari ke-18;
領収書をもらう;ryōshūsho wo mo rau;りょうしゅうしょをもらう;menerima struk, terima kuitansi;第3週;6日目;Hari ke-18;領:りょう|収:しゅう|書:しょ
レシート;reshīto;レシート;receipt [KB];第3週;6日目;Hari ke-18;
ぜいたくをする;zeitaku wo suru;ぜいたくをする;berfoya-foya, hidup mewah;第3週;6日目;Hari ke-18;
むだづかいをする;mudazukai wo suru;むだづかいをする;menggunakan uang sia-sia, boros;第3週;6日目;Hari ke-18;
請求書が届く;seikyūsho ga todoku;せいきゅうしょがとどく;tagihan datang, terima tagihan;第3週;6日目;Hari ke-18;請:せい|求:きゅう|書:しょ|届:とど
費用がかかる;hiyō ga kakaru;ひようがかかる;memerlukan biaya, butuh biaya;第3週;6日目;Hari ke-18;費:ひ|用:よう
お金が足りる;okane ga tariru;おかねがたりる;uang mencukupi, uang cukup;第3週;6日目;Hari ke-18;金:かね|足:た
足りない;tarinai;たりない;tidak cukup, kurang;第3週;6日目;Hari ke-18;足:た
食費を節約する;shokuhi wo setsuyaku suru;しょくひをせつやくする;menghemat biaya makan;第3週;6日目;Hari ke-18;食:しょく|費:ひ|節:せつ|約:やく
今月の生活費が不足する;kongetsu no seikatsuhi ga fusoku suru;こんげつのせいかつひがふそくする;biaya hidup bulan ini tidak cukup;第3週;6日目;Hari ke-18;今:こん|月:げつ|生:せい|活:かつ|費:ひ|不:ふ|足:そく
交通費;kōtsūhi;こうつうひ;biaya transportasi;第3週;6日目;Hari ke-18;交:こう|通:つう|費:ひ
むだを省く/なくす;muda wo habuku/nakusu;むだをはぶく/なくす;mengurangi hal yang tidak perlu;第3週;6日目;Hari ke-18;省:はぶ
貧乏になる;binbō ni naru;びんぼうになる;menjadi miskin, jadi miskin;第3週;6日目;Hari ke-18;貧:びん|乏:ぼう
お金持ちになる;okanemochi ni naru;おかねもちになる;menjadi kaya;第3週;6日目;Hari ke-18;金:かね|持:も
貧しい生活;mazushīseikatsu;まずしいせいかつ;hidup miskin, kehidupan miskin;第3週;6日目;Hari ke-18;貧:まず|生:せい|活:かつ
借金をする;shakkin wo suru;しゃっきんをする;berhutang, meminjam uang;第3週;6日目;Hari ke-18;借:しゃっ|金:きん
教科;kyōka;きょうか;mata pelajaran, pelajaran;第4週;1日目;Hari ke-19;教:きょう|科:か
科目;kamoku;かもく;pelajaran;第4週;1日目;Hari ke-19;科:か|目:もく
得意な;tokui na;とくいな;pandai, mahir, jago;第4週;1日目;Hari ke-19;得:とく|意:い
苦手な;nigate na;にがてな;tidak pandai, lemah, tidak jago;第4週;1日目;Hari ke-19;苦:にが|手:て
国語;kokugo;こくご;bahasa negara (Jepang);第4週;1日目;Hari ke-19;国:こく|語:ご
算数;sansū;さんすう;matematika;第4週;1日目;Hari ke-19;算:さん|数:すう
理科;rika;りか;ilmu pengetahuan alam;第4週;1日目;Hari ke-19;理:り|科:か
社会;shakai;しゃかい;ilmu pengetahuan sosial;第4週;1日目;Hari ke-19;社:しゃ|会:かい
体育;taiiku;たいいく;olahraga;第4週;1日目;Hari ke-19;体:たい|育:いく
入学する;nyūgaku suru;にゅうがくする;masuk sekolah;第4週;1日目;Hari ke-19;入:にゅう|学:がく
私立高校;shiritsukōkō;しりつこうこう;sekolah SMA swasta;第4週;1日目;Hari ke-19;私:し|立:りつ|高:こう|校:こう
公立高校;kōritsukōkō;こうりつこうこう;sekolah SMA negeri;第4週;1日目;Hari ke-19;公:こう|立:りつ|高:こう|校:こう
国立大学;kokuritsu daigaku;こくりつだいがく;universitas negeri;第4週;1日目;Hari ke-19;国:こく|立:りつ|大:だい|学:がく
昼休みに____を食べる;hiruyasumi ni ____ wo taberu;ひるやすみに____をたべる;makan ____ saat istirahat siang;第4週;1日目;Hari ke-19;昼:ひる|休:やす|食:た
お弁当;obentō;おべんとう;bekal untuk makan, bento;第4週;1日目;Hari ke-19;弁:べん|当:とう
給食;kyūshoku;きゅうしょく;makanan disediakan sekolah;第4週;1日目;Hari ke-19;給:きゅう|食:しょく
時間割;jikanwari;じかんわり;jadwal, time table;第4週;1日目;Hari ke-19;時:じ|間:かん|割:わり
入学式;nyūgaku shiki;にゅうがくしき;upacara masuk sekolah;第4週;1日目;Hari ke-19;入:にゅう|学:がく|式:しき
卒業式;sotsugyōshiki;そつぎょうしき;upacara kelulusan;第4週;1日目;Hari ke-19;卒:そつ|業:ぎょう|式:しき
出席する;shusseki suru;しゅっせきする;menghadiri, hadir;第4週;1日目;Hari ke-19;出:しゅっ|席:せき
欠席する;kesseki suru;けっせきする;tidak hadir, absen;第4週;1日目;Hari ke-19;欠:けっ|席:せき
バスで通学する;basu de tsūgaku suru;バスでつうがくする;PP ke sekolah dengan bus;第4週;1日目;Hari ke-19;通:つう|学:がく
通勤する;tsūkin suru;つうきんする;PP ke tempat kerja;第4週;1日目;Hari ke-19;通:つう|勤:きん
1学期;1gakki;1がっき;semester 1;第4週;1日目;Hari ke-19;学:がっ|期:き
2学期;2gakki;2がっき;semester 2;第4週;1日目;Hari ke-19;学:がっ|期:き
3学期;3gakki;3がっき;semester 3;第4週;1日目;Hari ke-19;学:がっ|期:き
今学期;kon gakki;こんがっき;semester ini;第4週;1日目;Hari ke-19;今:こん|学:がっ|期:き
前期;zenki;ぜんき;semester sebelumnya;第4週;1日目;Hari ke-19;前:ぜん|期:き
後期;kōki;こうき;semester setelahnya;第4週;1日目;Hari ke-19;後:こう|期:き
同じ学年;onaji gakunen;おなじがくねん;satu angkatan (tingkatan, kelas yang sama);第4週;1日目;Hari ke-19;同:おな|学:がく|年:ねん
自習する;jishū suru;じしゅうする;belajar sendiri, tidak ada guru;第4週;1日目;Hari ke-19;自:じ|習:しゅう
えんぴつをけずる;enpitsu wo kezuru;えんぴつをけずる;meraut pensil;第4週;1日目;Hari ke-19;
物差し/定規で測る;monosashi/jōgi de hakaru;ものさし/じょうぎではかる;mengukur dengan penggaris;第4週;1日目;Hari ke-19;物:もの|差:さ|定:じょう|規:ぎ|測:はか
合計を出す;gōkei wo dasu;ごうけいをだす;menghitung total;第4週;1日目;Hari ke-19;合:ごう|計:けい|出:だ
文学部;bungaku bu;ぶんがくぶ;fakultas sastra;第4週;2日目;Hari ke-20;文:ぶん|学:がく|部:ぶ
経済学部;keizai gaku bu;けいざいがくぶ;fakultas ekonomi;第4週;2日目;Hari ke-20;経:けい|済:ざい|学:がく|部:ぶ
法学部;hōgaku bu;ほうがくぶ;fakultas hukum;第4週;2日目;Hari ke-20;法:ほう|学:がく|部:ぶ
理工学部;rikōgaku bu;りこうがくぶ;fakultas sains & teknologi;第4週;2日目;Hari ke-20;理:り|工:こう|学:がく|部:ぶ
医学部;igaku bu;いがくぶ;fakultas kedokteran;第4週;2日目;Hari ke-20;医:い|学:がく|部:ぶ
学部;gaku bu;がくぶ;fakultas;第4週;2日目;Hari ke-20;学:がく|部:ぶ
経済学;keizai gaku;けいざいがく;jurusan ilmu ekonomi;第4週;2日目;Hari ke-20;経:けい|済:ざい|学:がく
政治学;seiji gaku;せいじがく;jurusan ilmu politik;第4週;2日目;Hari ke-20;政:せい|治:じ|学:がく
心理学;shinri gaku;しんりがく;jurusan psikologi;第4週;2日目;Hari ke-20;心:しん|理:り|学:がく
言語学;gengo gaku;げんごがく;jurusan bahasa;第4週;2日目;Hari ke-20;言:げん|語:ご|学:がく
物理学;butsuri gaku;ぶつりがく;jurusan fisika;第4週;2日目;Hari ke-20;物:ぶつ|理:り|学:がく
学科;gakka;がっか;jurusan;第4週;2日目;Hari ke-20;学:がっ|科:か
ゼミ;zemi;ぜみ;seminar [KB];第4週;2日目;Hari ke-20;
単位;tan'i;たんい;kredit (SKS);第4週;2日目;Hari ke-20;単:たん|位:い
講義;kōgi;こうぎ;kuliah (dosen menjelaskan di depan);第4週;2日目;Hari ke-20;講:こう|義:ぎ
補習;hoshū;ほしゅう;pelajaran tambahan;第4週;2日目;Hari ke-20;補:ほ|習:しゅう
補講;hokō;ほこう;kuliah tambahan;第4週;2日目;Hari ke-20;補:ほ|講:こう
進学を希望する;shingaku wo kibō suru;しんがくをきぼうする;ingin melanjutkan sekolah atau kuliah;第4週;2日目;Hari ke-20;進:しん|学:がく|希:き|望:ぼう
合格発表を見に行く;gōkakuhappyō wo mi ni iku;ごうかくはっぴょうをみにいく;pergi melihat pengumuman kelulusan;第4週;2日目;Hari ke-20;合:ごう|格:かく|発:はっ|表:ぴょう|見:み|行:い
合格する/受かる;gōkaku suru/ukaru;ごうかくする/うかる;lulus, lolos;第4週;2日目;Hari ke-20;合:ごう|格:かく|受:う
不合格になる/落ちる;fugōkaku ni naru/ochiru;ふごうかくになる/おちる;gagal;第4週;2日目;Hari ke-20;不:ふ|合:ごう|格:かく|落:お
授業料/学費を払う;jugyōryō/gakuhi wo harau;じゅぎょうりょう/がくひをはらう;biaya kuliah, membayar biaya sekolah;第4週;2日目;Hari ke-20;授:じゅ|業:ぎょう|料:りょう|学:がく|費:ひ|払:はら
奨学金をもらう;shōgakukin wo morau;しょうがくきんをもらう;menerima beasiswa;第4週;2日目;Hari ke-20;奨:しょう|学:がく|金:きん
大学教授;daigaku kyōju;だいがくきょうじゅ;profesor;第4週;2日目;Hari ke-20;大:だい|学:がく|教:きょう|授:じゅ
学者;gakusha;がくしゃ;ilmuan [KB];第4週;2日目;Hari ke-20;学:がく|者:しゃ
講義に間に合う;kōgi ni ma ni au;こうぎにまにあう;keburu masuk kelas (tidak telat);第4週;2日目;Hari ke-20;講:こう|義:ぎ|間:ま|合:あ
講義に遅れる/遅刻する;kōgi ni okureru/chikoku suru;こうぎにおくれる/ちこくする;telat masuk kelas;第4週;2日目;Hari ke-20;講:こう|義:ぎ|遅:おく|遅:ち|刻:こく
成績がいい;seiseki ga ii;せいせきがいい;nilainya bagus;第4週;2日目;Hari ke-20;成:せい|績:せき
成績が悪い;seiseki ga warui;せいせきがわるい;nilainya jelek;第4週;2日目;Hari ke-20;成:せい|績:せき|悪:わる
授業中に居眠りをする;jugyōchū ni inemuri wo suru;じゅぎょうちゅうにいねむりをする;tidur disaat sedang kuliah;第4週;2日目;Hari ke-20;授:じゅ|業:ぎょう|中:ちゅう|居:い|眠:ねむ
授業をサボる;jugyō wo saboru;じゅぎょうをさぼる;bolos kuliah;第4週;2日目;Hari ke-20;授:じゅ|業:ぎょう
単位を落とす;tan'i wo otosu;たんいをおとす;tidak lulus mata kuliah;第4週;2日目;Hari ke-20;単:たん|位:い|落:お
休学する;kyūgaku suru;きゅうがくする;cuti kuliah;第4週;2日目;Hari ke-20;休:きゅう|学:がく
留学する;ryūgaku suru;りゅうがくする;belajar ke luar negeri;第4週;2日目;Hari ke-20;留:りゅう|学:がく
記入する;kinyū suru;きにゅうする;mengisi;第4週;3日目;Hari ke-21;記:き|入:にゅう
見直す;minaosu;みなおす;melihat kembali, memeriksa ulang, mengoreksi;第4週;3日目;Hari ke-21;見:み|直:なお
間違う;machigau;まちがう;salah, keliru;第4週;3日目;Hari ke-21;間:まち|違:が
間違える;machigaeru;まちがえる;salah, membuat kesalahan;第4週;3日目;Hari ke-21;間:まち|違:が
書き直す;kakinaosu;かきなおす;menulis kembali;第4週;3日目;Hari ke-21;書:か|直:なお
まとめる;matomeru;まとめる;menjadikan satu, merangkum, menyatukan;第4週;3日目;Hari ke-21;
仕上げる;shiageru;しあげる;menyelesaikan;第4週;3日目;Hari ke-21;仕:し|上:あ
提出する;teishutsu suru;ていしゅつする;mengumpulkan;第4週;3日目;Hari ke-21;提:てい|出:しゅつ
担当の先生;tantō no sensei;たんとうのせんせい;wali kelas, dosen wali [KB];第4週;3日目;Hari ke-21;担:たん|当:とう|先:せん|生:せい
先生に教わる;sensei ni osowaru;せんせいにおそわる;diajari oleh sensei;第4週;3日目;Hari ke-21;先:せん|生:せい|教:おそ
何度もくり返す;nando mo kurikaesu;なんどもくりかえす;mengulang berkali-kali;第4週;3日目;Hari ke-21;何:なん|度:ど|返:かえ
暗記する;anki suru;あんきする;menghafal;第4週;3日目;Hari ke-21;暗:あん|記:き
試験で問われる;shiken de towareru;しけんでとわれる;ditanyakan di ujian;第4週;3日目;Hari ke-21;試:し|験:けん|問:と
問い;toi;とい;pertanyaan;第4週;3日目;Hari ke-21;問:と
落ち着いて考える;ochitsuite kangaeru;おちついてかんがえる;berpikir dengan tenang;第4週;3日目;Hari ke-21;落:お|着:つ|考:かんが
聞き直す;kikinaosu;ききなおす;menanyakan kembali (untuk memastikan);第4週;3日目;Hari ke-21;聞:き|直:なお
言い直す;īnaosu;いいなおす;mengatakan dengan ungkapan lain;第4週;3日目;Hari ke-21;言:い|直:なお
聞き取る;kikitoru;ききとる;mendengar (yang orang lain katakan);第4週;3日目;Hari ke-21;聞:き|取:と
聞き取り;kikitori;ききとり;mendengarkan, listening comprehension [KB];第4週;3日目;Hari ke-21;聞:き|取:と
書き取る;kakitoru;かきとる;menulis (apa yang didengar);第4週;3日目;Hari ke-21;書:か|取:と
書き取り;kakitori;かきとり;dikte, menulis yang didengar [KB];第4週;3日目;Hari ke-21;書:か|取:と
ついている;tsuite iru;ついている;beruntung;第4週;3日目;Hari ke-21;
ついていない;tsuite inai;ついていない;sial;第4週;3日目;Hari ke-21;
試験が済む;shiken ga sumu;しけんがすむ;ujiannya selesai;第4週;3日目;Hari ke-21;試:し|験:けん|済:す
試験の結果;shiken no kekka;しけんのけっか;hasil ujian;第4週;3日目;Hari ke-21;試:し|験:けん|結:けっ|果:か
カンニングする;kanningu suru;かんにんぐする;menyontek;第4週;3日目;Hari ke-21;
レポートの下書きをする;repōto no shitagaki wo suru;れぽーとのしたがきをする;menulis draft laporan;第4週;3日目;Hari ke-21;下:した|書:が
清書する;seisho suru;せいしょする;menulis kembali (final);第4週;3日目;Hari ke-21;清:せい|書:しょ
提出期限を守る;teishutsu kigen wo mamoru;ていしゅつきげんをまもる;mematuhi batas pengumpulan;第4週;3日目;Hari ke-21;提:てい|出:しゅつ|期:き|限:げん|守:まも
レストランでアルバイト;resutoran de arubaito;れすとらんであるばいと;kerja part-time di restoran;第4週;4日目;Hari ke-22;
工場でパート;kōjō de pāto;こうじょうでぱーと;kerja part-time di pabrik;第4週;4日目;Hari ke-22;工:こう|場:じょう
コンビニの店員;konbi ni no ten'in;こんびにのてんいん;pegawai toko [KB];第4週;4日目;Hari ke-22;店:てん|員:いん
英会話講師;eikaiwakōshi;えいかいわこうし;pengajar kelas percakapan bahasa Inggris;第4週;4日目;Hari ke-22;英:えい|会:かい|話:わ|講:こう|師:し
翻訳の仕事;honyaku no shigoto;ほんやくのしごと;bekerja sebagai translator;第4週;4日目;Hari ke-22;翻:ほん|訳:やく|仕:し|事:ごと
翻訳する/通訳する;honyaku suru/tsūyaku suru;ほんやくする/つうやくする;menerjemahkan;第4週;4日目;Hari ke-22;翻:ほん|訳:やく|通:つう|訳:やく
通訳の仕事;tsūyaku no shigoto;つうやくのしごと;bekerja sebagai interpreter;第4週;4日目;Hari ke-22;通:つう|訳:やく|仕:し|事:ごと
事務の手伝い;jimu no tetsudai;じむのてつだい;bantu urusan kantor;第4週;4日目;Hari ke-22;事:じ|務:む|手:て|伝:つだ
ホームヘルパー;hōmu herupā;ホームへるぱー;membantu urusan rumah [KB];第4週;4日目;Hari ke-22;
仕事を探す;shigoto wo sagasu;しごとをさがす;mencari pekerjaan;第4週;4日目;Hari ke-22;仕:し|事:ごと|探:さが
履歴書を書く;rirekisho wo kaku;りれきしょをかく;menulis CV lamaran;第4週;4日目;Hari ke-22;履:り|歴:れき|書:しょ|書:か
面接をする;mensetsu wo suru;めんせつをする;melakukan wawancara;第4週;4日目;Hari ke-22;面:めん|接:せつ
ホテルの従業員;hoteru no jūgyōin;ほてるのじゅうぎょういん;pegawai hotel [KB];第4週;4日目;Hari ke-22;従:じゅう|業:ぎょう|員:いん
仕事仲間;shigotonakama;しごとなかま;rekan kerja;第4週;4日目;Hari ke-22;仕:し|事:ごと|仲:なか|間:ま
給料;kyūryō;きゅうりょう;gaji [KB];第4週;4日目;Hari ke-22;給:きゅう|料:りょう
時給1200円;jikyū1200en;じきゅう1200えん;gaji per jam;第4週;4日目;Hari ke-22;時:じ|給:きゅう|円:えん
ボーナス;bōnasu;ぼーなす;bonus [KB];第4週;4日目;Hari ke-22;
交通費が出る;kōtsūhiga de ru;こうつうひがでる;dapat biaya transport;第4週;4日目;Hari ke-22;交:こう|通:つう|費:ひ|出:で
勤務時間;kinmujikan;きんむじかん;jam kerja;第4週;4日目;Hari ke-22;勤:きん|務:む|時:じ|間:かん
雇う;yatō;やとう;mempekerjakan;第4週;4日目;Hari ke-22;雇:やと
雇われる;yatowareru;やとわれる;dipekerjakan;第4週;4日目;Hari ke-22;雇:やと
きつい仕事/つらい仕事;kitsuishigoto/tsuraishigoto;きついしごと/つらいしごと;pekerjaan yang berat, keras;第4週;4日目;Hari ke-22;仕:しご|事:と|仕:しご|事:と
お金をかせぐ;okane wo kasegu;おかねをかせぐ;mencari uang;第4週;4日目;Hari ke-22;金:かね
お金をもうける;okane wo mōkeru;おかねをもうける;menghasilkan banyak uang;第4週;4日目;Hari ke-22;金:かね
お金がもうかる;okane ga mōkaru;おかねがもうかる;untung, dapat banyak uang;第4週;4日目;Hari ke-22;金:かね
仕事を済ます/済ませる;shigoto wo sumasu/sumaseru;しごとをすます/すませる;menyelesaikan pekerjaan;第4週;4日目;Hari ke-22;仕:し|事:ごと|済:す|済:す
仕事をなまける;shigoto wo namakeru;しごとをなまける;malas-malasan bekerja;第4週;4日目;Hari ke-22;仕:しご|事:と
怠け者;namakemono;なまけもの;pemalas [KB];第4週;4日目;Hari ke-22;怠:なま|者:もの
働き者;hatarakimono;はたらきもの;pekerja keras [KB];第4週;4日目;Hari ke-22;働:はたら|者:もの
首になる;kubi ni naru;くびになる;dipecat, diberhentikan;第4週;4日目;Hari ke-22;首:くび
やめさせられる;yamesaserareru;やめさせられる;diminta berhenti;第4週;4日目;Hari ke-22;
初めてパソコンをさわる;hajimete pasokon wo sawaru;はじめてぱそこんをさわる;pertama kali pakai komputer;第4週;5日目;Hari ke-23;初:はじ
初心者;shoshinsha;しょしんしゃ;pemula [KB];第4週;5日目;Hari ke-23;初:しょ|心:しん|者:しゃ
入門講座を受ける;nyūmon kōza wo ukeru;にゅうもんこうざをうける;mengikuti kursus pengantar, dasar;第4週;5日目;Hari ke-23;入:にゅう|門:もん|講:こう|座:ざ|受:う
パソコンに慣れる;pasokon ni nareru;ぱそこんになれる;terbiasa dengan komputer;第4週;5日目;Hari ke-23;慣:な
新製品;shinseihin;しんせいひん;produk baru [KB];第4週;5日目;Hari ke-23;新:しん|製:せい|品:ひん
新品;shinpin;しんぴん;barang yang masih baru [KB];第4週;5日目;Hari ke-23;新:しん|品:ぴん
中古;chūko;ちゅうこ;barang bekas;第4週;5日目;Hari ke-23;中:ちゅう|古:こ
画面を見る;gamen wo miru;がめんをみる;melihat layar, monitor;第4週;5日目;Hari ke-23;画:が|面:めん|見:み
ソフト(ウェア)をインストールする;sofuto (uea) wo insutōru suru;そふと(うぇあ)をいんすとーるする;menginstall software;第4週;5日目;Hari ke-23;
スタートボタンをクリックする;sutāto botan wo kurikku suru;すたーとぼたんをくりっくする;mengklik tombol start;第4週;5日目;Hari ke-23;
ファイルを開く;fairu wo hiraku;ふぁいるをひらく;membuka file;第4週;5日目;Hari ke-23;開:ひら
閉じる;tojiru;とじる;menutup;第4週;5日目;Hari ke-23;閉:と
年賀状を作る;nengajō wo tsukuru;ねんがじょうをつくる;membuat kartu ucapan tahun baru;第4週;5日目;Hari ke-23;年:ねん|賀:が|状:じょう|作:つく
(インター)ネットにつなぐ;(intā)netto ni tsunagu;(いんたー)ねっとにつなぐ;menghubungkan ke internet;第4週;5日目;Hari ke-23;
世界中とつながる;sekaijū to tsunagaru;せかいじゅうとつながる;terhubung dengan seluruh dunia;第4週;5日目;Hari ke-23;世:せ|界:かい|中:じゅう
情報を得る;jōhō wo eru;じょうほうをえる;mendapatkan informasi;第4週;5日目;Hari ke-23;情:じょう|報:ほう|得:え
オークションに参加する;ōkushon ni sanka suru;おーくしょんにさんかする;berpartisipasi dalam lelang;第4週;5日目;Hari ke-23;参:さん|加:か
オークションに品物を出す;ōkushon ni shinamono wo dasu;おーくしょんにしなものをだす;melelang suatu barang;第4週;5日目;Hari ke-23;品:しな|物:もの|出:だ
出品する;shuppin suru;しゅっぴんする;mendisplay;第4週;5日目;Hari ke-23;出:しゅっ|品:ぴん
ホームページを作る;hōmupēji wo tsukuru;ホームぺーじをつくる;membuat halaman di internet;第4週;5日目;Hari ke-23;作:つく
ブログを始める;burogu wo hajimeru;ぶろぐをはじめる;memulai (menulis) blog;第4週;5日目;Hari ke-23;始:はじ
入力する;nyūryoku suru;にゅうりょくする;menginput;第4週;6日目;Hari ke-24;入:にゅう|力:りょく
ローマ字で入力する;rōmaji de nyūryoku suru;ろーまじでにゅうりょくする;input dengan romaji;第4週;6日目;Hari ke-24;字:じ|入:にゅう|力:りょく
漢字に変換する;kanji ni henkan suru;かんじにへんかんする;mengganti ke kanji;第4週;6日目;Hari ke-24;漢:かん|字:じ|変:へん|換:かん
挿入する;sōnyū suru;そうにゅうする;memasukkan;第4週;6日目;Hari ke-24;挿:そう|入:にゅう
削除する;sakujo suru;さくじょする;menghapus;第4週;6日目;Hari ke-24;削:さく|除:じょ
受信する;jushin suru;じゅしんする;menerima;第4週;6日目;Hari ke-24;受:じゅ|信:しん
送信する;sōshin suru;そうしんする;mengirim;第4週;6日目;Hari ke-24;送:そう|信:しん
返信する;henshin suru;へんしんする;membalas;第4週;6日目;Hari ke-24;返:へん|信:しん
転送する;tensō suru;てんそうする;meneruskan (forward);第4週;6日目;Hari ke-24;転:てん|送:そう
新規作成する;shinki sakusei suru;しんきさくせいする;membuat baru;第4週;6日目;Hari ke-24;新:しん|規:き|作:さく|成:せい
まとめて送る;matomete okuru;まとめておくる;mengirim jadi satu;第4週;6日目;Hari ke-24;送:おく
整理する;seiri suru;せいりする;mengatur;第4週;6日目;Hari ke-24;整:せい|理:り
チェックする;chekku suru;ちぇっくする;mengecek;第4週;6日目;Hari ke-24;
あて先;atesaki;あてさき;tujuan (yang dituju);第4週;6日目;Hari ke-24;先:さき
差出人;sashidashinin;さしだしにん;pengirim;第4週;6日目;Hari ke-24;差:さし|出:だし|人:にん
件名;kenmei;けんめい;judul email;第4週;6日目;Hari ke-24;件:けん|名:めい
メールのやり取りをする;mēru no yaritori wo suru;めーるのやりとりをする;saling mengirimkan email (berkomunikasi dengan email);第4週;6日目;Hari ke-24;取:と
写真を添付する;shashin wo tenpu suru;しゃしんをてんぷする;melampirkan foto (attachment);第4週;6日目;Hari ke-24;写:しゃ|真:しん|添:てん|付:ぷ
改行する;kaigyō suru;かいぎょうする;membuat baris baru (meng-enter);第4週;6日目;Hari ke-24;改:かい|行:ぎょう
送信が完了する;sōshin ga kanryō suru;そうしんがかんりょうする;pengiriman (email) telah selesai;第4週;6日目;Hari ke-24;送:そう|信:しん|完:かん|了:りょう
アドレス帳;adoresuchō;あどれすちょう;buku alamat;第4週;6日目;Hari ke-24;帳:ちょう
送信者の(メール)アドレスを登録する;sōshinsha no (mēru) adoresu wo tōroku suru;そうしんしゃの(めーる)あどれすをとうろくする;mendaftarkan alamat pengirim;第4週;6日目;Hari ke-24;送:そう|信:しん|者:しゃ|登:とう|録:ろく
長男;chōnan;ちょうなん;putra sulung;第5週;1日目;Hari ke-25;長:ちょう|男:なん
長女;chōjo;ちょうじょ;putri sulung;第5週;1日目;Hari ke-25;長:ちょう|女:じょ
次男;jinan;じなん;anak laki-laki kedua;第5週;1日目;Hari ke-25;次:じ|男:なん
次女;jijo;じじょ;anak perempuan kedua;第5週;1日目;Hari ke-25;次:じ|女:じょ
三男;sannan;さんなん;anak laki-laki ketiga;第5週;1日目;Hari ke-25;三:さん|男:なん
末っ子;suekko;すえっこ;anak bungsu;第5週;1日目;Hari ke-25;末:すえ|子:こ
叔父;oji;おじ;paman, om;第5週;1日目;Hari ke-25;叔父:おじ
叔母;oba;おば;bibi, tante;第5週;1日目;Hari ke-25;叔母:おば
職場の同僚;shokuba no dōryō;しょくばのどうりょう;rekan kerja;第5週;1日目;Hari ke-25;職:しょく|場:ば|同:どう|僚:りょう
職場の上司;shokuba no jōshi;しょくばのじょうし;atasan di tempat kerja;第5週;1日目;Hari ke-25;職:しょく|場:ば|上:じょう|司:し
職場の部下;shokuba no buka;しょくばのぶか;bawahan di tempat kerja;第5週;1日目;Hari ke-25;職:しょく|場:ば|部:ぶ|下:か
会社の先輩;kaisha no senpai;かいしゃのせんぱい;senior di perusahaan;第5週;1日目;Hari ke-25;会:かい|社:しゃ|先:せん|輩:ぱい
会社の後輩;kaisha no kōhai;かいしゃのこうはい;junior di perusahaan;第5週;1日目;Hari ke-25;会:かい|社:しゃ|後:こう|輩:はい
部長;buchō;ぶちょう;general manager;第5週;1日目;Hari ke-25;部:ぶ|長:ちょう
課長;kachō;かちょう;manager;第5週;1日目;Hari ke-25;課:か|長:ちょう
大学生;daigakusei;だいがくせい;mahasiswa [KB];第5週;1日目;Hari ke-25;大:だい|学:がく|生:せい
高校生;kōkōsei;こうこうせい;siswa SMA [KB];第5週;1日目;Hari ke-25;高:こう|校:こう|生:せい
中学生;chūgakusei;ちゅうがくせい;siswa SMP [KB];第5週;1日目;Hari ke-25;中:ちゅう|学:がく|生:せい
小学生;shōgakusei;しょうがくせい;siswa SD [KB];第5週;1日目;Hari ke-25;小:しょう|学:がく|生:せい
会社員;kaishain;かいしゃいん;pegawai kantor [KB];第5週;1日目;Hari ke-25;会:かい|社:しゃ|員:いん
サラリーマン;sararīman;さらりーまん;karyawan kantor [KB];第5週;1日目;Hari ke-25;
主婦;shufu;しゅふ;ibu rumah tangga;第5週;1日目;Hari ke-25;主:しゅ|婦:ふ
教師;kyōshi;きょうし;pengajar;第5週;1日目;Hari ke-25;教:きょう|師:し
親せき, 親類;shinseki, shinrui;しんせき, しんるい;saudara;第5週;1日目;Hari ke-25;親:しん｜親:しん｜類:るい
孫;mago;まご;cucu;第5週;1日目;Hari ke-25;孫:まご
甥;oi;おい;keponakan laki-laki;第5週;1日目;Hari ke-25;甥:おい
姪;mei;めい;keponakan perempuan;第5週;1日目;Hari ke-25;姪:めい
従兄弟,従姉妹;itoko;いとこ;sepupu;第5週;1日目;Hari ke-25;従兄弟:いとこ|従姉妹:いとこ
一人っ子;hitorikko;ひとりっこ;anak tunggal;第5週;1日目;Hari ke-25;一:ひと|人:り|子:こ
一人息子;hitorimusuko;ひとりむすこ;anak tunggal laki-laki;第5週;1日目;Hari ke-25;一:ひと|人:り|息:むす|子:こ
一人娘;hitorimusume;ひとりむすめ;anak tunggal perempuan;第5週;1日目;Hari ke-25;一:ひと|人:り|娘:むすめ
6人兄弟の末っ子;6 nin kyōdai no suekko;6にんきょうだいのすえっこ;anak bungsu dari 6 bersaudara;第5週;1日目;Hari ke-25;人:にん|兄:きょう|弟:だい|末:すえ|子:こ
3人姉妹のいちばん上;3 nin shimai no ichiban ue;3にんしまいのいちばんうえ;anak sulung dari 3 bersaudara (perempuan);第5週;1日目;Hari ke-25;人:にん|姉:し|妹:まい|上:うえ
お国はどちらですか。;okuni wa dochira desuka?;おくにはどちらですか。;kamu dari negara mana?;第5週;2日目;Hari ke-26;国:くに
お生まれはどちらですか。;oumare wa dochira desuka?;おうまれはどちらですか。;lahirnya di mana?;第5週;2日目;Hari ke-26;生:う
どちらのご出身ですか。;dochira no goshusshin desuka?;どちらのごしゅっしんですか。;berasal dari mana?;第5週;2日目;Hari ke-26;出:しゅっ|身:しん
イギリス出身です。;igirisu shusshin desu.;いぎりすしゅっしんです。;berasal dari Inggris;第5週;2日目;Hari ke-26;出:しゅっ|身:しん
お住まいはどちらですか。;osumai wa dochira desuka?;おすまいはどちらですか。;tinggalnya di mana?;第5週;2日目;Hari ke-26;住:す
この近くです。;kono chikaku desu.;このちかくです。;di dekat sini;第5週;2日目;Hari ke-26;近:ちか
先日は、ありがとうございました。;senjitsu wa, arigatō gozaimashita.;せんじつは、ありがとうございました。;terima kasih atas... beberapa hari yang lalu;第5週;2日目;Hari ke-26;先:せん|日:じつ
とんでもないです。こちらこそ。;tondemonai desu. kochira koso.;とんでもないです。こちらこそ。;tidak apa-apa, sama-sama;第5週;2日目;Hari ke-26;
どうぞお上がりください。;dōzo oagari kudasai.;どうぞおあがりください。;silahkan masuk;第5週;2日目;Hari ke-26;上:あ
おじゃまします。;ojama shimasu.;おじゃまします。;permisi (saat masuk rumah orang);第5週;2日目;Hari ke-26;
こちらでおかけになってお待ちください。;kochira de okake ni natte omachi kudasai.;こちらでおかけになっておまちください。;silahkan duduk menunggu di sini;第5週;2日目;Hari ke-26;待:ま
お茶をお持ちします。;ocha wo omochi shimasu.;おちゃをおもちします。;saya akan bawakan teh;第5週;2日目;Hari ke-26;茶:ちゃ|持:も
どうぞおかまいなく。;dōzo okamai naku.;どうぞおかまいなく。;tidak usah repot-repot;第5週;2日目;Hari ke-26;
どうぞお召し上がりください;dōzo omeshiagari kudasai.;どうぞおめしあがりください;silahkan dimakan, diminum;第5週;2日目;Hari ke-26;召:め|上:あ
では、遠慮なくいただきます。;dewa, enryo naku itadakimasu.;では、えんりょなくいただきます。;baik, saya makan tanpa sungkan;第5週;2日目;Hari ke-26;遠:えん|慮:りょ
ご無沙汰しています。お元気でいらっしゃいますか。;gobusata shiteimasu. ogenki de irasshaimasuka?;ごぶさたしています。おげんきでいらっしゃいますか。;lama tidak bertemu. apa kabar?!;第5週;2日目;Hari ke-26;無:ぶ|沙:さ|汰:た|元:げん|気:き
ええ、おかげさまで。;ē, okagesama de.;ええ、おかげさまで。;baik, alhamdulillah;第5週;2日目;Hari ke-26;
田中さんのご主人、亡くなったそうですよ。;Tanaka-san no goshujin, nakunatta sō desu yo.;たなかさんのごしゅじん、なくなったそうですよ。;suami tanaka-san katanya meninggal;第5週;2日目;Hari ke-26;田:たな|中:か|主:しゅ|人:じん|亡:な
そうですか。お気の毒に。;sō desuka. oki no doku ni.;そうですか。おきのどくに。;oh begitu... turut berduka;第5週;2日目;Hari ke-26;気:き|毒:どく
お目にかかるのを楽しみにしています。;ome ni kakaru no wo tanoshimi ni shiteimasu.;おめにかかるのをたのしみにしています。;saya menantikan hari kita bertemu;第5週;2日目;Hari ke-26;目:め|楽:たの
お先に失礼します。;osaki ni shitsurei shimasu.;おさきにしつれいします。;saya pamit terlebih dahulu;第5週;2日目;Hari ke-26;先:さき|失:しつ|礼:れい
ご苦労さま。, お疲れさま。;gokurōsama, otsukaresama.;ごくろうさま。, おつかれさま。;[buchō]terima kasih atas kerja keras hari ini;第5週;2日目;Hari ke-26;苦:く|労:ろう|疲:つか
お先に。;osaki ni.;おさきに。;saya duluan (pulang);第5週;2日目;Hari ke-26;先:さき
お疲れさまでした。;otsukaresama deshita.;おつかれさまでした。;terima kasih atas kerja keras hari ini;第5週;2日目;Hari ke-26;疲:つか
かしこい;kashikoi;かしこい;cerdik, pintar;第5週;3日目;Hari ke-27;
礼儀正しい;reigi tadashii;れいぎただしい;sopan;第5週;3日目;Hari ke-27;礼:れい|儀:ぎ|正:ただ
正直な;shōjiki na;しょうじきな;jujur, tidak bohong;第5週;3日目;Hari ke-27;正:しょう|直:じき
正直に言うと;shōjiki ni iu to;しょうじきにいうと;sejujurnya (bicara jujur);第5週;3日目;Hari ke-27;正:しょう|直:じき|言:い
素直な;sunao na;すなおな;apa adanya, jujur;第5週;3日目;Hari ke-27;素:す|直:なお
純粋な;junsui na;じゅんすいな;polos, murni (tidak dibuat-buat);第5週;3日目;Hari ke-27;純:じゅん|粋:すい
純粋な気持ち;junsui na kimochi;じゅんすいなきもち;perasaan polos, murni;第5週;3日目;Hari ke-27;純:じゅん|粋:すい|気:き|持:も
かっこいい;kakkoī;かっこいい;penampilan keren, cakep;第5週;3日目;Hari ke-27;
かっこ悪い;kakko warui;かっこわるい;penampilan buruk;第5週;3日目;Hari ke-27;悪:わる
勇気のある;yūki no aru;ゆうきのある;berani;第5週;3日目;Hari ke-27;勇:ゆう|気:き
ユーモアのある;yūmoa no aru;ゆーもあのある;humoris;第5週;3日目;Hari ke-27;
積極的な;sekkyokuteki na;せっきょくてきな;aktif;第5週;3日目;Hari ke-27;積:せっ|極:きょく|的:てき
消極的な;shōkyokuteki na;しょうきょくてきな;pasif;第5週;3日目;Hari ke-27;消:しょう|極:きょく|的:てき
落ち着いている;ochitsuite iru;おちついている;tenang, kalem;第5週;3日目;Hari ke-27;落:お|着:つ
おとなしい;otonashī;おとなしい;pendiam, nurut;第5週;3日目;Hari ke-27;
まじめな;majime na;まじめな;serius, sungguh-sungguh;第5週;3日目;Hari ke-27;
のんきな;nonki na;のんきな;santai;第5週;3日目;Hari ke-27;
美人;bijin;びじん;cantik;第5週;3日目;Hari ke-27;美:び|人:じん
ハンサムな;hansamu na;はんさむな;tampan;第5週;3日目;Hari ke-27;
スマートな;sumāto na;すまーとな;slim, langsing, stylish, cekatan;第5週;3日目;Hari ke-27;
意地悪な;ijiwaru na;いじわるな;iseng, jail (bully) [KS];第5週;3日目;Hari ke-27;意:い|地:じ|悪:わる
しつこい;shitsukoi;しつこい;maksa, ngeyel;第5週;3日目;Hari ke-27;
意地悪をする;ijiwaru wo suru;いじわるをする;iseng, jail (bully);第5週;3日目;Hari ke-27;意:い|地:じ|悪:わる
しつこく注意する;shitsukoku chūi suru;しつこくちゅういする;memperingatkan terus-menerus;第5週;3日目;Hari ke-27;注:ちゅう|意:い
噓をつく;uso wo tsuku;うそをつく;berbohong;第5週;3日目;Hari ke-27;噓:うそ
だらしない;darashinai;だらしない;tidak rapih, tidak teratur, ceroboh;第5週;3日目;Hari ke-27;
うそつき;usotsuki;うそつき;pembohong;第5週;3日目;Hari ke-27;
けちな;kechi na;けちな;pelit;第5週;3日目;Hari ke-27;
ずるい;zurui;ずるい;licik, curang;第5週;3日目;Hari ke-27;
無責任な/いいかげんな;musekinin na/īkagen na;むせきにんな/いいかげんな;tidak tanggung jawab;第5週;3日目;Hari ke-27;無:む|責:せき|任:にん
ずうずうしい;zūzūshī;ずうずうしい;tidak tau malu, kurang ajar;第5週;3日目;Hari ke-27;
いいかげんなことを言う;īkagen na koto wo iu;いいかげんなことをいう;mengatakan hal yang tidak bertanggung jawab;第5週;3日目;Hari ke-27;言:い
いいかげんにしろ!;īkagen ni shiro!;いいかげんにしろ!;sudah, cukup, hentikan!;第5週;3日目;Hari ke-27;
体の調子/具合が悪い;karada no chōshi/guai ga warui;からだのちょうし/ぐあいがわるい;kondisi badan sedang buruk;第5週;4日目;Hari ke-28;体:からだ|調:ちょう|子:し|具:ぐ|合:あい|悪:わる
めまいがする;memai ga suru;めまいがする;pusing;第5週;4日目;Hari ke-28;
頭痛がする;zutsū ga suru;ずつうがする;sakit kepala;第5週;4日目;Hari ke-28;頭:ず|痛:つう
胃が痛い;i ga itai;いがいたい;lambung terasa sakit;第5週;4日目;Hari ke-28;胃:い|痛:いた
腰が痛い;koshi ga itai;こしがいたい;sakit pinggang;第5週;4日目;Hari ke-28;腰:こし|痛:いた
息が苦しい;iki ga kurushī;いきがくるしい;sesak nafas;第5週;4日目;Hari ke-28;息:いき|苦:くる
苦しむ;kurushimu;くるしむ;menderita;第5週;4日目;Hari ke-28;苦:くる
鼻がつまる;hana ga tsumaru;はながつまる;hidung tersumbat;第5週;4日目;Hari ke-28;鼻:はな
鼻をかむ;hana wo kamu;はなをかむ;membuang ingus;第5週;4日目;Hari ke-28;鼻:はな
吐き気がする;hakike ga suru;はきけがする;mual, ingin muntah;第5週;4日目;Hari ke-28;吐:は|気:け
吐く;haku;はく;muntah;第5週;4日目;Hari ke-28;吐:は
気分が悪い/気持ち(が)悪い;kibun ga warui/kimochi (ga) warui;きぶんがわるい/きもち(が)わるい;merasa tidak enak (ingin muntah, dll);第5週;4日目;Hari ke-28;気:き|分:ぶん|悪:わる|気:き|持:も|悪:わる
目がかゆい;me ga kayui;めがかゆい;mata terasa gatal;第5週;4日目;Hari ke-28;目:め
目をこする/かく;me wo kosuru/kaku;めをこする/かく;mengucek mata;第5週;4日目;Hari ke-28;目:め
風邪を引いてつらい;kaze wo hiite tsurai;かぜをひいてつらい;terasa menyakitkan karena kena flu;第5週;4日目;Hari ke-28;風:か|邪:ぜ|引:ひ
アレルギーがある;arerugī ga aru;あれるぎーがある;mempunyai alergi;第5週;4日目;Hari ke-28;
お世話になりました。;osewa ni narimashita.;おせわになりました。;terima kasih atas bantuannya selama ini;第5週;4日目;Hari ke-28;世:せ|話:わ
お大事に。;odaiji ni.;おだいじに。;semoga lekas sembuh;第5週;4日目;Hari ke-28;大:だい|事:じ
専門の医師にみてもらう;senmon no ishi ni mite morau;せんもんのいしにみてもらう;diperiksa oleh dokter spesialis;第5週;4日目;Hari ke-28;専:せん|門:もん|医:い|師:し
医師の診察を受ける;ishi no shinsatsu wo ukeru;いしのしんさつをうける;periksa ke dokter;第5週;4日目;Hari ke-28;医:い|師:し|診:しん|察:さつ|受:う
歯医者にかかる;haisha ni kakaru;はいしゃにかかる;pergi ke dokter gigi;第5週;4日目;Hari ke-28;歯:は|医:い|者:しゃ
インフルエンザにかかる;infuruenza ni kakaru;いんふるえんざにかかる;terkena influenza;第5週;4日目;Hari ke-28;
病気の症状;byōki no shōjō;びょうきのしょうじょう;gejala penyakit;第5週;4日目;Hari ke-28;病:びょう|気:き|症:しょう|状:じょう
けがを治す;kega wo naosu;けがをなおす;menyembuhkan luka;第5週;4日目;Hari ke-28;治:なお
注射をしてもらう;chūsha wo shite morau;ちゅうしゃをしてもらう;disuntik;第5週;4日目;Hari ke-28;注:ちゅう|射:しゃ
手の傷;te no kizu;てのきず;luka di tangan;第5週;4日目;Hari ke-28;手:て|傷:きず
手術を受ける;shujutsu wo ukeru;しゅじゅつをうける;dioperasi;第5週;4日目;Hari ke-28;手:しゅ|術:じゅつ|受:う
やけどをする;yakedo wo suru;やけどをする;terkena luka bakar;第5週;4日目;Hari ke-28;
痛みをがまんする;itami wo gaman suru;いたみをがまんする;menahan rasa sakit;第5週;4日目;Hari ke-28;痛:いた
大したことがない;taishita koto ga nai;たいしたことがない;bukan masalah berarti;第5週;4日目;Hari ke-28;大:たい
花粉症になる;kafunshō ni naru;かふんしょうになる;"terkena ""kafunsho""";第5週;4日目;Hari ke-28;花:か|粉:ふん|症:しょう
ましになる;mashi ni naru;ましになる;mendingan;第5週;4日目;Hari ke-28;
うがいをする;ugai wo suru;うがいをする;kumur-kumur;第5週;4日目;Hari ke-28;
(お)見舞いに行く;(o)mimai ni iku;(お)みまいにいく;pergi menjenguk;第5週;4日目;Hari ke-28;見:み|舞:まい|行:い
鼻水;hanamizu;はなみず;ingus;第5週;5日目;Hari ke-29;鼻:はな|水:みず
ため息;tameiki;ためいき;nafas panjang;第5週;5日目;Hari ke-29;息:いき
涙;namida;なみだ;air mata;第5週;5日目;Hari ke-29;涙:なみだ
汗;ase;あせ;keringat;第5週;5日目;Hari ke-29;汗:あせ
涎;yodare;よだれ;air liur;第5週;5日目;Hari ke-29;涎:よだれ
ため息をつく;tameiki wo tsuku;ためいきをつく;tarik nafas panjang;第5週;5日目;Hari ke-29;息:いき
涙を流す;namida wo nagasu;なみだをながす;mengalirkan air mata;第5週;5日目;Hari ke-29;涙:なみだ|流:なが
汗をかく;ase wo kaku;あせをかく;mengeluarkan keringat;第5週;5日目;Hari ke-29;汗:あせ
汗くさい;ase kusai;あせくさい;bau keringat;第5週;5日目;Hari ke-29;汗:あせ
咳;seki;せき;batuk;第5週;5日目;Hari ke-29;咳:せき
吃逆;shakkuri;しゃっくり;cegukan;第5週;5日目;Hari ke-29;吃:しゃっ|逆:くり
嚏;kushami;くしゃみ;bersin;第5週;5日目;Hari ke-29;嚏:くしゃみ
欠伸;akubi;あくび;menguap;第5週;5日目;Hari ke-29;欠:あく|伸:び
噯;geppu;げっぷ;sendawa;第5週;5日目;Hari ke-29;噯:げっぷ
おなら;onara;おなら;kentut;第5週;5日目;Hari ke-29;
体重が増える;taijū ga fueru;たいじゅうがふえる;berat badan bertambah;第5週;5日目;Hari ke-29;体:たい|重:じゅう|増:ふ
体重を増やす;taijū wo fuyasu;たいじゅうをふやす;menambah berat badan;第5週;5日目;Hari ke-29;体:たい|重:じゅう|増:ふ
体重が減る;taijū ga heru;たいじゅうがへる;berat badan berkurang;第5週;5日目;Hari ke-29;体:たい|重:じゅう|減:へ
体重を減らす;taijū wo herasu;たいじゅうをへらす;mengurangi berat badan;第5週;5日目;Hari ke-29;体:たい|重:じゅう|減:へ
いびきをかく;ibiki wo kaku;いびきをかく;mengorok;第5週;5日目;Hari ke-29;
年を取る;nen wo toru;ねんをとる;menjadi tua;第5週;5日目;Hari ke-29;年:ねん|取:と
足がしびれる;ashi ga shibireru;あしがしびれる;kaki kesemutan;第5週;5日目;Hari ke-29;足:あし
爪が伸びる;tsume ga nobiru;つめがのびる;kuku memanjang;第5週;5日目;Hari ke-29;爪:つめ|伸:の
体がふるえる;karada ga furueru;からだがふるえる;tubuh gemetar;第5週;5日目;Hari ke-29;体:からだ
ひげが生える;hige ga haeru;ひげがはえる;jenggot tumbuh;第5週;5日目;Hari ke-29;生:は
肩がこる;kata ga koru;かたがこる;bahu terasa pegal;第5週;5日目;Hari ke-29;肩:かた
歯が生える;ha ga haeru;はがはえる;gigi tumbuh;第5週;5日目;Hari ke-29;歯:は|生:は
くせがつく;kuse ga tsuku;くせがつく;kebiasaan, terbiasa;第5週;5日目;Hari ke-29;
髪の毛が抜ける;kami no ke ga nukeru;かみのけがぬける;rambut rontok;第5週;5日目;Hari ke-29;髪:かみ|毛:け|抜:ぬ
くせになる;kuse ni naru;くせになる;menjadi kebiasaan;第5週;5日目;Hari ke-29;
禿げる;hageru;はげる;botak;第5週;5日目;Hari ke-29;禿:は
ストレスがたまる;sutoresu ga tamaru;すとれすがたまる;stres menumpuk;第5週;5日目;Hari ke-29;
髪をそめる;kami wo someru;かみをそめる;mewarnai rambut;第5週;5日目;Hari ke-29;髪:かみ
虫歯;mushi ba;むしば;gigi rusak;第5週;5日目;Hari ke-29;虫:むし|歯:ば
にきび;nikibi;にきび;jerawat;第5週;5日目;Hari ke-29;
白髪;shiraga;しらが;uban;第5週;5日目;Hari ke-29;白:しら|髪:が
皺;shiwa;しわ;keriput;第5週;5日目;Hari ke-29;皺:しわ
花が咲く;hana ga saku;はながさく;bunga mekar;第5週;6日目;Hari ke-30;花:はな|咲:さ
箱がつぶれる;hako ga tsubureru;はこがつぶれる;kotak nya hancur;第5週;6日目;Hari ke-30;箱:はこ
花が散る;hana ga chiru;はながちる;bunga rontok;第5週;6日目;Hari ke-30;花:はな|散:ち
つぶす;tsubusu;つぶす;menghancurkan;第5週;6日目;Hari ke-30;
木が枯れる;ki ga kareru;きがかれる;pohon mati;第5週;6日目;Hari ke-30;木:き|枯:か
浮く;uku;うく;mengapung;第5週;6日目;Hari ke-30;浮:う
山がくずれる;yama ga kuzureru;やまがくずれる;gunung runtuh;第5週;6日目;Hari ke-30;山:やま
沈む;shizumu;しずむ;tenggelam;第5週;6日目;Hari ke-30;沈:しず
険しい山;kewashii yama;けわしいやま;gunung terjal, curam;第5週;6日目;Hari ke-30;険:けわ|山:やま
蒸し暑い;mushiatsui;むしあつい;lembab;第5週;6日目;Hari ke-30;蒸:む|暑:あつ
なだらかな坂;nadaraka na saka;なだらかなさか;tanjakan landai;第5週;6日目;Hari ke-30;坂:さか
腐る;kusaru;くさる;membusuk;第5週;6日目;Hari ke-30;腐:くさ
かびが生える;kabi ga haeru;かびがはえる;tumbuh jamur;第5週;6日目;Hari ke-30;生:は
変なにおいがする;hen na nioi ga suru;へんなにおいがする;tercium bau aneh;第5週;6日目;Hari ke-30;変:へん
におう;niou;におう;mencium (bau, aroma);第5週;6日目;Hari ke-30;
気味が悪い生き物;kimi ga warui ikimono;きみがわるいいきもの;makhluk menyeramkan;第5週;6日目;Hari ke-30;気:き|味:み|悪:わる|生:い|物:もの
気持ち(が)悪い生き物;kimochi (ga) warui ikimono;きもち(が)わるいいきもの;makhluk menjijikkan;第5週;6日目;Hari ke-30;気:き|持:も|悪:わる|生:い|物:もの
親しい友人;shitashii yūjin;したしいゆうじん;teman akrab;第5週;6日目;Hari ke-30;親:した|友:ゆう|人:じん
親友;shinyū;しんゆう;sahabat;第5週;6日目;Hari ke-30;親:しん|友:ゆう
あやしい男;ayashii otoko;あやしいおとこ;laki-laki mencurigakan;第5週;6日目;Hari ke-30;男:おとこ
恐ろしい事件;osoroshii jiken;おそろしいじけん;kejadian yang mengerikan;第5週;6日目;Hari ke-30;恐:おそ|事:じ|件:けん
さびた包丁;sabita hōchō;さびたほうちょう;pisau berkarat;第5週;6日目;Hari ke-30;包:ほう|丁:ちょう
錆びる;sabiru;さびる;berkarat;第5週;6日目;Hari ke-30;錆:さ
鋭い;surudoi;するどい;tajam;第5週;6日目;Hari ke-30;鋭:するど
鈍い;nibui;にぶい;tumpul;第5週;6日目;Hari ke-30;鈍:にぶ
のろい車;noroi kuruma;のろいくるま;mobil lambat;第5週;6日目;Hari ke-30;車:くるま
安全な場所;anzen na basho;あんぜんなばしょ;tempat yang aman [KB];第5週;6日目;Hari ke-30;安:あん|全:ぜん|場:ば|所:しょ
薄暗い部屋;usugurai heya;うすぐらいへや;ruangan redup, remang-remang;第5週;6日目;Hari ke-30;薄:うす|暗:ぐら|部:へ|屋:や
まぶしい明かり;mabushii akari;まぶしいあかり;cahaya terang, silau;第5週;6日目;Hari ke-30;明:あ
くわしい説明書;kuwashii setsumeisho;くわしいせつめいしょ;buku petunjuk yang lengkap, detail;第5週;6日目;Hari ke-30;説:せつ|明:めい|書:しょ
くだらない小説;kudaranai shōsetsu;くだらないしょうせつ;novel yang konyol, tidak bernilai;第5週;6日目;Hari ke-30;小:しょう|説:せつ
でたらめに答える;detarame ni kotaeru;でたらめにこたえる;menjawab secara asal, omong kosong;第5週;6日目;Hari ke-30;答:こた
とつぜん/いきなり;totsuzen/ikinari;とつぜん/いきなり;tiba-tiba;第6週;1日目;Hari ke-31;
突然電話が鳴った;totsuzen denwa ga natta;とつぜんでんわがなった;tiba-tiba telepon berdering;第6週;1日目;Hari ke-31;突:とつ|然:ぜん|電:でん|話:わ|鳴:な
いきなり泣き出す;ikinari nakidasu;いきなりなきだす;tiba-tiba menangis (mulai menangis);第6週;1日目;Hari ke-31;泣:な|出:だ
とたんに;totan ni;とたんに;seketika itu;第6週;1日目;Hari ke-31;
とたんに泣き出す;totan ni nakidasu;とたんになきだす;seketika itu menangis (mulai menangis);第6週;1日目;Hari ke-31;泣:な|出:だ
やっと/とうとう/ついに;yatto/tōtō/tsui ni;やっと/とうとう/ついに;akhirnya;第6週;1日目;Hari ke-31;
やっとけがが治った;yatto kega ga naotta;やっとけががなおった;akhirnya lukanya sembuh;第6週;1日目;Hari ke-31;治:なお
うちの猫がとうとう死んでしまった;uchi no neko ga tōtō shinde shimatta;うちのねこがとうとうしんでしまった;kucing saya akhirnya meninggal;第6週;1日目;Hari ke-31;猫:ねこ|死:し
結局;kekkyoku;けっきょく;ujung-ujungnya, akhirnya;第6週;1日目;Hari ke-31;結:けっ|局:きょく
努力したが、結局むだだった;doryoku shita ga, kekkyoku muda datta;どりょくしたが、けっきょくむだだった;saya sudah berusaha, ujung-ujungnya sia-sia;第6週;1日目;Hari ke-31;努:ど|力:りょく|結:けっ|局:きょく
ついに絵が完成した;tsui ni e ga kansei shita;ついにえがかんせいした;akhirnya lukisannya selesai;第6週;1日目;Hari ke-31;絵:え|完:かん|成:せい
よく;yoku;よく;biasanya, sering, dengan baik;第6週;1日目;Hari ke-31;
よくこのレストランに来ます;yoku kono resutoran ni kimasu;よくこのれすとらんにきます;(saya) sering datang ke restoran ini;第6週;1日目;Hari ke-31;来:き
昨日は、よく寝ました;kinō wa, yoku nemashita;きのうは、よくねました;kemarin (saya) tidur dengan baik;第6週;1日目;Hari ke-31;昨:き|日:のう|寝:ね
よくやった!;yoku yatta!;よくやった!;(kamu) melakukannya dengan baik;第6週;1日目;Hari ke-31;
たいてい/ふつう(は);taitei/futsū (wa);たいてい/ふつう(は);biasanya;第6週;1日目;Hari ke-31;
たいてい外食します;taitei gaishoku shimasu;たいていがいしょくします;biasanya makan di luar;第6週;1日目;Hari ke-31;外:がい|食:しょく
ふだん(は);fudan (wa);ふだん(は);biasanya (sehari-hari);第6週;1日目;Hari ke-31;
ふだんは(お)酒を飲みません;fudan wa (o)sake wo nomimasen;ふだんは(お)さけをのみません;biasanya (sehari-hari) tidak minum sake;第6週;1日目;Hari ke-31;酒:さけ|飲:の
梅雨の時期、ふつう(は)雨が多い;tsuyu no jiki, futsū (wa) ame ga ōi;つゆのじき、ふつう(は)あめがおおい;"musim ""tsuyu"", biasanya banyak hujan";第6週;1日目;Hari ke-31;梅:つ|雨:ゆ|時:じ|期:き|雨:あめ|多:おお
たまに;tama ni;たまに;sekali-kali;第6週;1日目;Hari ke-31;
たまに映画に行きます;tama ni eiga ni ikimasu;たまにえいがにいきます;sekali-kali saya pergi nonton film;第6週;1日目;Hari ke-31;映:えい|画:が|行:い
かなり;kanari;かなり;cukup, lumayan, sangat;第6週;1日目;Hari ke-31;
かなり大きい家;kanari ōkii ie;かなりおおきいいえ;rumah yang cukup besar;第6週;1日目;Hari ke-31;大:おお|家:いえ
人がかなりいる;hito ga kanari iru;ひとがかなりいる;ada lumayan banyak orang;第6週;1日目;Hari ke-31;人:ひと
けっこう;kekkō;けっこう;cukup;第6週;1日目;Hari ke-31;
今の家は、けっこう気に入っている;ima no ie wa, kekkō ki ni itte iru;いまのいえは、けっこうきにいっている;cukup suka dengan rumah sekarang;第6週;1日目;Hari ke-31;今:いま|家:いえ|気:き|入:い
ものすごく/すごく;monosugoku/sugoku;ものすごく/すごく;sangat;第6週;1日目;Hari ke-31;
足がものすごく痛い;ashi ga monosugoku itai;あしがものすごくいたい;kaki saya sangat sakit;第6週;1日目;Hari ke-31;足:あし|痛:いた
めちゃくちゃ;mechakucha;めちゃくちゃ;sangat, berantakan;第6週;1日目;Hari ke-31;
めちゃくちゃ安い;mechakucha yasui;めちゃくちゃやすい;sangat murah;第6週;1日目;Hari ke-31;安:やす
順番がむちゃくちゃだ;junban ga muchakucha da;じゅんばんがむちゃくちゃだ;urutannya berantakan;第6週;1日目;Hari ke-31;順:じゅん|番:ばん
事故で車がめちゃくちゃに壊れた;jiko de kuruma ga mechakucha ni kowareta;じこでくるまがめちゃくちゃにこわれた;mobilnya rusak parah karena kecelakaan;第6週;1日目;Hari ke-31;事:じ|故:こ|車:くるま|壊:こわ
ぜひ;zehi;ぜひ;sangat ingin, silakan;第6週;1日目;Hari ke-31;
ぜひ、お越しください;zehi, okoshi kudasai;ぜひ、おこしください;silahkan datang (ingin sekali dia datang);第6週;1日目;Hari ke-31;越:こ
ぜひとも;zehito mo;ぜひとも;sangat ingin;第6週;1日目;Hari ke-31;
どうか;dōka;どうか;mohon;第6週;1日目;Hari ke-31;
どうか、お願いします;dōka, onegaishimasu;どうか、おねがいします;mohon bantuannya (ingin sekali dibantu);第6週;1日目;Hari ke-31;願:ねが
まず;mazu;まず;pertama-tama;第6週;1日目;Hari ke-31;
帰ったら、まず(=最初に)お風呂に入る;kaettara, mazu (= saisho ni) ofuro ni hairu;かえったら、まず(=さいしょに)おふろにはいる;setelah pulang, hal pertama (yang saya lakukan adalah) saya mandi ofuro;第6週;1日目;Hari ke-31;帰:かえ|最:さい|初:しょ|風:ふ|呂:ろ|入:はい
とにかく/ともかく;tonikaku/tomokaku;とにかく/ともかく;pokoknya;第6週;1日目;Hari ke-31;
言い訳などしないで、とにかく勉強しなさい;iiwake nado shinai de, tonikaku benkyō shinasai;いいわけなどしないで、とにかくべんきょうしなさい;tidak usah banyak alasan, pokoknya kamu belajar sana!;第6週;1日目;Hari ke-31;言:い|訳:わけ|勉:べん|強:きょう
一度に/いっぺんに;ichido ni/ippen ni;いちどに/いっぺんに;sekaligus;第6週;1日目;Hari ke-31;一:いち|度:ど
一度に花が咲く;ichido ni hana ga saku;いちどにはながさく;bunga mekar sekaligus (dalam satu waktu);第6週;1日目;Hari ke-31;一:いち|度:ど|花:はな|咲:さ
たまった宿題をいっぺんに片付ける;tamatta shukudai wo ippen ni katazukeru;たまったしゅくだいをいっぺんにかたづける;membereskan (menyelesaikan) PR yang numpuk sekaligus (dalam satu waktu);第6週;1日目;Hari ke-31;宿:しゅく|題:だい|片:かた|付:づ
いっぺんに疲れが出た;ippen ni tsukare ga deta;いっぺんにつかれがでた;tiba-tiba merasa lelah (rasa lelah datang sekaligus);第6週;1日目;Hari ke-31;疲:つか|出:で
うっかり(する);ukkari(suru);うっかり(する);tidak sengaja, kurang hati-hati;第6週;2日目;Hari ke-32;
宿題をうっかり忘れる;shukudai wo ukkari wasureru;しゅくだいをうっかりわすれる;lupa mengerjakan PR (tidak sengaja, kurang perhatian);第6週;2日目;Hari ke-32;宿:しゅく|題:だい|忘:わす
うっかりする;ukkarisuru;うっかりする;kurang hati-hati;第6週;2日目;Hari ke-32;
すっかり;sukkari;すっかり;benar-benar;第6週;2日目;Hari ke-32;
すっかり忘れた;sukkari wasureta;すっかりわすれた;benar-benar lupa;第6週;2日目;Hari ke-32;忘:わす
がっかり(する);gakkari(suru);がっかり(する);kecewa;第6週;2日目;Hari ke-32;
試験に落ちてがっかりする;shiken ni ochite gakkari suru;しけんにおちてがっかりする;kecewa karena tidak lulus ujian;第6週;2日目;Hari ke-32;試:し|験:けん|落:お
やはり/やっぱり;yahari/yappari;やはり/やっぱり;memang benar, tetap;第6週;2日目;Hari ke-32;
やっぱり思ったとおりだ;yappari omotta tōri da;やっぱりおもったとおりだ;memang benar sesuai dugaan saya;第6週;2日目;Hari ke-32;思:おも
18歳といってもやはりまだ子どもだ;18 toshi to itte mo yahari mada kodomo da;18としといってもやはりまだこどもだ;meskipun 18 tahun, tapi dia masih anak-anak;第6週;2日目;Hari ke-32;歳:とし|子:こ
しっかり(する);shikkari(suru);しっかり(する);kuat, mantap;第6週;2日目;Hari ke-32;
しっかりした子ども;shikkari shita kodomo;しっかりしたこども;anak yang kuat (mandiri, tidak manja, dll);第6週;2日目;Hari ke-32;子:こ
しっかりしろ!;shikkari shiro!;しっかりしろ!;kamu harus kuat! (jangan plin-plan, lemas, pendirian goyah, dll);第6週;2日目;Hari ke-32;
すっきり(する);sukkiri(suru);すっきり(する);lega, rapi;第6週;2日目;Hari ke-32;
部屋がすっきりする;heya ga sukkiri suru;へやがすっきりする;kamar jadi lega (tidak berantakan, tidak banyak barang);第6週;2日目;Hari ke-32;部:へ|屋:や
気分がすっきりする;kibun ga sukkiri suru;きぶんがすっきりする;merasa lega, plong (tidak ada yang ganggu pikiran);第6週;2日目;Hari ke-32;気:き|分:ぶん
さっぱり(する);sappari(suru);さっぱり(する);segar, sama sekali tidak;第6週;2日目;Hari ke-32;
風呂に入ってさっぱりする;furo ni haitte sappari suru;ふろにはいってさっぱりする;saya merasa segar setelah mandi ofuro;第6週;2日目;Hari ke-32;風:ふ|呂:ろ|入:はい
この問題はさっぱりわからない;kono mondai wa sappari wakaranai;このもんだいはさっぱりわからない;masalah ini sama sekali tidak mengerti;第6週;2日目;Hari ke-32;問:もん|題:だい
ぐっすり;gussuri;ぐっすり;terlelap;第6週;2日目;Hari ke-32;
ぐっすり眠る;gussuri nemuru;ぐっすりねむる;tidur terlelap;第6週;2日目;Hari ke-32;眠:ねむ
にっこり(する)/にこにこ(する)/にっこり笑う/にこにこ笑う/ほほえむ;nikkori (suru)/niko niko (suru)/nikkori warau/niko niko warau/hohoemu;にっこり(する)/にこにこ(する)/にっこりわらう/にこにこわらう/ほほえむ;tersenyum;第6週;2日目;Hari ke-32;笑:わら|笑:わら
そっくり;sokkuri;そっくり;sama persis;第6週;2日目;Hari ke-32;
あの親子はそっくりだ;ano oyako wa sokkuri da;あのおやこはそっくりだ;orang tua dan anak itu mirip, sama persis;第6週;2日目;Hari ke-32;親:おや|子:こ
はっきり(する);hakkiri(suru);はっきり(する);jelas;第6週;2日目;Hari ke-32;
山がはっきり見える;yama ga hakkiri mieru;やまがはっきりみえる;gunung terlihat dengan jelas;第6週;2日目;Hari ke-32;山:やま|見:み
ぼんやり;bonyari;ぼんやり;tidak jelas;第6週;2日目;Hari ke-32;
のんびり(する);nonbiri(suru);のんびり(する);santai;第6週;2日目;Hari ke-32;
のんびり過ごす;nonbiri sugosu;のんびりすごす;menghabiskan waktu dengan santai;第6週;2日目;Hari ke-32;過:す
のんびりする;nonbiri suru;のんびりする;bersantai;第6週;2日目;Hari ke-32;
きちんと(する)/ちゃんと(する);kichinto(suru)/chanto(suru);きちんと(する)/ちゃんと(する);rapi, dengan benar;第6週;2日目;Hari ke-32;
洋服をきちんと, ちゃんとたたむ;yōfuku wo kichinto, chanto tatamu;ようふくをきちんと, ちゃんとたたむ;melipat baju dengan rapi, dengan benar;第6週;2日目;Hari ke-32;洋:よう|服:ふく
態度をきちんと, ちゃんとする;taido wo kichinto, chanto suru;たいどをきちんと, ちゃんとする;berperilaku baik, dengan benar;第6週;2日目;Hari ke-32;態:たい|度:ど
ふと;futo;ふと;tiba-tiba;第6週;2日目;Hari ke-32;
ふと思い出す;futo omoidasu;ふとおもいだす;tiba-tiba teringat;第6週;2日目;Hari ke-32;思:おも|出:だ
わざと;wazato;わざと;sengaja;第6週;2日目;Hari ke-32;
わざと負ける;wazato makeru;わざとまける;sengaja kalah;第6週;2日目;Hari ke-32;負:ま
ほっと(する);hotto(suru);ほっと(する);lega;第6週;2日目;Hari ke-32;
母の病気が治ってほっとした;haha no byōki ga naotte hotto shita;ははのびょうきがなおってほっとした;lega karena penyakit ibu sembuh (rasa khawatir hilang);第6週;2日目;Hari ke-32;母:はは|病:びょう|気:き|治:なお
じっと(する);jitto(suru);じっと(する);diam, menahan;第6週;2日目;Hari ke-32;
じっとがまんする;jitto gaman suru;じっとがまんする;bersabar (dengan cara diam);第6週;2日目;Hari ke-32;
じっと見る;jitto miru;じっとみる;terdiam melihat;第6週;2日目;Hari ke-32;見:み
ざっと;zatto;ざっと;secara kasar, cepat;第6週;2日目;Hari ke-32;
ざっと掃除する;zatto sōji suru;ざっとそうじする;membersihkan dengan cepat, asal (tidak detail);第6週;2日目;Hari ke-32;掃:そう|除:じ
そっと(する);sotto(suru);そっと(する);pelan-pelan, diam-diam;第6週;2日目;Hari ke-32;
そっと近づく;sotto chikazuku;そっとちかづく;mendekat dengan pelan-pelan, diam-diam;第6週;2日目;Hari ke-32;近:ちか
どきどき(する);dokidoki(suru);どきどき(する);berdebar;第6週;3日目;Hari ke-33;
胸がどきどきする;mune ga dokidoki suru;むねがどきどきする;dadaku (hati) berdebar;第6週;3日目;Hari ke-33;胸:むね
面接でどきどきする;mensetsu de dokidoki suru;めんせつでどきどきする;deg-degan karena mau wawancara;第6週;3日目;Hari ke-33;面:めん|接:せつ
いらいら(する);iraira(suru);いらいら(する);kesal;第6週;3日目;Hari ke-33;
渋滞でいらいらする;jūtai de iraira suru;じゅうたいでいらいらする;merasa kesal karena macet;第6週;3日目;Hari ke-33;渋:じゅう|滞:たい
はきはき(する);hakihaki(suru);はきはき(する);lugas;第6週;3日目;Hari ke-33;
はきはき(と)答える;hakihaki (to) kotaeru;はきはき(と)こたえる;menjawab dengan lugas, tanpa ragu-ragu;第6週;3日目;Hari ke-33;答:こた
彼女ははきはきして感じがいい;kanojo wa hakihaki shite kanji ga ii;かのじょははきはきしてかんじがいい;dia mempunyai sifat yang lugas, rasanya enak (bicara);第6週;3日目;Hari ke-33;彼:かの|女:じょ|感:かん
ぶつぶつ;butsubutsu;ぶつぶつ;menggumam, mengeluh;第6週;3日目;Hari ke-33;
ぶつぶつ文句を言う;butsubutsu monku wo iu;ぶつぶつもんくをいう;mengeluh dengan cara menggumam;第6週;3日目;Hari ke-33;文:もん|句:く|言:い
彼は何かぶつぶつ言っている;kare wa nanika butsubutsu itteiru;かれはなにかぶつぶついっている;dia mengatakan sesuatu dengan cara menggumam;第6週;3日目;Hari ke-33;彼:かれ|何:なに|言:い
うろうろ(する);urōro(suru);うろうろ(する);mondar-mandir;第6週;3日目;Hari ke-33;
変な男がうろうろしている;hen na otoko ga urōro shiteiru;へんなおとこがうろうろしている;laki-laki aneh sedang mondar-mandir;第6週;3日目;Hari ke-33;変:へん|男:おとこ
ぶらぶら(する);burabura(suru);ぶらぶら(する);jalan-jalan santai, bergoyang;第6週;3日目;Hari ke-33;
街をぶらぶらする;machi wo burabura suru;まちをぶらぶらする;jalan-jalan santai di kota (tanpa tujuan tertentu);第6週;3日目;Hari ke-33;街:まち
(物が)ぶらぶらゆれる;(mono ga) burabura yureru;(ものが)ぶらぶらゆれる;barang nya bergoyang (kondisi berayun-ayun);第6週;3日目;Hari ke-33;物:もの
ぎりぎり;girigiri;ぎりぎり;mepet;第6週;3日目;Hari ke-33;
ぎりぎりで最終電車に間に合った;girigiri de saishū densha ni maniatta;ぎりぎりでさいしゅうでんしゃにまにあった;sempat naik kereta terakhir, pas mepet waktunya;第6週;3日目;Hari ke-33;最:さい|終:しゅう|電:でん|車:しゃ|間:ま|合:あ
締め切りぎりぎりに願書を出した;shimekiri girigiri ni gansho wo dashita;しめきりぎりぎりにがんしょをだした;saya mengumpulkan formulir (ujian) mepet dengan batas waktu pengumpulan;第6週;3日目;Hari ke-33;締:し|切:き|願:がん|書:しょ|出:だ
ぴかぴか;pikapika;ぴかぴか;mengkilap;第6週;3日目;Hari ke-33;
靴をぴかぴかにみがく;kutsu wo pikapika ni migaku;くつをぴかぴかにみがく;menggosok sepatu dengan mengkilap;第6週;3日目;Hari ke-33;靴:くつ
のろのろ;noronoro;のろのろ;pelan-pelan;第6週;3日目;Hari ke-33;
電車がのろのろ走っている;densha ga noronoro hashitte iru;でんしゃがのろのろはしっている;kereta berjalan pelan-pelan;第6週;3日目;Hari ke-33;電:でん|車:しゃ|走:はし
ぺらぺら;perapera;ぺらぺら;lancar, tipis;第6週;3日目;Hari ke-33;
秘密をぺらぺらしゃべる;himitsu wo perapera shaberu;ひみつをぺらぺらしゃべる;membicarakan rahasia tanpa rasa sungkan, tidak enak;第6週;3日目;Hari ke-33;秘:ひ|密:みつ
田中さんは英語がぺらぺらだ;Tanaka-san wa eigo ga perapera da;たなかさんはえいごがぺらぺらだ;tanaka-san lancar berbicara bahasa Inggris;第6週;3日目;Hari ke-33;田:たな|中:か|英:えい|語:ご
ぺらぺらの紙;perapera no kami;ぺらぺらのかみ;kertas yang tipis;第6週;3日目;Hari ke-33;紙:かみ
ぺこぺこ;pekopeko;ぺこぺこ;lapar, kelaparan;第6週;3日目;Hari ke-33;
おなかがぺこぺこだ;onaka ga pekopeko da;おなかがぺこぺこだ;perut saya lapar;第6週;3日目;Hari ke-33;
ますます(する);masumasu(suru);ますます(する);semakin;第6週;3日目;Hari ke-33;
物価はますます上がるだろう;bukka wa masumasu agaru darō;ぶっかはますますあがるだろう;harga barang semakin naik;第6週;3日目;Hari ke-33;物:ぶっ|価:か|上:あ
だんだん;dandan;だんだん;perlahan-lahan;第6週;3日目;Hari ke-33;
だんだん寒くなりますね;dandan samuku narimasu ne;だんだんさむくなりますね;perlahan-lahan menjadi dingin;第6週;3日目;Hari ke-33;寒:さむ
どんどん;dondon;どんどん;terus-menerus;第6週;3日目;Hari ke-33;
彼の日本語はどんどん上達している;kare no nihongo wa dondon jōtatsu shiteiru;かのにほんごはどんどんじょうたつしている;bahasa Jepang dia terus-menerus meningkat;第6週;3日目;Hari ke-33;彼:かれ|日:に|本:ほん|語:ご|上:じょう|達:たつ
その他(そのた);so no hoka(so no ta);そのほか(そのた);lainnya;第6週;3日目;Hari ke-33;他:ほか
そろそろ;sorosoro;そろそろ;sudah saatnya;第6週;3日目;Hari ke-33;
そろそろ始めましょう;sorosoro hajimemashō;そろそろはじめましょう;sudah saatnya mari kita mulai;第6週;3日目;Hari ke-33;始:はじ
もともと;motomoto;もともと;aslinya, dari awal;第6週;3日目;Hari ke-33;
彼はもともと気の弱い人だった;kare wa motomoto ki no yowai hito datta;かれはもともときのよわいひとだった;dia aslinya adalah orang yang kurang percaya diri, lemah;第6週;3日目;Hari ke-33;彼:かれ|気:き|弱:よわ|人:ひと
この時計はもともと安かったからこわれても仕方がない;kono tokei wa motomoto yasukatta kara kowarete mo shikata ga nai;このとけいはもともとやすかったからこわれてもしかたがない;jam ini memang aslinya murah, meskipun rusak ya mau gimana lagi (apa boleh buat);第6週;3日目;Hari ke-33;時:と|計:けい|安:やす|仕:し|方:かた
たまたま;tamatama;たまたま;kebetulan;第6週;3日目;Hari ke-33;
たまたま友人に会った;tamatama yūjin ni atta;たまたまゆうじんにあった;bertemu dengan teman secara tidak sengaja (kebetulan);第6週;3日目;Hari ke-33;友:ゆう|人:じん|会:あ
まあまあ;māmā;まあまあ;lumayan;第6週;3日目;Hari ke-33;
試験の結果はまあまあだった;shiken no kekka wa māmā datta;しけんのけっかはまあまあだった;hasil ujiannya lumayan;第6週;3日目;Hari ke-33;試:し|験:けん|結:けっ|果:か
さまざま;samazama;さまざま;berbagai macam;第6週;3日目;Hari ke-33;
さまざまな商品;samazama na shōhin;さまざまなしょうひん;berbagai macam produk [KB];第6週;3日目;Hari ke-33;商:しょう|品:ひん
理想の人に出会う;risō no hito ni deau;りそうのひとにであう;bertemu idaman (pertama kali);第6週;4日目;Hari ke-34;理:り|想:そう|人:ひと|出:で|会:あ
出会い;deai;であい;pertemuan;第6週;4日目;Hari ke-34;出:で|会:あ
客を出迎える;kyaku wo demukaeru;きゃくをでむかえる;menyambut tamu;第6週;4日目;Hari ke-34;客:きゃく|出:で|迎:むか
出迎え;demukae;でむかえ;penyambutan;第6週;4日目;Hari ke-34;出:で|迎:むか
見送る;miokuru;みおくる;mengantarkan sampai pergi;第6週;4日目;Hari ke-34;見:み|送:おく
見送り;miokuri;みおくり;pengantaran;第6週;4日目;Hari ke-34;見:み|送:おく
空を見上げる;sora wo miageru;そらをみあげる;melihat ke atas langit;第6週;4日目;Hari ke-34;空:そら|見:み|上:あ
通りを見下ろす;tōri wo miorosu;とうりをみおろす;melihat ke jalan (melihat dari atas ke bawah);第6週;4日目;Hari ke-34;通:とう|見:み|下:お
急に立ち止まる;kyū ni tachitomaru;きゅうにたちとまる;tiba-tiba berhenti melangkah (sebelumnya jalan, lalu berhenti sambil berdiri);第6週;4日目;Hari ke-34;急:きゅう|立:た|止:と
ソファーから立ち上がる;sofākaratachiagaru;ソファーからたちあがる;berdiri dari duduk di sofa;第6週;4日目;Hari ke-34;立:た|上:あ
寺の前を通りかかる;tera no mae wo tōrikakaru;てらのまえをとうりかかる;melewati depan kuil, wihara (pas ketika ada di depan nya);第6週;4日目;Hari ke-34;寺:てら|前:まえ|通:とう
郵便局を通り過ぎる;yūbinkyoku wo tōrisugiru;ゆうびんきょくをとうりすぎる;melewati kantor pos (sudah melewati kantor pos);第6週;4日目;Hari ke-34;郵:ゆう|便:びん|局:きょく|通:とう|過:す
隣の人に話しかける;tonari no hito ni hanashikakeru;となりのひとにはなしかける;menyapa orang yang ada disamping;第6週;4日目;Hari ke-34;隣:となり|人:ひと|話:はな
田中さんと話し合う;tanakasantohanashiau;たなかさんとはなしあう;berdiskusi dengan tanaka-san;第6週;4日目;Hari ke-34;田:たな|中:か|話:はな|合:あ
話し合い;hanashiai;はなしあい;pembahasan;第6週;4日目;Hari ke-34;話:はな|合:あ
中村さんと知り合う;nakamurasantoshiriau;なかむらさんとしりあう;kenalan dengan tanaka-san;第6週;4日目;Hari ke-34;中:なか|村:むら|知:し|合:あ
知り合い;shiriai;しりあい;kenalan;第6週;4日目;Hari ke-34;知:し|合:あ
駅で待ち合わせる;eki de machiawaseru;えきでまちあわせる;janjian ketemu di stasiun;第6週;4日目;Hari ke-34;駅:えき|待:ま|合:あ
待ち合わせ;machiawase;まちあわせ;janji ketemu;第6週;4日目;Hari ke-34;待:ま|合:あ
電話で問い合わせる;denwa de toiawaseru;でんわでといあわせる;menanyakan di telepon (yang tidak jelas);第6週;4日目;Hari ke-34;電:でん|話:わ|問:と|合:あ
問い合わせ;toiawase;といあわせ;pertanyaan;第6週;4日目;Hari ke-34;問:と|合:あ
旅行会社に申し込む;ryokōgaisha ni mōshikomu;りょこうがいしゃにもうしこむ;mendaftar di agen perjalanan;第6週;4日目;Hari ke-34;旅:りょ|行:こう|会:がい|社:しゃ|申:もう|込:こ
申し込み;mōshikomi;もうしこみ;pendaftaran;第6週;4日目;Hari ke-34;申:もう|込:こ
申し込みを締め切る;mōshikomi wo shimekiru;もうしこみをしめきる;menutup batas pendaftaran;第6週;4日目;Hari ke-34;申:もう|込:こ|締:し|切:き
締め切り;shimekiri;しめきり;tenggat waktu;第6週;4日目;Hari ke-34;締:し|切:き
申し込みを受け付ける;mōshikomi wo uketsukeru;もうしこみをうけつける;menerima pendaftaran;第6週;4日目;Hari ke-34;申:もう|込:こ|受:う|付:つ
受付;uketsuke;うけつけ;resepsionis;第6週;4日目;Hari ke-34;受:うけ|付:つけ
荷物を受け取る;ni mo tsu wo uketoru;にもつをうけとる;menerima barang, paket;第6週;4日目;Hari ke-34;荷:に|物:もつ|受:う|取:と
受け取り;uketori;うけとり;penerimaan;第6週;4日目;Hari ke-34;受:う|取:と
電池を取り替える;denchi wo torikaeru;でんちをとりかえる;mengganti baterai;第6週;4日目;Hari ke-34;電:でん|池:ち|取:と|替:か
予約を取り消す;yoyaku wo torikesu;よやくをとりけす;membatalkan pesanan;第6週;4日目;Hari ke-34;予:よ|約:やく|取:と|消:け
取り消し;torikeshi;とりけし;pembatalan;第6週;4日目;Hari ke-34;取:と|消:け
CDを取り出す;cd wo toridasu;CDをとりだす;mengeluarkan CD;第6週;4日目;Hari ke-34;取:と|出:だ
子どもが飛び出す;kodomo gatobidasu;こどもがとびだす;anak meloncat keluar;第6週;4日目;Hari ke-34;子:こ|飛:と|出:だ
プールに飛び込む;pūru ni tobikomu;ぷーるにとびこむ;mencebur ke kolam renang;第6週;4日目;Hari ke-34;飛:と|込:こ
大学を出る;daigaku wo deru;だいがくをでる;lulus kuliah;第6週;5日目;Hari ke-35;大:だい|学:がく|出:で
会議に出る;kaigi ni deru;かいぎにでる;menghadiri rapat;第6週;5日目;Hari ke-35;会:かい|議:ぎ|出:で
食事が出る;shokujiga deru;しょくじがでる;tersedia makanan;第6週;5日目;Hari ke-35;食:しょく|事:じ|出:で
食事を出す;shokuji wo dasu;しょくじをだす;menghidangkan makanan;第6週;5日目;Hari ke-35;食:しょく|事:じ|出:だ
結論が出る;ketsuronga deru;けつろんがでる;sampai pada suatu kesimpulan;第6週;5日目;Hari ke-35;結:けつ|論:ろん|出:で
結論を出す;ketsuron wo dasu;けつろんをだす;menghasilkan kesimpulan;第6週;5日目;Hari ke-35;結:けつ|論:ろん|出:だ
元気が出る;genkiga deru;げんきがでる;semangatnya keluar;第6週;5日目;Hari ke-35;元:げん|気:き|出:で
元気を出す;genki wo dasu;げんきをだす;menyemangati, menguatkan diri;第6週;5日目;Hari ke-35;元:げん|気:き|出:だ
新製品が出る;shinseihinga deru;しんせいひんがでる;produk barunya keluar (dirilis);第6週;5日目;Hari ke-35;新:しん|製:せい|品:ひん|出:で
新製品を出す;shinseihin wo dasu;しんせいひんをだす;merilis produk baru;第6週;5日目;Hari ke-35;新:しん|製:せい|品:ひん|出:だ
芽が出る;mega deru;めがでる;tunasnya keluar;第6週;5日目;Hari ke-35;芽:め|出:で
芽を出す;me wo dasu;めをだす;menumbuhkan tunas;第6週;5日目;Hari ke-35;芽:め|出:だ
ボーナスが出る;bōnasuga deru;ぼーなすがでる;bonusnya keluar;第6週;5日目;Hari ke-35;出:で
ボーナスを出す;bōnasu wo dasu;ぼーなすをだす;memberi bonus;第6週;5日目;Hari ke-35;出:だ
ゴキブリが出る;gokiburi ga deru;ごきぶりがでる;mucul kecoa;第6週;5日目;Hari ke-35;出:で
新聞に名前が出る;shinbun ni namaega deru;しんぶんになまえがでる;namanya muncul di koran;第6週;5日目;Hari ke-35;新:しん|聞:ぶん|名:な|前:まえ|出:で
角を曲がると駅に出る;kaku wo magarutoeki ni deru;かくをまがるとえきにでる;begitu belok di belokan nanti keluar di stasiun;第6週;5日目;Hari ke-35;角:かく|曲:ま|駅:えき|出:で
財布を取る;saifu wo toru;さいふをとる;mencuri dompet;第6週;5日目;Hari ke-35;財:さい|布:ふ|取:と
財布を取りに戻る;saifu wo tori ni modoru;さいふをとりにもどる;kembali untuk mengambil dompet;第6週;5日目;Hari ke-35;財:さい|布:ふ|取:と|戻:もど
運転免許を取る;untenmenkyo wo toru;うんてんめんきょをとる;membuat SIM;第6週;5日目;Hari ke-35;運:うん|転:てん|免:めん|許:きょ|取:と
コピーを取る;kopī wo toru;こぴーをとる;memfotokopi;第6週;5日目;Hari ke-35;取:と
新聞を取る;shinbun wo toru;しんぶんをとる;langganan koran;第6週;5日目;Hari ke-35;新:しん|聞:ぶん|取:と
睡眠を取る;suimin wo toru;すいみんをとる;tidur;第6週;5日目;Hari ke-35;睡:すい|眠:みん|取:と
出席を取る;shusseki wo toru;しゅっせきをとる;mengecek kehadiran (melakukan absensi satu persatu);第6週;5日目;Hari ke-35;出:しゅっ|席:せき|取:と
連絡を取る;renraku wo toru;れんらくをとる;menghubungi;第6週;5日目;Hari ke-35;連:れん|絡:らく|取:と
連絡が取れる;renraku ga toreru;れんらくがとれる;bisa dihubungi;第6週;5日目;Hari ke-35;連:れん|絡:らく|取:と
痛みを取る;itami wo toru;いたみをとる;menghilangkan rasa sakit;第6週;5日目;Hari ke-35;痛:いた|取:と
痛みが取れる;itami ga toreru;いたみがとれる;rasa sakit hilang;第6週;5日目;Hari ke-35;痛:いた|取:と
ボタンが取れる;botan ga toreru;ぼたんがとれる;kancingnya lepas;第6週;5日目;Hari ke-35;取:と
新入社員を採る;shinnyū shain wo toru;しんにゅうしゃいんをとる;merekrut karyawan baru;第6週;5日目;Hari ke-35;新:しん|入:にゅう|社:しゃ|員:いん|採:と
鍵がかかっている;kagi ga kakatte iru;かぎがかかっている;terkunci;第6週;5日目;Hari ke-35;鍵:かぎ
鍵をかける;kagi wo kakeru;かぎをかける;mengunci;第6週;5日目;Hari ke-35;鍵:かぎ
病気にかかる;byōki ni kakaru;びょうきにかかる;terkena penyakit;第6週;5日目;Hari ke-35;病:びょう|気:き
医者にかかる;isha ni kakaru;いしゃにかかる;pergi ke dokter (minta diperiksa);第6週;5日目;Hari ke-35;医:い|者:しゃ
ボタンをかける;botan wo kakeru;ぼたんをかける;mengancingkan (menutup kancing);第6週;5日目;Hari ke-35;
外す;hazusu;はずす;membuka, melepas;第6週;5日目;Hari ke-35;外:はず
CDをかける;cd wo kakeru;CDをかける;menyalakan CD;第6週;5日目;Hari ke-35;
毛布をかける;mōfu wo kakeru;もうふをかける;memakai selimut;第6週;5日目;Hari ke-35;毛:もう|布:ふ
声をかける;koe wo kakeru;こえをかける;menyapa;第6週;5日目;Hari ke-35;声:こえ
声がかかる;koe ga kakaru;こえがかかる;dipanggil, diajak bicara;第6週;5日目;Hari ke-35;声:こえ
心配をかける;shinpai wo kakeru;しんぱいをかける;membuat khawatir;第6週;5日目;Hari ke-35;心:しん|配:ぱい
席を立つ;seki wo tatsu;せきをたつ;meninggalkan tempat duduk;第6週;6日目;Hari ke-36;席:せき|立:た
座る;suwaru;すわる;duduk;第6週;6日目;Hari ke-36;座:すわ
時間がたつ;jikan ga tatsu;じかんがたつ;waktu berlalu;第6週;6日目;Hari ke-36;時:じ|間:かん
うわさが立つ;uwasa ga tatsu;うわさがたつ;muncul rumor, gosip;第6週;6日目;Hari ke-36;立:た
予定を立てる;yotei wo tateru;よていをたてる;menyusun rencana;第6週;6日目;Hari ke-36;予:よ|定:てい|立:た
音を立てる;oto wo tateru;おとをたてる;mengeluarkan bunyi, membunyikan;第6週;6日目;Hari ke-36;音:おと|立:た
雨が上がる;ame ga agaru;あめがあがる;hujan reda, berhenti;第6週;6日目;Hari ke-36;雨:あめ|上:あ
どうぞお上がり;dōzo oagari;どうぞおあがり;silahkan masuk;第6週;6日目;Hari ke-36;上:あ
風呂から上がる;furo kara agaru;ふろからあがる;selesai mandi ofuro;第6週;6日目;Hari ke-36;風:ふ|呂:ろ|上:あ
物価が上がる;bukka ga agaru;ぶっかがあがる;harga barang naik;第6週;6日目;Hari ke-36;物:ぶっ|価:か|上:あ
効果が上がる;kōka ga agaru;こうかがあがる;efektivitas meningkat (hasil yg baik, meningkat);第6週;6日目;Hari ke-36;効:こう|果:か|上:あ
効果を上げる;kōka wo ageru;こうかをあげる;meningkatkan efektivitas;第6週;6日目;Hari ke-36;効:こう|果:か|上:あ
初めてのスピーチであがる;hajimete no supīchi de agaru;はじめてのすぴーちであがる;merasa tegang karena pidato pertama kali;第6週;6日目;Hari ke-36;初:はじ
例をあげる;rei wo ageru;れいをあげる;memberikan contoh;第6週;6日目;Hari ke-36;例:れい
結婚式をあげる;kekkonshiki wo ageru;けっこんしきをあげる;mengadakan upacara pernikahan;第6週;6日目;Hari ke-36;結:けっ|婚:こん|式:しき
熱が下がる;netsu ga sagaru;ねつがさがる;demamnya turun;第6週;6日目;Hari ke-36;熱:ねつ|下:さ
黄色い線の内側まで下がる;kīroi sen no uchigawa made sagaru;きいろいせんのうちがわまでさがる;mundur sampai ke dalam garis kuning;第6週;6日目;Hari ke-36;黄:き|色:いろ|線:せん|内:うち|側:がわ|下:さ
評判が下がる;hyōban ga sagaru;ひょうばんがさがる;reputasi menurun (menjadi tidak disukai);第6週;6日目;Hari ke-36;評:ひょう|判:ばん|下:さ
評判を下げる;hyōban wo sageru;ひょうばんをさげる;menurunkan reputasi;第6週;6日目;Hari ke-36;評:ひょう|判:ばん|下:さ
カーテンが下がる;kāten ga sagaru;かーてんがさがる;tirainya turun (dalam keadaan tertutup);第6週;6日目;Hari ke-36;下:さ
カーテンを下げる;kāten wo sageru;かーてんをさげる;menurunkan tirai;第6週;6日目;Hari ke-36;下:さ
買い物かごを下げる;kaimono kago wo sageru;かいものかごをさげる;menggunakan (membawa) keranjang belanja;第6週;6日目;Hari ke-36;買:か|物:もの|下:さ
一字下げて書く;ichiji sagete kaku;いちじさげてかく;menulis seperti membuat paragraf baru, baris pertama lebih kedalam;第6週;6日目;Hari ke-36;一:いち|字:じ|下:さ|書:か
テレビの音を下げる;terebi no oto wo sageru;てれびのおとをさげる;mengecilkan suara TV;第6週;6日目;Hari ke-36;音:おと|下:さ
泥がつく;doro ga tsuku;どろがつく;terkena lumpur;第6週;6日目;Hari ke-36;泥:どろ
傷がつく;kizu ga tsuku;きずがつく;terkena luka, terluka;第6週;6日目;Hari ke-36;傷:きず
傷をつける;kizu wo tsukeru;きずをつける;melukai, membuat luka;第6週;6日目;Hari ke-36;傷:きず
連絡がつく;renraku ga tsuku;れんらくがつく;terhubungi (berhasil dihubungi);第6週;6日目;Hari ke-36;連:れん|絡:らく
連絡をつける;renraku wo tsukeru;れんらくをつける;menghubungkan, mengatur kontak;第6週;6日目;Hari ke-36;連:れん|絡:らく
都合がつく;tsugō ga tsuku;つごうがつく;waktunya bisa diatur;第6週;6日目;Hari ke-36;都:つ|合:ごう
都合をつける;tsugō wo tsukeru;つごうをつける;mengatur waktu;第6週;6日目;Hari ke-36;都:つ|合:ごう
おまけがつく;omake ga tsuku;おまけがつく;dapat hadiah tambahan, bonus;第6週;6日目;Hari ke-36;
おまけをつける;omake wo tsukeru;おまけをつける;memberi bonus;第6週;6日目;Hari ke-36;
印をつける;in wo tsukeru;いんをつける;menandai, memberi tanda;第6週;6日目;Hari ke-36;印:いん
たばこに火をつける;tabako ni hi wo tsukeru;たばこにひをつける;menyalakan rokok (dengan api);第6週;6日目;Hari ke-36;火:ひ
火がつく;hi ga tsuku;ひがつく;menyala, terbakar;第6週;6日目;Hari ke-36;火:ひ
日記をつける;nikki wo tsukeru;にっきをつける;menulis buku harian;第6週;6日目;Hari ke-36;日:にっ|記:き