日本語;Romaji;Cara Baca;インドネシア語;Page;Furigana Segment
建築物;Kenchikubutsu;けんちくぶつ;Bangunan;6;建:けん|築:ちく|物:ぶつ
環境衛生管理;Kankyō Eisei Kanri;かんきょうえいせいかんり;Pengelolaan Lingkungan,Manajemen Kebersihan Lingkungan;6;環:かん|境:きょう|衛:えい|生:せい|管:かん|理:り
環境;Kankyō;かんきょう;Lingkungan;6;環:かん|境:きょう
衛生;Eisei;えいせい;Kebersihan;6;衛:えい|生:せい
管理;Kanri;かんり;Pengelolaan, Manajemen;6;管:かん|理:り
基準;Kijun;きじゅん;Standar;6;基:き|準:じゅん
空気;Kūki;くうき;Udara;6;空:くう|気:き
調整;Chōsei;ちょうせい;Penyesuaian;6;調:ちょう|整:せい
給水;Kyūsui;きゅうすい;Pasokan Air;6;給:きゅう|水:すい
排水;Haisui;はいすい;Pembuangan Air;6;排:はい|水:すい
清掃;Seisō;せいそう;Pembersihan;6;清:せい|掃:そう
昆虫;Konchū;こんちゅう;Hama, Serangga;6;昆:こん|虫:ちゅう
防除;Bōjo;ぼうじょ;Pengendalian Hama;6;防:ぼう|除:じょ
良好な;Ryōkōna;りょうこうな;Baik;6;良:りょう|好:こう
状態;Jōtai;じょうたい;Kondisi;6;状:じょう|態:たい
維持;Iji;いじ;Menjaga, Mempertahankan, Pemeliharaan;6;維:い|持:じ
業務;Gyōmu;ぎょうむ;Pekerjaan;6;業:ぎょう|務:む
快適;Kaiteki;かいてき;Nyaman;6;快:かい|適:てき
整備管理;Seibi Kanri;せいびかんり;Pengelolaan Fasilitas, Manajemen Pemeliharaan;6;整:せい|備:び|管:かん|理:り
警備;Keibi;けいび;Keamanan;6;警:けい|備:び
防犯防災;Bōhan Bōsai;ぼうはんぼうさい;Pencegahan Kebakaran, Pencegahan Kejahatan dan Bencana;6;防:ぼう|犯:はん|防:ぼう|災:さい
保つ;Tamotsu;たもつ;Menjaga, Mempertahankan;6;保:たもつ
不審者;Fushinsha;ふしんしゃ;Orang Mencurigakan;6;不:ふ|審:しん|者:しゃ
異常;Ijō;いじょう;Abnormal, Tidak Normal;6;異:い|常:じょう
巡回;Junkai;じゅんかい;Patroli;6;巡:じゅん|回:かい
設置;Setchi;せっち;Pemasangan, Penempatan;6;設:せっ|置:ち
監視;Kanshi;かんし;Pengawasan;6;監:かん|視:し
被害;Higai;ひがい;Korban, Kerusakan, Kerugian;6;被:ひ|害:がい
消防計画;Shōbō Keikaku;しょうぼうけいかく;Rencana Penanggulangan Kebakaran, Rencana Pemadam Kebakaran;6;消:しょう|防:ぼう|計:けい|画:かく
日ごろ;Higoro;ひごろ;Setiap Hari, Sehari-hari;6;日:ひ
点検;Tenken;てんけん;Pemeriksaan, Inspeksi;6;点:てん|検:けん

蛇口;Jaguchi;じゃぐち;Keran Air;7;蛇:じゃ|口:ぐち
貯める;Tameru;ためる;Mengumpulkan, Menyimpan, Menabung;7;貯:た
消毒;Shōdoku;しょうどく;Disinfeksi;7;消:しょう|毒:どく
定期的な;Teikiteki na;ていきてきな;Secara Berkala;7;定:てい|期:き|的:てき
二酸化炭素;Nisankatanso;にさんかたんそ;Karbon Dioksida;7;二:に|酸:さん|化:か|炭:たん|素:そ
一酸化単炭;Issankatanso;いっさんかたんそ;Karbon Monoksida;7;一:いち|酸:さん|化:か|単:たん|炭:そ
温度;Ondo;おんど;Suhu;7;温:おん|度:ど
湿度;Shitsudo;しつど;Kelembaban;7;湿:しつ|度:ど
基準値;Kijunchi;きじゅんち;Nilai Standar;7;基:き|準:じゅん|値:ち
罠;Wana;わな;Perangkap;7;罠:わな
仕掛け;Shikake;しかけ;Perangkap, Alat Perangkap;7;仕:し|掛:か
害虫;Gaichū;がいちゅう;Hama, Serangga Perusak;7;害:がい|虫:ちゅう
調査;Chōsa;ちょうさ;Penyelidikan, Penelitian, Survei;7;調:ちょう|査:さ
廊下;Rōka;ろうか;Koridor, Lorong;7;廊:ろう|下:か
義務室;Gimushitsu;ぎむしつ;Ruang Tugas, Ruang Kantor;7;義:ぎ|務:む|室:しつ
玄関付近;Genkan Fukin;げんかんふきん;Area Sekitar Pintu Masuk;7;玄:げん|関:かん|付:ふ|近:きん
清掃用機械;Seisōyō Kikai;せいそうようきかい;Mesin Pembersih;7;清:せい|掃:そう|用:よう|機:き|械:かい
常に;Tsune ni;つねに;Selalu;7;常:つね

設備機器;Setsubiki;せつびき;Peralatan, Perlengkapan, Fasilitas;8;設:せつ|備:び|機:き|器:き
正常;Seijō;せいじょう;Normal, Baik;8;正:せい|常:じょう
整備;Seibi;せいび;Pemeliharaan, Perawatan;8;整:せい|備:び
保全;Hozen;ほぜん;Pemeliharaan, Perawatan;8;保:ほ|全:ぜん
記録;Kiroku;きろく;Catatan, Rekaman;8;記:き|録:ろく
機器全体;Kiki Zentai;ききぜんたい;Seluruh Peralatan, Seluruh Fasilitas;8;機:き|器:き|全:ぜん|体:たい
幅広い;Habahiroi;はばひろい;Luas, Beragam, Beraneka Ragam;8;幅:はば|広:ひろ
知識;Chishiki;ちしき;Pengetahuan;8;知:ち|識:しき
専門技術;Senmon Gijutsu;せんもんぎじゅつ;Teknologi Khusus, Keahlian Khusus;8;専門:せんもん|技術:ぎじゅつ
資格者;Shikakusha;しかくしゃ;Orang yang Memiliki Kualifikasi, Orang yang Memiliki Sertifikasi;8;資格:しかく|者:しゃ
給茶業務;Kyūcha Gyōmu;きゅうちゃぎょうむ;Pekerjaan Penyajian Teh, Tugas Penyajian Teh;8;給:きゅう|茶:ちゃ|業:ぎょう|務:む
総合受付;Sōgō Uketsuke;そうごううけつけ;Penerimaan Umum, Resepsionis;8;総:そう|合:ごう|受:うけ|付:つけ
ちゅしゃ管理業務;Chusha Kanri Gyōmu;ちゅしゃかんりぎょうむ;Pekerjaan Manajemen Parkir, Tugas Manajemen Parkir;8;ちゅしゃ:ちゅしゃ|管理:かんり|業:ぎょう|務:む

天井;Tenjō;てんじょう;Langit-langit;24;天:てん|井:じょう
居室;Kyoshitsu;きょしつ;Ruang Hunian, Ruang Tempat Tinggal;24;居:きょ|室:しつ
仕上材;Shiage-zai;しあげざい;Bahan Finishing;24;仕:し|上:あげ|材:ざい
反響;Hankyō;はんきょう;Gema, Resonansi, Pantulan Suara;24;反:はん|響:きょう
岩綿;Ganmen;がんめん;Batu Kapas, Batu Serat;24;岩:がん|綿:めん
吸音板;Kyūonban;きゅうおんばん;Papan Penyerap Suara, Papan Peredam Suara;24;吸:きゅう|音:おん|板:ばん
用途;Yōto;ようと;Fungsi, Penggunaan;24;用:よう|途:と
石膏;Sekko;せっこう;Gipsum;24;石:せっ|膏:こう
石綿;Sekimen;せきめん;Asbes;24;石:せき|綿:めん
クロス貼り;Kurossu Hari;くろすばり;Pemasangan Wallpaper;24;貼:ば
塗装;Tosō;とそう;Pengecatan;24;塗:と|装:そう
施します;Hodokoshimasu;ほどこします;Menerapkan, Melakukan, Memberikan, Menyediakan;24;施:ほどこ
配線;Haisen;はいせん;Instalasi, Pengkabelan, Penataan Kabel;24;配:はい|線:せん
給排気用のダクター;Kyūhaiki-yō no Dakutā;きゅうはいきようのだくたー;Duct untuk Ventilasi, Duct untuk Sistem Ventilasi;24;給:きゅう|排:はい|気:き|用:よう|ダクター:だくたー
水管;Suikan;すいかん;Pipa Air;24;水:すい|管:かん
損傷;Sonshō;そんしょう;Kerusakan, Cacat, Kerugian;24;損:そん|傷:しょう
たわみ;Tawami;たわみ;Lendutan, Penyimpangan, Deformasi, Pembengkokan　(karena beban);24;
そり;Sori;そり;Penyimpangan, Deformasi, Pembengkokan (pada material);24;
しみ跡;Shimiato;しみあと;Noda, Bekas Noda;24;跡:あと
汚損;Oson;おそん;Kotor, Noda, Kerusakan, Kerugian, Cacat;24;汚:お|損:そん
色むら;Iromura;いろむら;Warna Tidak Merata, Perbedaan Warna, Noda Warna;24;色:いろ|むら
金属板;Kinzokuban;きんぞくばん;Lembaran Logam, Plat Logam;24;金:きん|属:ぞく|板:ばん
腐食;Fushoku;ふしょく;Korosi, Karat;24;腐:ふ|食:しょく
変形;Henkei;へんけい;Deformasi, Perubahan Bentuk;24;変:へん|形:けい
破損;Hason;はそん;Kerusakan, Cacat, Kerugian;24;破:は|損:そん
目視;Mokushi;もくし;Pemeriksaan Visual, Inspeksi Visual;24;目:もく|視:し
触診;Shokushin;しょくしん;Pemeriksaan dengan Sentuhan, Palpasi;24;触:しょく|診:しん
周期;Shūki;しゅうき;Siklus, Periode;24;周:しゅう|期:き
劣化;Rekka;れっか;Aus, Degradasi, Kerusakan, Penurunan Kualitas;24;劣:れっ|化:か
野縁;Nobuchi;のぶち;Bingkai Langit-langit, Rangka Langit-langit;24;野:の|縁:ぶち
修繕;Shūzen;しゅうぜん;Perbaikan, Perawatan, Pemeliharaan;24;修:しゅう|繕:ぜん
法令;Hōrei;ほうれい;Peraturan, Undang-Undang, Hukum;24;法:ほう|令:れい
某会性能;Bōkai Seino;ぼうかいせいのう;Kemampuan Tahan Terhadap Api, Kinerja Tahan Api, Kinerja Tahan Kebakaran;24;某:ぼう|会:かい|性能:せいのう
張り替え;Harikae;はりかえ;Penggantian, Pemasangan Ulang;24;張:は|替:か

内壁;Naikabe;ないへき;Dinding Interior, Dinding Dalam;26;内:ない|壁:へき
壁仕上げ材;Kabe Shiage-zai;かべしあげざい;Bahan Finishing Dinding;26;壁:かべ|仕:し|上:あ|材:ざい
胴縁;Dōbuchi;どうぶち;Rangka Dinding, Rangka Penopang Dinding;26;胴:どう|縁:ぶち
下地組;Shitaji Gumi;したじぐみ;Rangka Dasar, Rangka Penopang;26;下:した|地:じ|組:ぐみ
留め付ける;Tome Tsukeru;とめつける;Menempelkan, Memasang, Menyematkan;26;留:と|付:つ
接触;Sesshoku;せっしょく;Kontak, Sentuhan;26;接:せっ|触:しょく

自動ドア;Jidō Doa;じどうドア;Pintu Otomatis;32;自:じ|動:どう
制御基板;Seigyo Kiban;せいぎょきばん;Papan Kontrol, Papan Pengendali;32;制:せい|御:ぎょ|基:き|板:ばん
起動装置;Kidō Sōchi;きどうそうち;Perangkat Penggerak, Perangkat Aktuator;32;起:き|動:どう|装:そう|置:ち
合図;Aizu;あいず;Sinyal, Tanda;32;合:あい|図:ず
役割;Yakuwari;やくわり;Peran, Tugas, Fungsi;32;役:やく|割:わり
感知;Kanchi;かんち;Deteksi, Pendeteksian;32;感:かん|知:ち
停止;Teishi;ていし;Berhenti, Penghentian;32;停:てい|止:し
未然;Mizen;みぜん;Sebelum Terjadi, Pencegahan;32;未:み|然:ぜん
果たす;Hatasu;はたす;Memenuhi, Melaksanakan, Menjalankan;32;果:は
無目式;Mumokushiki;むもくしき;Tanpa Palang;32;無:む|目:もく|式:しき
上部;Jōbu;じょうぶ;Bagian Atas;32;上:じょう|部:ぶ
設置する;Secchi suru;せっちする;Memasang, Menempatkan, Mendirikan;32;設:せっ|置:ち
使用;Shiyō;しよう;Penggunaan;32;使:し|用:よう
商業施設;Shōgyō Shisetsu;しょうぎょうしせつ;Fasilitas Komersial;32;商:しょう|業:ぎょう|施:し|設:せつ
人感センサー;Jinkan Sensā;じんかんセンサー;Sensor Deteksi Manusia, Sensor Gerak;32;人:じん|感:かん
赤外線式;Sekigaisen-shiki;せきがいせんしき;Tipe Ultraviolet, Tipe Inframerah;32;赤:せき|外:がい|線:せん|式:しき
電波式;Denpa-shiki;でんぱしき;Tipe Gelombang Radio, Tipe Radio;32;電:でん|波:ぱ|式:しき
反応;Hannō;はんのう;Respon, Reaksi;32;反:はん|応:のう
触れる;Fureru;ふれる;Menyentuh, Tersentuh;32;触:ふ
メリット;Meritto;メリット;Kelebihan, Keuntungan, Manfaat;32;
デメリット;Demeritto;デメリット;Kekurangan, Kerugian, Kelemahan;32;
屋外;Okugai;おくがい;Luar Ruangan, Di Luar;32;屋:おく|外:がい
誤作動;Gosadō;ごさどう;Kesalahan Kerja Sensor, Kesalahan Operasi, Malfungsi;32;誤:ご|作:さ|動:どう
振動;Shindō;しんどう;Getaran, Vibrasi;32;振:しん|動:どう
面する;Mensuru;めんする;Menghadap, Berhadapan dengan;32;面:めん
区別;Kubetsu;くべつ;Perbedaan, Pembeda, Klasifikasi;32;区:く|別:べつ
旗;Hata;はた;Bendera;32;旗:はた
貼り付ける;Haritsukeru;はりつける;Menempelkan, Memasang, Menyematkan;32;貼:は|付:つ
限る;Kagiru;かぎる;Terbatas, Hanya, Membatasi;32;限:かぎ
飲食店;Inshokuten;いんしょくてん;Restoran, Tempat Makan dan Minum;32;飲:いん|食:しょく|店:てん
適する;Tekisuru;てきする;Cocok, Sesuai, Tepat;32;適:てき|する
感染症対策;Kansenshō Taisaku;かんせんしょうたいさく;Tindakan Pencegahan Penyakit Menular, Tindakan Pencegahan Infeksi;32;感:かん|染:せん|症:しょう|対:たい|策:さく
手かざし;Tekazashi;てかざし;Pendeteksian dengan Tangan, Deteksi dengan Tangan;32;手:て
非接触;Hisesshoku;ひせっしょく;Tanpa Kontak, Non-Kontak;32;非:ひ|接:せっ|触:しょく
感染症;Kansenshō;かんせんしょう;Penyakit Menular, Infeksi;32;感:かん|染:せん|症:しょう
防疫;Bōeki;ぼうえき;Pencegahan Wabah, Pencegahan Epidemi, Pencegahan Penyakit Menular;32;防:ぼう|疫:えき
有効;Yūkō;ゆうこう;Efektif, Valid, Berlaku;32;有:ゆう|効:こう
無線式;Musen-shiki;むせんしき;Tipe Nirkabel, Tipe Wireless;32;無:む|線:せん|式:しき
有線式;Yūsen-shiki;ゆうせんしき;Tipe Berkabel, Tipe Kabel;32;有:ゆう|線:せん|式:しき
幅;Haba;はば;Lebar;32;幅:はば
柱;Hashira;はしら;Tiang, Kolom;32;柱:はしら
反射;Hansha;はんしゃ;Refleksi, Pantulan, Reflektor;32;反:はん|射:しゃ
物体;Buttai;ぶったい;Benda, Objek;32;物:ぶつ|体:たい
近づける;Chikazukeru;ちかづける;Mendekatkan, Mendekati;32;近:ちか

重量;Jūryō;じゅうりょう;Berat;34;重:じゅう|量:りょう
軽量;Keiryō;けいりょう;Ringan;34;軽:けい|量:りょう
通常;Tsūjō;つうじょう;Normal, Biasa, Umum;34;通:つう|常:じょう
電動式;Dendō-shiki;でんどうしき;Sistem Elektrik, Tipe Elektrik, Tipe Bertenaga Listrik;34;電:でん|動:どう|式:しき
防火;Bōka;ぼうか;Pencegahan Kebakaran, Tahan Api, Tahan Kebakaran;34;防:ぼう|火:か
防煙区画;Bōen Kukaku;ぼうえんくかく;Zona Pengendali Asep, Area Tahan Asap;34;防:ぼう|煙:えん|区:く|画:かく
設ける;Mōkeru;もうける;Menyediakan, Mendirikan, Memasang;34;設:もう|ける
手動式;Shudō-shiki;しゅどうしき;Tipe Manual, Tipe Pengoperasian Manual;34;手:しゅ|動:どう|式:しき
自動閉鎖型;Jidō Heisagata;じどうへいさがた;Tipe Penutupan Otomatis;34;自:じ|動:どう|閉:へい|鎖:さ|型:がた
大空間;Daikūkan;だいくうかん;Ruang Besar, Area Besar;34;大:だい|空:くう|間:かん
分割区画;Bunkatsu Kukaku;ぶんかつくかく;Pembagian Area, Zona Terpisah, Area Terpisah;34;分:ぶん|割:かつ|区:く|画:かく
防煙;Bōen;ぼうえん;Tahan Asap, Pencegahan Asap;34;防:ぼう|煙:えん
周り;Mawari;まわり;Sekitar, Lingkungan, Sekeliling;34;周:まわ
火災;Kasai;かさい;Kebakaran;34;火:か|災:さい
降下;Kōka;こうか;Penurunan, Turun, Menurun;34;降:こう|下:か
点検;Tenken;てんけん;Pemeriksaan, Inspeksi;34;点:てん|検:けん
保守;Hoshu;ほしゅ;Pemeliharaan, Perawatan;34;保:ほ|守:しゅ
電動;Dendō;でんどう;Elektrik, Bertenaga Listrik;34;電:でん|動:どう
専門業者;Senmon Gyōsha;せんもんぎょうしゃ;Penyedia Jasa Profesional, Kontraktor Profesional;34;専門:せんもん|業:ぎょう|者:しゃ
定期的な;Teikiteki na;ていきてきな;Secara Berkala;34;定:てい|期:き|的:てき
契約;Keiyaku;けいやく;Kontrak, Perjanjian;34;契:けい|約:やく
点検周期;Tenken Shūki;てんけんしゅうき;Siklus Inspeksi, Periode Pemeriksaan;34;点:てん|検:けん|周:しゅう|期:き
劣化;Rekka;れっか;Aus, Degradasi, Kerusakan, Penurunan Kualitas;34;劣:れっ|化:か
対応;Taiō;たいおう;Tanggapan, Respon, Penanganan;34;対:たい|応:おう
不具合;Fuguai;ふぐあい;Kerusakan, Malfungsi, Cacat;34;不:ふ|具:ぐ|合:あい
発生;Hassei;はっせい;Terjadi, Muncul, Timbul;34;発:はっ|生:せい
巻きぐせ;Makiguse;まきぐせ;Bekas Gulungan, Bekas Melipat;34;巻:ま
下端;Katan;かたん;Tepi Bawah, Ujung Bawah;34;下:か|端:たん
回上下;Kaijōge;かいじょうげ;Naik Turun, Naik dan Turun;34;回:かい|上下:じょうげ
以外;Igai;いがい;Selain, Kecuali;34;以:い|外:がい
依頼;Irai;いらい;Permintaan, Permohonan, Tugas;34;依:い|頼:らい

水道水;Suidōsui;すいどうすい;Air Bersih, Air Keran, Air Ledeng;51;水:すい|道:どう|水:すい
水道排水管;Suidō Haisui-kan;すいどうはいすいかん;Pipa Distribusi Air Bersih;51;水:すい|道:どう|排:はい|水:すい|管:かん
分岐;Bunki;ぶんき;Cabang, Pembagian, Percabangan;51;分:ぶん|岐:き
給水管;Kyūsui-kan;きゅうすいかん;Pipa Suplai Air, Pipa Pasokan Air, Pipa Air Bersih;51;給:きゅう|水:すい|管:かん
直結水方式;Chokketsu Mizu Hōshiki;ちょっけつみずほうしき;Sistem Air Langsung, Sistem Air Terhubung Langsung;51;直:ちょく|結:けつ|水:みず|方式:ほうしき
貯水槽水道方式;Chosuisō Suidō Hōshiki;ちょすいそうすいどうほうしき;Sistem Air dengan Tangki Penyimpanan, Sistem Air dengan Tangki Penampungan;51;貯:ちょ|水:すい|槽:そう|水:すい|道:どう|方式:ほうしき
肝要;Kanyō;かんよう;Penting, Esensial, Krusial;51;肝:かん|要:よう
給水装置;Kyūsui Sōchi;きゅうすいそうち;Penyedian Air Bersih;51;給:きゅう|水:すい|装:そう|置:ち
基準;Kijun;きじゅん;Standar;51;基:き|準:じゅん
汚染防止;Osenshō;おせんしょう;Pencegahan Kontaminasi, Pencegahan Pencemaran, Pencegahan Polusi;51;汚:お|染:せん|防:しょう
浸出基準;Shinshutsu Kijun;しんしゅつきじゅん;Standar Batas Zat Yang Terlarut, Standar Infiltrasi, Standar Perkolasi;51;浸:しん|出:しゅつ|基:き|準:じゅん
破壊防止;Hakai Bōshi;はかいぼうし;Pencegahan Kerusakan, Pencegahan Perusakan;51;破:は|壊:かい|防:ぼう|止:し
水撃;Suigeki;すいげき;Tekanan Air Pada Pipa, Water Hammer;51;水:すい|撃:げき
耐えうり;Taeuri;たえうり;Tahan, Tahan Terhadap, Mampu Menahan;51;耐:た
浸食防止;Shinshoku Bōshi;しんしょくぼうし;Pencegahan Erosi, Pencegahan Pengikisan;51;浸:しん|食:しょく|防:ぼう|止:し
酸;San;さん;Asam;51;酸:さん
耐食性;Taishokusei;たいしょくせい;Ketahanan Korosi, Ketahanan Terhadap Korosi;51;耐:たい|食:しょく|性:せい
逆流防止;Gyaku Ryū Bōshi;ぎゃくりゅうぼうし;Pencegahan Aliran Balik, Pencegahan Backflow;51;逆:ぎゃく|流:りゅう|防:ぼう|止:し
凍結防止;Tōketsu Bōshi;とうけつぼうし;Pencegahan Pembekuan, Pencegahan Beku;51;凍:とう|結:けつ|防:ぼう|止:し
耐寒性能;Taikan Seino;たいかんせいのう;Kinerja Tahan Dingin, Kemampuan Tahan Dingin;51;耐:たい|寒:かん|性能:せいのう
工業用水;Kōgyōyōsui;こうぎょうようすい;Air untuk Keperluan Industri, Air Industri;51;工:こう|業:ぎょう|用:よう|水:すい
クロスコネクション防止;Kurosu Konekushon Bōshi;クロスコネクションぼうし;Pencegahan Cross Connection, Pencegahan Sambungan Silang;51;クロスコネクション:クロスコネクション|防:ぼう|止:し
地下水直接連結;Chikasui Chokusetsu Renketsu;ちかすいちょくせつれんけつ;Sambungan Langsung Air Tanah, Koneksi Langsung Air Bawah Tanah;51;地下:ちか|水:すい|直接:ちょくせつ|連結:れんけつ

受水槽;Jusuisō;じゅすいそう;Tangki Penampungan Air, Tangki Penyimpanan Air;53;受:じゅ|水:すい|槽:そう
照合住宅;Shōgō Jūtaku;しょうごうじゅうたく;Rumah Susun;53;照:しょう|合:ごう|住:じゅう|宅:たく
有効容量;Yūkō Yōryō;ゆうこうようりょう;Kapasitas Efektif, Kapasitas yang Dapat Digunakan;53;有:ゆう|効:こう|容:よう|量:りょう
簡易専用水道;Kani Senyō Suidō;かにせんようすいどう;Jaringan Air Minum Sederhana (Dengan Tangki);53;簡:かん|易:い|専:せん|用:よう|水:すい|道:どう
衛生的;Eiseiteki;えいせいてき;Higienis, Bersih, Sanitasi;53;衛:えい|生:せい|的:てき
設置者;Secchisha;せっちしゃ;Pihak Pemasang, Pemasangan;53;設:せっ|置:ち|者:しゃ
義務;Gimu;ぎむ;Kewajiban;53;義:ぎ|務:む
水量;Suiryō;すいりょう;Volume Air, Jumlah Air;53;水:すい|量:りょう
確保;Kakuho;かくほ;Menjamin, Memastikan (Ketersedian), Mengamankan;53;確:かく|保:ほ
圧力;Atsuryoku;あつりょく;Tekanan;53;圧:あつ|力:りょく
有効容量;Yūkō Yōryō;ゆうこうようりょう;Kapasitas Efektif, Kapasitas yang Dapat Digunakan;53;有:ゆう|効:こう|容:よう|量:りょう
最高水位;Saikō Suii;さいこうすいい;Tinggi Air Maksimal, Batas Atas Air;53;最:さい|高:こう|水:すい|位:い
滞留時間;Tairyū Jikan;たいりゅうじかん;Lamanya Air Tertahan (Dalam Tangki Atau Sistem), Waktu Retensi, Waktu Tertahan;53;滞:たい|留:りゅう|時間:じかん
減少;Genshō;げんしょう;Penurunan, Pengurangan, Degradasi;53;減:げん|少:しょう
雑菌;Zakkin;ざっきん;Bakteri, Kuman, Mikroorganisme;53;雑:ざっ|菌:きん

高架水槽;Kōka Suisō;こうかすいそう;Tangki Air di Atas Tanah, Tangki Air Tinggi, Tangki Air Atas;55;高:こう|架:か|水:すい|槽:そう
受水槽;Jusuisō;じゅすいそう;Tangki Penampungan Air, Tangki Penyimpanan Air;55;受:じゅ|水:すい|槽:そう
介する;Kaisuru;かいする;Melalui, Melintasi, Melibatkan;55;介:かい
水道水;Suidōsui;すいどうすい;Air Bersih, Air Keran, Air Ledeng;55;水:すい|道:どう|水:すい
一時的;Ichijiteki;いちじてき;Sementara, Sementara Waktu;55;一:いち|時:じ|的:てき
貯める;Tameru;ためる;Menyimpan, Menampung, Mengumpulkan;55;貯:た
設備;Setsubi;せつび;Peralatan, Fasilitas, Instalasi;55;設:せつ|備:び
重力;Jūryoku;じゅうりょく;Gravitasi, Gaya Gravitasi;55;重:じゅう|力:りょく
使用箇所;Shiyō Kasho;しようかしょ;Titik Penggunaan, Lokasi Penggunaan;55;使:し|用:よう|箇:か|所:しょ
給水;Kyūsui;きゅうすい;Pasokan Air, Penyediaan Air, Pemasokan Air;55;給:きゅう|水:すい
容量;Yōryō;ようりょう;Kapasitas, Volume;55;容:よう|量:りょう
程度;Teido;ていど;Tingkat, Derajat, Skala;55;程:てい|度:ど
目安;Meyasu;めやす;Panduan, Acuan, Indikator;55;目:め|安:やす
同様;Dōyō;どうよう;Sama, Serupa, Seperti;55;同:どう|様:よう
滞留時間;Tairyū Jikan;たいりゅうじかん;Lamanya Air Tertahan (Dalam Tangki Atau Sistem), Waktu Retensi, Waktu Tertahan;55;滞:たい|留:りゅう|時間:じかん
消毒;Shōdoku;しょうどく;Disinfeksi, Sterilisasi;55;消:しょう|毒:どく
効果;Kōka;こうか;Efek, Hasil, Manfaat;55;効:こう|果:か
雑菌;Zakkin;ざっきん;Bakteri, Kuman, Mikroorganisme;55;雑:ざっ|菌:きん
汚染;Osen;おせん;Kontaminasi, Pencemaran, Polusi;55;汚:お|染:せん
水位制御方式;Suii Seigyo Hōshiki;すいいせいぎょほうしき;Sistem Pengendalian Ketinggian Air, Sistem Kontrol Level Air;55;水:すい|位:い|制:せい|御:ぎょ|方式:ほうしき
対;Tai;たい;Tanggapan, Respon, Penanganan;55;対:たい
高置水槽;Kōchi Suisō;こうちすいそう;Tangki Air Tinggi, Tangki Air di Atas Tanah;55;高:こう|置:ち|水:すい|槽:そう
揚水;Yōsui;ようすい;Pemompaan Air, Pengangkatan Air;55;揚:よう|水:すい
油膜;Yumaku;ゆまく;Lapisan Minyak, Lapisan Oli;55;油:ゆ|膜:まく
付着;Fuchaku;ふちゃく;Menempel, Adherensi, Keterikatan;55;付:ふ|着:ちゃく
導通不良;Dōtsū Furyō;どうつうふりょう;Kegagalan Konduksi, Gangguan Konduksi, Kegagalan Listrik;55;導:どう|通:つう|不:ふ|良:りょう
水位;Suii;すいい;Ketinggian Air, Level Air;55;水:すい|位:い
制御;Seigyo;せいぎょ;Kontrol, Pengendalian;55;制:せい|御:ぎょ
機能;Kinō;きのう;Fungsi, Kemampuan, Kinerja;55;機:き|能:のう
簡易専用水道;Kani Senyō Suidō;かにせんようすいどう;Jaringan Air Minum Sederhana (Dengan Tangki);55;簡:かん|易:い|専:せん|用:よう|水:すい|道:どう
検査;Kensa;けんさ;Pemeriksaan, Inspeksi;55;検:けん|査:さ
清掃;Seisō;せいそう;Pembersihan;55;清:せい|掃:そう
義務;Gimu;ぎむ;Kewajiban;55;義:ぎ|務:む
通気口;Tsūkikō;つうきこう;Ventilasi, Lubang Ventilasi;55;通:つう|気:き|口:こう
マンホール;Manhōru;マンホール;Lubang Inspeksi, Lubang Akses, Manhole;55;
電極座;Denkyokuzā;でんきょくざ;Soket Elektroda, Dudukan Elektroda;55;電:でん|極:きょく|座:ざ
電極棒;Denkyokubō;でんきょくぼう;Elektrode, Batang Elektroda;55;電:でん|極:きょく|棒:ぼう
梯子;Hashigo;はしご;Tangga, Ladder;55;梯:はし|子:ご
オーバーフロー管;Ōbāfurō-kan;オーバーフロー管;Pipa Limpasan, Pipa Overflow;55;管:かん
防虫網;Bōchūmō;ぼうちゅうもう;Kasa Nyamuk, Jaring Anti Serangga;55;防:ぼう|虫:ちゅう|網:もう
給水管;Kyūsui-kan;きゅうすいかん;Pipa Suplai Air, Pipa Pasokan Air, Pipa Air Bersih;55;給:きゅう|水:すい|管:かん
各階へ給水;Kakkai e Kyūsui;かっかいへきゅうすい;Pasokan Air ke Setiap Lantai, Pemasokan Air ke Setiap Lantai;55;各:かく|階:かい|給:きゅう|水:すい
揚水管;Yōsuikan;ようすいかん;Pipa Pemompaan Air, Pipa Pengangkatan Air;55;揚:よう|水:すい|管:かん
揚水ポンプより;Yōsui Ponpu yori;ようすいポンプより;Dari Pompa Pemompaan Air, Dari Pompa Pengangkatan Air;55;揚:よう|水:すい
水抜き穴;Mizunuki Ana;みずぬきあな;Lubang Pembuangan Air, Lubang Pengurasan Air;55;水:みず|抜:ぬ|穴:あな
構造;Kōzō;こうぞう;Struktur, Konstruksi;55;構:こう|造:ぞう
揚水ユニットより;Yōsui Yunitto yori;ようすいユニットより;Dari Unit Pemompaan Air, Dari Unit Pengangkatan Air;55;揚:よう|水:すい
制御盤;Seigyoban;せいぎょばん;Panel Kontrol, Papan Kontrol;55;制:せい|御:ぎょ|盤:ばん
定水位弁;Teisuii Ben;ていすいいべん;Katup Ketinggian Air Tetap, Katup Pengatur Ketinggian Air;55;定:てい|水:すい|位:い|弁:べん
ボールタップ;Bōru Tappu;ボールタップ;Katup Bola, Katup Keran Bola;55;

原理;Genri;げんり;Prinsip (Dasar);57;原:げん|理:り
羽根車;Hanesha;はねしゃ;Roda Berbilah Pada Pompa Air, Kincir Air, Turbin Air;57;羽:は|根:ね|車:しゃ
使用用途;Shiyō Yōto;しようようと;Tujuan Penggunaan, Fungsi Penggunaan;57;使:し|用:よう|用:と
振動;Shindō;しんどう;Getaran, Vibrasi;57;振:しん|動:どう
委託;Itaku;いたく;Penugasan, Penyerahan Tugas, Pendelegasian;57;委:い|託:たく
圧力計;Atsuryokukei;あつりょくけい;Alat Pengukur Tekanan, Manometer;57;圧:あつ|力:りょく|計:けい
電流計;Denryūkei;でんりゅうけい;Alat Pengukur Arus Listrik, Amperemeter;57;電:でん|流:りゅう|計:けい

給水栓;Kyūsuisen;きゅうすいせん;Keran Air, Kran Air, Faucet Air;59;給:きゅう|水:すい|栓:せん
末端;Mattan;まったん;Ujung, Tepi, Akhir;59;末:ま|端:たん
青銅;Seidō;せいどう;Perunggu, Tembaga, Kuningan;59;青:せい|銅:どう
銅合金;Dōgōkin;どうごうきん;Paduan Tembaga, Logam Campuran Tembaga;59;銅:どう|合:ごう|金:きん
金属製;Kinzokusei;きんぞくせい;Terbuat dari Logam, Berbahan Logam;59;金:きん|属:ぞく|製:せい
単水栓;Tansuisen;たんすいせん;Keran Air Tunggal, Kran Air Tunggal;59;単:たん|水:すい|栓:せん
構造;Kōzō;こうぞう;Struktur, Konstruksi;59;構:こう|造:ぞう
混合栓;Kongōsen;こんごうせん;Keran Air Campuran, Kran Air Gabungan;59;混:こん|合:ごう|栓:せん

大便器;Daibenki;だいべんき;Toilet Duduk, Toilet Besar;61;大:だい|便:べん|器:き
和式;Washiki;わしき;Gaya Jepang, Gaya Tradisional Jepang;61;和:わ|式:しき
洋式;Yōshiki;ようしき;Gaya Barat, Gaya Eropa;61;洋:よう|式:しき
分類;Bunrui;ぶんるい;Klasifikasi, Kategori;61;分:ぶん|類:るい
便器;Benki;べんき;Toilet, Wastafel, Urinoir;61;便:べん|器:き
洗浄;Senjō;せんじょう;Pembersihan, Pencucian, Pembilasan;61;洗:せん|浄:じょう
洗浄弁;Senjōben;せんじょうべん;Katup Pembersih, Katup Pembilasan;61;洗:せん|浄:じょう|弁:べん
フラッシュバルブ;Furasshu Barubu;フラッシュバルブ;Katup Siram, Katup Flush, Katup Pembilasan;61;
用いる;Mochiiru;もちいる;Menggunakan, Memakai, Memanfaatkan;61;用:もち
誤って;Ayamatte;あやまって;Secara Tidak Sengaja, Secara Keliru, Secara Tidak Disengaja;61;誤:あやま
異物;Ibutsu;いぶつ;Benda Asing, Benda yang Tidak Diinginkan;61;異:い|物:ぶつ
詰まり;Tsumari;つまり;Penyumbatan, Tersumbat, Tersendat;61;詰:つ|まり
溶ける;Tokeru;とける;Meleleh, Larut, Mencair;61;溶:と
ロータンク;Rōtank;ロータンク;Tangki Toilet, Tangki Air Toilet;61;
フロート弁;Furōto Ben;フロートべん;Katup Pelampung, Katup Apung;61;
ボールタップ;Bōru Tappu;ボールタップ;Katup Bola, Katup Keran Bola;61;
止水不良;Shisui Furyō;しすいふりょう;Kegagalan Penutupan Air, Kebocoran, Malfungsi Penutupan Air;61;止:し|水:すい|不:ふ|良:りょう
漏水;Rōsui;ろうすい;Kebocoran Air, Bocor;61;漏:ろう|水:すい
程度;Teido;ていど;Tingkat, Derajat, Skala;61;程:てい|度:ど
和風;Wafū;わふう;Gaya Jepang, Gaya Tradisional Jepang;61;和:わ|風:ふう
洋風;Yōfū;ようふう;Gaya Barat, Gaya Eropa;61;洋:よう|風:ふう
洗い出し式;Arai-dashi-shiki;あらいだし式;Sistem Pembilasan, Tipe Pembilasan;61;洗:あら|出:だ|式:しき
サイホン式;Saihon-shiki;サイホン式;Sistem Sifon, Tipe Sifon;61;式:しき
サイホンゼット式;Saihon Zetto-shiki;サイホンゼット式;Sistem Sifon Z, Tipe Sifon Z;61;式:しき
洗い落し式;Arai-otoshi-shiki;あらいおとし式;Sistem Pembilasan, Tipe Pembilasan;61;洗:あら|落:おと|式:しき
浮玉;Ukidama;うきだま;Pelampung, Bola Apung;61;浮:うき|玉:だま
浮玉指示棒;Ukidama Shijibō;うきだましじぼう;Tongkat Penunjuk Pelampung, Tongkat Indikator Pelampung;61;浮:うき|玉:だま|指:し|示:じ|棒:ぼう
鎖;Kusari;くさり;Rantai;61;鎖:くさり
止水栓;Shisuisen;しすいせん;Katup Penutup Air, Katup Shut-off Air;61;止:し|水:すい|栓:せん
給水弁;Kyūsui Ben;きゅうすいべん;Katup Pasokan Air, Katup Pemasokan Air;61;給:きゅう|水:すい|弁:べん
流量調節弁;Ryūryō Chōsetsu Ben;りゅうりょうちょうせつべん;Katup Pengatur Aliran, Katup Pengontrol Aliran;61;流:りゅう|量:りょう|調:ちょう|節:せつ|弁:べん

小便器;Shōbenki;しょうべんき;Urinoir, Toilet Kecil;63;小:しょう|便:べん|器:き
壁掛式;Kabekake-shiki;かべかけしき;Tipe Digantung di Dinding, Tipe Dinding, Tipe Gantung;63;壁:かべ|掛:かけ|式:しき
床置式;Yukaoki-shiki;ゆかおきしき;Tipe Diletakkan di Lantai, Tipe Lantai, Tipe Berdiri;63;床:ゆか|置:おき|式:しき
陶製;Tōsei;とうせい;Terbuat dari Keramik, Berbahan Keramik;63;陶:とう|製:せい
排水;Haisui;はいすい;Pembuangan Air, Pembuangan;63;排:はい|水:すい
壁掛形;Kabekake-gata;かべかけがた;Tipe Digantung di Dinding, Tipe Dinding, Tipe Gantung;63;壁:かべ|掛:かけ|形:がた
本体;Hontai;ほんたい;Badan Utama, Unit Utama;63;本:ほん|体:たい
一体;Ittai;いったい;Satu Kesatuan, Terintegrasi;63;一:いっ|体:たい
構造;Kōzō;こうぞう;Struktur, Konstruksi;63;構:こう|造:ぞう
除去;Jokyo;じょきょ;Penghapusan, Pembuangan, Pembersihan;63;除:じょ|去:きょ
洗浄水不足;Senjōsui Busoku;せんじょうすいぶそく;Jumlah Air Tidak Cukup, Kekurangan Air Pembersih;63;洗:せん|浄:じょう|水:すい|不:ぶ|足:そく
尿石;Nyōseki;にょうせき;Kerak Urin, Batu Urin, Endapan Urin;63;尿:にょう|石:せき
塩類;Enrui;えんるい;Garam, Mineral, Zat Garam;63;塩:えん|類:るい
固まる;Katamaru;かたまる;Mengeras, Membeku;63;固:かた
こびりつき;Kobiritsuki;こびりつき;Menempel, Melekat, Tertempel;63;
目隠し;Mekakushi;めかくし;Penutup Mata, Tirai, Penyekat;63;目:め|隠:かく
袖;Sode;そで;Lengan, Sisi, Bagian Samping;63;袖:そで
上図;Jōzu;じょうず;Gambar di Atas, Ilustrasi di Atas;63;上:じょう|図:ず
常に;Tsune ni;つねに;Selalu, Secara Terus-Menerus, Secara Konsisten;63;常:つね
清潔;Seiketsu;せいけつ;Bersih, Higienis, Sanitasi;63;清:せい|潔:けつ
保ち;Tamochi;たもち;Mempertahankan, Menjaga, Memelihara;63;保:たも
不快感;Fukaikan;ふかいかん;Perasaan Tidak Nyaman, Ketidaknyamanan;63;不:ふ|快:かい|感:かん
接続;Setsuzoku;せつぞく;Koneksi, Sambungan, Hubungan;63;接:せつ|続:ぞく
維持;Iji;いじ;Pemeliharaan, Perawatan, Menjaga;63;維:い|持:じ
記す;Shirusu;しるす;Mencatat, Menulis, Merekam;63;記:しる
適正;Tekisei;てきせい;Kesesuaian, Kelayakan, Kecocokan;63;適:てき|正:せい
洗浄;Senjō;せんじょう;Pembersihan, Pencucian, Pembilasan;63;洗:せん|浄:じょう
水量;Suiryō;すいりょう;Volume Air, Jumlah Air;63;水:すい|量:りょう
務める;Tsutomeru;つとめる;Bertugas, Bekerja, Berperan;63;務:つと
自動洗浄;Jidō Senjō;じどうせんじょう;Pencucian Otomatis, Pembersihan Otomatis, Pembilasan Otomatis;63;自:じ|動:どう|洗:せん|浄:じょう
調節スピンドル;Chōsetsu Supindoru;ちょうせつスピンドル;Spindle Pengatur, Poros Pengatur;63;調:ちょう|節:せつ
チャッキスピンドル;Chakki Supindoru;チャッキスピンドル;Spindle Katup, Poros Katup;63;
本体カバー;Hontai Kabā;ほんたいカバー;Penutup Unit Utama, Penutup Badan Utama;63;本:ほん|体:たい
カバー下パッキン;Kabā Shita Pakkin;カバーしたパッキン;Paking di Bawah Penutup, Paking di Bawah Cover;63;下:した
ピストン部;Pisuton Bu;ピストンぶ;Bagian Piston, Komponen Piston;63;
スプリング;Supuringu;スプリング;Pegas, Spring;63;
フラッシュバルブ本体;Furasshu Barubu Hontai;フラッシュバルブほんたい;Unit Utama Katup Siram, Badan Utama Katup Flush;63;本:ほん|体:たい
押ボタン部;Oshibotan Bu;おしボタンぶ;Bagian Tombol Tekan, Komponen Tombol Tekan;63;押:おし|部:ぶ
洗浄弁構造図;Senjōben Kōzōzu;せんじょうべんこうぞうず;Diagram Struktur Katup Pembersih, Gambar Struktur Katup Pembilasan;63;洗:せん|浄:じょう|弁:べん|構:こう|造:ぞう|図:ず

給湯器;Kyūtōki;きゅうとうき;Pemanas Air, Water Heater;65;給:きゅう|湯:とう|器:き
加熱器;Kanetsuki;かねつき;Pemanas, Alat Pemanas;65;加:か|熱:ねつ|器:き
加熱;Kanetsu;かねつ;Pemanasan, Pemanas;65;加:か|熱:ねつ
入浴用;Nyūyokuyō;にゅうよくよう;Untuk Mandi, Untuk Berendam, Untuk Mandi dan Berendam;65;入:にゅう|浴:よく|用:よう
大型温水機器;Ōgata Onsui Kiki;おおがたおんすいきき;Peralatan Air Panas Ukuran Besar, Peralatan Air Panas Berukuran Besar;65;大:おお|型:がた|温:おん|水:すい|機:き|器:き
容量;Yōryō;ようりょう;Kapasitas;65;容:よう|量:りょう
瞬間湯沸器;Shunkan Yuwakashi-ki;しゅんかんゆわかしき;Pemanas Air Instan, Pemanas Air Seketika;65;瞬:しゅん|間:かん|湯:ゆ|沸:わかし|器:き
小型電気温水器;Kogata Denki Onsui-ki;こがたでんきおんすいき;Pemanas Air Listrik Ukuran Kecil, Pemanas Air Listrik Mini;65;小:こ|型:がた|電:でん|気:き|温:おん|水:すい|器:き
貯湯式電気温水器;Chotōshiki Denki Onsui-ki;ちょとうしきでんきおんすいき;Pemanas Air Listrik dengan Tangki Penyimpanan, Pemanas Air Listrik Tipe Tangki;65;貯:ちょ|湯:とう|式:しき|電:でん|気:き|温:おん|水:すい|器:き
中小規模施設;Chūshō Kibo Shisetsu;ちゅうしょうきぼしせつ;Fasilitas Skala Kecil dan Menengah;65;中:ちゅう|小:しょう|規:き|模:ぼ|施:し|設:せつ
湯沸器;Yuwakashi-ki;ゆわかしき;Pemanas Air, Water Heater;65;湯:ゆ|沸:わかし|器:き
爆発;Bakuhatsu;ばくはつ;Ledakan, Meledak;65;爆:ばく|発:はつ
換気不足;Kanki Busoku;かんきぶそく;Kurangnya Ventilasi, Kekurangan Ventilasi;65;換:かん|気:き|不足:ぶそく
惨事;Sanji;さんじ;Tragedi, Bencana, Kejadian Mengerikan;65;惨:さん|事:じ
操作;Sōsa;そうさ;Operasi, Pengoperasian;65;操:そう|作:さ
不調;Fuchō;ふちょう;Gangguan, Kerusakan, Malfungsi, Tidak Berfungsi dengan Baik;65;不:ふ|調:ちょう
ガス瞬間湯沸器;Gas Shunkan Yuwakashi-ki;ガスしゅんかんゆわかしき;Pemanas Air Gas Instan, Pemanas Air Gas Seketika;65;瞬:しゅん|間:かん|湯:ゆ|沸:わかし|器:き
電気温水器;Denki Onsui-ki;でんきおんすいき;Pemanas Air Listrik, Water Heater Listrik;65;電:でん|気:き|温:おん|水:すい|器:き
ヒートポンプ式給湯器;Hīto Ponpu-shiki Kyūtōki;ヒートポンプしききゅうとうき;Pemanas Air Tipe Heat Pump, Pemanas Air dengan Sistem Heat Pump;65;式:しき|給:きゅう|湯:とう|器:き
小型電気瞬間給湯器;Kogata Denki Shunkan Kyūtōki;こがたでんきしゅんかんきゅうとうき;Pemanas Air Listrik Instan Ukuran Kecil, Pemanas Air Listrik Seketika Ukuran Kecil;65;小:こ|型:がた|電:でん|気:き|瞬:しゅん|間:かん|給:きゅう|湯:とう|器:き

排水設備;Haisui Setsubi;はいすいせつび;Peralatan Pembuangan Air Limbah, Sistem Pembuangan Air;67;排:はい|水:すい|設:せつ|備:び
水洗トイレ;Suisen Toire;すいせんといれ;Toilet Air, Toilet Flush, Toilet Siram;67;水:すい|洗:せん
汚水;Osui;おすい;Air Kotor, Air Limbah, Air Buangan;67;汚:お|水:すい
手洗器;Tearaiki;てあらいき;Wastafel, Tempat Cuci Tangan;67;手:て|洗:あらい|器:き
厨房;Chūbō;ちゅうぼう;Dapur;67;厨:ちゅう|房:ぼう
雑排水;Zatsuhaisui;ざつはいすい;Air Limbah Non-Toilet, Air Limbah Campuran, Air Limbah Beragam;67;雑:ざつ|排:はい|水:すい
屋根;Yane;やね;Atap, Genteng;67;屋:や|根:ね
敷地内;Shikichinai;しきちない;Di Dalam Area, Di Dalam Lokasi, Di Dalam Situs;67;敷:しき|地:ち|内:ない
雨水;Amamizu;あまみず;Air Hujan, Air Gerimis;67;雨:あま|水:みず
下水道管;Gesuidōkan;げすいどうかん;Pipa Saluran Pembuangan Air Limbah, Pipa Saluran Air Limbah;67;下:げ|水:すい|道:どう|管:かん
屋内;Okunai;おくない;Di Dalam Ruangan, Indoor;67;屋:おく|内:ない
通気管;Tsūki-kan;つうきかん;Pipa Ventilasi, Pipa Udara, Pipa Pengudaraan;67;通:つう|気:き|管:かん
阻集器;Soshūki;そしゅうき;Alat Penangkap, Perangkat Penyaring, Perangkat Pengumpul;67;阻:そ|集:しゅう|器:き
グリーストラップ;Gurīsu Torappu;グリーストラップ;Perangkap Lemak, Perangkap Minyak, Perangkap Grease;67;
排水桝;Haisui Masu;はいすいます;Bak Kontrol, Kotak Pembuangan Air, Kotak Saluran Air, Kotak Pembuangan;67;排:はい|水:すい|桝:ます
埋設排水管;Maisetsu Haisui-kan;まいせつはいすいかん;Pipa Pembuangan Air yang Tertanam, Pipa Pembuangan Air yang Dikebumikan;67;埋:まい|設:せつ|排:はい|水:すい|管:かん
側溝;Sokō;そこう;Saluran Air, Parit, Selokan;67;側:そ|溝:こう
整備;Seibi;せいび;Pemeliharaan, Perawatan, Penataan;67;整:せい|備:び
地域;Chiiki;ちいき;Wilayah, Daerah, Area;67;地:ち|域:いき
合流方式;Gōryū Hōshiki;ごうりゅうほうしき;Sistem Penggabungan, Sistem Penyatuan, Sistem Gabungan;67;合:ごう|流:りゅう|方:ほう|式:しき
分流方式;Bunryū Hōshiki;ぶんりゅうほうしき;Sistem Pemisahan, Sistem Pembagian, Sistem Terpisah;67;分:ぶん|流:りゅう|方:ほう|式:しき
臭い;Kusai;くさい;Bau, Bau Tidak Sedap, Bau Busuk;67;臭:くさ
害虫;Gaichū;がいちゅう;Hama, Serangga Perusak;67;害:がい|虫:ちゅう
侵入;Shinnyū;しんにゅう;Penyusupan, Masuk, Invasi;67;侵:しん|入:にゅう
混入;Konnyū;こんにゅう;Tercampur, Pencampuran, Pencampur, Pencemaran;67;混:こん|入:にゅう
防止する;Bōshi suru;ぼうしする;Mencegah, Mencegah Terjadinya, Menghindari;67;防:ぼう|止:し
阻害;Sogai;そがい;Hambatan, Gangguan, Rintangan;67;阻:そ|害:がい
維持管理;Ijikanri;いじかんり;Pemeliharaan dan Pengelolaan, Manajemen dan Pemeliharaan;67;維:い|持:じ|管:かん|理:り
補修;Hoshu;ほしゅ;Perbaikan, Pemeliharaan, Perawatan;67;補:ほ|修:しゅ
洗面器;Senmenki;せんめんき;Wastafel, Tempat Cuci Muka;67;洗:せん|面:めん|器:き
横引き管;Yokobiki-kan;よこびきかん;Pipa Horizontal, Pipa Lateral, Pipa Samping;67;横:よこ|引:び|管:かん
立て管;Tatekkan;たてかん;Pipa Vertikal, Pipa Tegak, Pipa Berdiri;67;立:た|管:かん
通気管;Tsūki-kan;つうきかん;Pipa Ventilasi, Pipa Udara, Pipa Pengudaraan;67;通:つう|気:き|管:かん
床排水;Yuka Haisui;ゆかはいすい;Pembuangan Air di Lantai, Saluran Air di Lantai;67;床:ゆか|排:はい|水:すい
公共下水道;Kōkyō Gesuidō;こうきょうげすいどう;Sistem Pembuangan Air Limbah Umum, Sistem Saluran Pembuangan Air Limbah Umum;67;公共:こうきょう|下:げ|水:すい|道:どう
下水道;Gesuidō;げすいどう;Sistem Pembuangan Air Limbah, Sistem Saluran Pembuangan Air Limbah;67;下:げ|水:すい|道:どう
地下排水槽;Chika Haisui-sō;ちかはいすいそう;Tangki Pembuangan Air Bawah Tanah, Tangki Pembuangan Air di Bawah Tanah;67;地:ち|下:か|排:はい|水:すい|槽:そう
例;Rei;れい;Contoh, Contoh Kasus, Ilustrasi;67;例:れい

屋内排水設備;Okunai Haisui Setsubi;おくないはいすいせつび;Sistem Pembuangan Air Limbah Dalam Ruangan, Sistem Pembuangan Air Limbah Indoor;67;屋:おく|内:ない|排:はい|水:すい|設:せつ|備:び
系統;Keitō;けいとう;Sistem, Rangkaian, Jalur, Jaringan;71;系:けい|統:とう
方式;Hōshiki;ほうしき;Sistem, Metode, Cara;71;方:ほう|式:しき
重力式;Jūryoku-shiki;じゅうりょくしき;Sistem Gravitasi, Sistem Berbasis Gravitasi;71;重:じゅう|力:りょく|式:しき
自然流下式;Shizen Ryūka-shiki;しぜんりゅうかしき;Sistem Aliran Gravitasi, Sistem Aliran Alamiah;71;自然:しぜん|流:りゅう|下:か|式:しき
低位排水;Teii Haisui;ていいはいすい;Pembuangan Air Rendah, Pembuangan Air di Bawah;71;低:てい|位:い|排:はい|水:すい
破封;Hafū;はふう;Pecah Segel, Pecah Penutup, Rusak Penutup;71;破:は|封:ふう
悪臭封水;Akushū Fūsui;あくしゅうふうすい;Air Penahan Bau, Air Penutup Bau Tidak Sedap;71;悪:あく|臭:しゅう|封:ふう|水:すい
現象;Genshō;げんしょう;Fenomena, Gejala, Kejadian;71;現:げん|象:しょう
椀トラップ;Wan Torappu;わんとらっぷ;Trap Mangkuk, Sifon Mangkuk;71;椀:わん
お椀型;Owan-gata;おわんがた;Bentuk Mangkuk, Tipe Mangkuk;71;椀:わん|型:がた
蒸発;Jōhatsu;じょうはつ;Penguapan, Evaporasi;71;蒸:じょう|発:はつ
封水;Fūsui;ふうすい;Air Penutup, Air Penahan, Air Sifon;71;封:ふう|水:すい
缶;Kan;かん;Kaleng, Tabung, Drum;71;缶:かん

及び;Oyobi;および;Dan, Serta, Juga;73;及:およ
支障;Shishō;ししょう;Gangguan, Hambatan, Masalah;73;支:し|障:しょう
物質;Busshitsu;ぶっしつ;Zat, Bahan, Material;73;物:ぶっ|質:しつ
除去;Jokyo;じょきょ;Penghapusan, Pembuangan, Penyingkiran;73;除:じょ|去:きょ
調理;Chōri;ちょうり;Memasak, Memasak Makanan;73;調:ちょう|理:り
有害;Yūgai;ゆうがい;Berbahaya, Merugikan, Beracun;73;有:ゆう|害:がい
油脂;Yushi;ゆし;Lemak, Minyak, Lipid;73;油:ゆ|脂:し
排出する;Haishutsu suru;はいしゅつする;Mengeluarkan, Membuang, Menghasilkan;73;排:はい|出:しゅつ
内面;Naimen;ないめん;Bagian Dalam, Permukaan Dalam, Interior;73;内:ない|面:めん
べたべた;Betabeta;べたべた;Lengket, Lembab, Basah;73;
張り付き;Haritsuki;はりつき;Menempel, Melekat, Tertempel;73;張:は|付:つ
分離する;Bunri suru;ぶんりする;Memisahkan, Memecah, Mengisolasi;73;分:ぶん|離:り
収集する;Shūshū suru;しゅうしゅうする;Mengumpulkan, Mengoleksi, Menyimpan;73;収:しゅう|集:しゅう
構造;Kōzō;こうぞう;Struktur, Konstruksi, Susunan;73;構:こう|造:ぞう
維持する;Iji suru;いじする;Memelihara, Menjaga, Mempertahankan;73;維:い|持:じ
状況;Jōkyō;じょうきょう;Situasi, Kondisi, Keadaan;73;状:じょう|況:きょう
ストレーナー;Sutorēnā;ストレーナー;Saringan, Filter, Penyaring;73;
管詰まり;Kanzumari;かんづまり;Penyumbatan, Tersumbat, Tersendat;73;管:かん|詰:づまり
溜まった;Tamatta;たまった;Terkumpul, Terakumulasi, Tersimpan;73;溜:た
柄杓;Hishaku;ひしゃく;Gayung, Sendok Air, Cerek Air;73;柄:ひ|杓:しゃく
細菌;Saikin;さいきん;Bakteri, Kuman, Mikroorganisme;73;細:さい|菌:きん
繫殖;Hanshoku;はんしょく;Perkembangbiakan, Reproduksi, Pertumbuhan;73;繫:はん|殖:しょく
温床源;Onshōgen;おんしょうげん;Sumber Inkubasi, Sumber Perkembangbiakan, Sumber Pertumbuhan;73;温:おん|床:しょう|源:げん
衛生的;Eiseiteki;えいせいてき;Higienis, Sanitasi, Bersih;73;衛:えい|生:せい|的:てき
管理;Kanri;かんり;Manajemen, Pengelolaan, Pengawasan;73;管:かん|理:り
水面;Suimen;すいめん;Permukaan Air, Permukaan Laut, Permukaan Kolam;73;水:すい|面:めん
浮上;Fujō;ふじょう;Mengapung, Terapung, Muncul ke Permukaan;73;浮:ふ|上:じょう
捕獲;Hokaku;ほかく;Penangkapan, Penangkap, Penangkaran;73;捕:ほ|獲:かく
受けかご;Ukekago;うけかご;Keranjang Penampung, Keranjang Penerima, Keranjang Penangkap;73;受:う
スライド板;Suraido Ita;スライドいた;Papan Geser, Papan Slide;73;板:いた
無害;Mugai;むがい;Tidak Berbahaya, Tidak Merugikan, Tidak Beracun;73;無:む|害:がい
公共下水;Kōkyō Gesui;こうきょうげすい;Sistem Pembuangan Air Limbah Umum, Sistem Saluran Pembuangan Air Limbah Umum;73;公共:こうきょう|下:げ|水:すい

真空式温水ヒーター;Shinkū-shiki Onsui Hītā;しんくうしきおんすいひーた;Pemanas Air Panas dengan Sistem Vakum, Pemanas Air Panas Tipe Vakum;75;真:しん|空:くう|式:しき|温:おん|水:すい|ヒーター:ヒーター
燃焼室;Nenshōshitsu;ねんしょうしつ;Ruang Pembakaran, Ruang Bakar;75;燃:ねん|焼:しょう|室:しつ
減圧蒸気室;Gen'atsu Jōkishitsu;げんあつじょうきしつ;Ruang Uap Tekanan Rendah, Ruang Uap Bertekanan Rendah;75;減:げん|圧:あつ|蒸:じょう|気:き|室:しつ
熱媒水;Netsubaisui;ねつばいすい;Air Pemanas, Air Media Panas;75;熱:ねつ|媒:ばい|水:すい
熱交換器;Netsu Kōkanki;ねつこうかんき;Penukar Panas, Heat Exchanger;75;熱:ねつ|交:こう|換:かん|器:き
缶体;Kantai;かんたい;Tangki Utama Boiler, Badan, Unit, Tabung;75;缶:かん|体:たい
真空;Shinkū;しんくう;Vakum, Hampa Udara;75;真:しん|空:くう
沸騰;Futtō;ふっとう;Mendidih, Rebus, Memasak Air;75;沸:ふっ|騰:とう
蒸気;Jōki;じょうき;Uap, Uap Air, Uap Panas;75;蒸:じょう|気:き
凝縮;Gyōshuku;ぎょうしゅく;Kondensasi, Pengembunan, Pengembunan Uap;75;凝:ぎょう|縮:しゅく
無圧開放式温水ヒーター;Muatsu Kaihō-shiki Onsui Hītā;むあつかいほうしきおんすいひーた;Pemanas Air Panas dengan Sistem Pembukaan Tanpa Tekanan, Pemanas Air Panas Tipe Pembukaan Tanpa Tekanan;75;無:む|圧:あつ|開:かい|放:ほう|式:しき|温:おん|水:すい|ヒーター:ヒーター
大気中;Taikichū;たいきちゅう;Di Atmosfer, Di Udara Terbuka;75;大:たい|気:き|中:ちゅう
解放;Kaihō;かいほう;Pembukaan, Pelepasan, Pembebasan;75;開:かい|放:ほう
介して;Kaishite;かいして;Melalui, Lewat, Melintasi;75;介:かい
取り出し温水;Toridashi Onsui;とりだしおんすい;Air Panas yang Dikeluarkan, Air Panas yang Diambil;75;取:と|出:だし|温:おん|水:すい
維持管理;Ijikanri;いじかんり;Pemeliharaan, Manajemen, Pengelolaan;75;維:い|持:じ|管:かん|理:り
保守契約;Hoshu Keiyaku;ほしゅけいやく;Kontrak Pemeliharaan, Perjanjian Pemeliharaan;75;保:ほ|守:しゅ|契:けい|約:やく
減圧蒸気室;Gen'atsu Jōkishitsu;げんあつじょうきしつ;Ruang Uap Tekanan Rendah, Ruang Uap Bertekanan Rendah;75;減:げん|圧:あつ|蒸:じょう|気:き|室:しつ
都市ガス;Toshi Gasu;としがす;Gas Kota, Gas Alam, Gas Perkotaan;75;都:と|市:し
燃焼排ガス;Nenshō Haigasu;ねんしょうはいがす;Gas Buang Pembakaran, Gas Sisa Pembakaran;75;燃:ねん|焼:しょう|排:はい|ガス:ガス
真空式温水ヒーター;Shinkū-shiki Onsui Hītā;しんくうしきおんすいひーた;Pemanas Air Panas dengan Sistem Vakum, Pemanas Air Panas Tipe Vakum;75;真:しん|空:くう|式:しき|温:おん|水:すい|ヒーター:ヒーター
開放タンク;Kaihō Tanku;かいほうたんく;Tangki Terbuka, Tangki Tanpa Penutup;75;開:かい|放:ほう|タンク:タンク
熱媒ポンプ;Netsubai Ponpu;ねつばいぽんぷ;Pompa Air Pemanas, Pompa Media Panas;75;熱:ねつ|媒:ばい|ポンプ:ポンプ
煙室;Enshitsu;えんしつ;Ruang Asap, Ruang Pembakaran, Ruang Bakar;75;煙:えん|室:しつ

吸収式冷温水発生機;Kyūshū-shiki Reionsui Hasseiki;きゅうしゅうしきれいおんすいはっせいき;Mesin Pembuat Air Dingin dan Panas Tipe Absorpsi, Mesin Pembuat Air Dingin dan Panas dengan Sistem Absorpsi;77;吸:きゅう|収:しゅう|式:しき|冷:れい|温:おん|水:すい|発:はっ|生:せい|機:き
工場;Kōjō;こうじょう;Pabrik, Industri, Tempat Kerja;77;工:こう|場:じょう
公共施設;Kōkyō Shisetsu;こうきょうしせつ;Fasilitas Umum, Fasilitas Publik;77;公:こう|共:きょう|施:し|設:せつ
百貨店;Hyakkaten;ひゃっかてん;Toko Serba Ada, Department Store;77;百:ひゃっ|貨:か|店:てん
空調する;Kūchō suru;くうちょうする;Mengatur Suhu, Mengkondisikan Udara, Mengendalikan Suhu;77;空:くう|調:ちょう
空間;Kūkan;くうかん;Ruang, Area, Tempat;77;空:くう|間:かん
空調時間;Kūchō Jikan;くうちょうじかん;Waktu Operasi Air Conditioning, Waktu Pengkondisian Udara, Waktu Pengaturan Suhu;77;空:くう|調:ちょう|時間:じかん
発揮;Hakki;はっき;Menunjukkan, Memperlihatkan, Menampilkan;77;発:はっ|揮:き
冷暖房装置;Reidanbō Sōchi;れいだんぼうそうち;Mesin Pendingin dan Pemanas, Sistem Pendingin dan Pemanas, Peralatan Pendingin dan Pemanas;77;冷:れい|暖:だん|房:ぼう|装:そう|置:ち
メジャーな方式;Mejā na Hōshiki;メジャーなほうしき;Sistem yang Umum, Sistem yang Populer, Sistem yang Banyak Digunakan;77;方式:ほうしき
大規模;Daikibo;だいきぼ;Skala Besar, Ukuran Besar, Besar;77;大:だい|規:き|模:ぼ
気化熱;Kikane-tsu;きかねつ;Kalor Penguapan, Kalor Penguapan, Kalor Evaporasi;77;気:き|化:か|熱:ねつ
下図;Kazu;かず;Gambar di Bawah, Ilustrasi di Bawah, Diagram di Bawah;77;下:か|図:ず
一連;Ichiren;いちれん;Serangkaian, Rangkaian, Satu Set;77;一:いち|連:れん
繰り返す;Kurikaesu;くりかえす;Mengulang, Berulang, Melakukan Berulang Kali;77;繰:く|返:かえ
冷媒;Reibai;れいばい;Refrigeran, Bahan Pendingin, Zat Pendingin;77;冷:れい|媒:ばい
吸収液;Kyūshū-eki;きゅうしゅうえき;Cairan Absorpsi, Larutan Absorpsi;77;吸:きゅう|収:しゅう|液:えき
臭化リチウム;Shūka Richiumu;しゅうかりちうむ;Bromida Litium, Lithium Bromide;77;臭:しゅう|化:か
水溶液;Suiyōeki;すいようえき;Larutan Air, Larutan Berbasis Air;77;水:すい|溶:よう|液:えき
フロン;Furon;フロン;Freon, CFC, Chlorofluorocarbon;77;
環境;Kankyō;かんきょう;Lingkungan, Kondisi Lingkungan, Keadaan Lingkungan;77;環:かん|境:きょう
契約;Keiyaku;けいやく;Kontrak, Perjanjian, Kesepakatan;77;契:けい|約:やく
目処に;Medo ni;もどに;Perkiraan, Perkiraan Waktu, Target Waktu;77;目:め|処:ど
オーバーホール;Ōbāhōru;オーバーホール;Overhaul, Perbaikan Besar, Perawatan Besar;77;
蒸発;Jōhatsu;じょうはつ;Penguapan, Evaporasi, Penguapan Air;77;蒸:じょう|発:はつ
臭空;Shūkū;しゅうくう;Udara Berbau, Udara yang Bau, Udara dengan Bau Tidak Sedap;77;臭:しゅう|空:くう
吸収;Kyūshū;きゅうしゅう;Absorpsi, Penyerapan;77;吸:きゅう|収:しゅう
水蒸気;Suijōki;すいじょうき;Uap Air, Uap, Air Panas;77;
再生;Saisei;さいせい;Regenerasi, Pemulihan, Reproduksi;77;再:さい|生:せい
薄い;Usui;うすい;Tipis, Kurang Kuat, Lemah;77;薄:うす
ガスバーナー;Gasu Bānā;ガスばーなー;Pembakar Gas, Burner Gas;77;
加熱;Kanetsu;かねつ;Pemanasan, Pemanas;77;加:か|熱:ねつ
水分;Suibun;すいぶん;Kandungan Air, Kadar Air, Air;77;水:すい|分:ぶん
濃縮;Nōshuku;のうしゅく;Konsentrasi, Pengentalan, Pengurangan Volume;77;濃:のう|縮:しゅく
凝縮;Gyōshuku;ぎょうしゅく;Kondensasi, Pengembunan, Pengembunan Uap;77;凝:ぎょう|縮:しゅく
冷却塔;Reikyaku-tō;れいきゃくとう;Menara Pendingin, Cooling Tower;77;冷:れい|却:きゃく|塔:とう
元;Moto;もと;Asal, Sumber, Awal;77;元:もと
臭化リチウム溶液;Shūka Richiumu Yōeki;しゅうかりちうむようえき;Larutan Bromida Litium, Larutan Brominasi Litium;77;臭:しゅう|化:か|溶:よう|液:えき
冷却水;Reikyaku-sui;れいきゃくすい;Air Pendingin, Air Dingin;77;冷:れい|却:きゃく|水:すい
器内圧力;Kinai Atsuryoku;きないあつりょく;Tekanan Dalam Mesin, Tekanan Internal, Tekanan di Dalam;77;器:き|内:ない|圧:あつ|力:りょく
水蒸器;Suijōki;すいじょうき;Alat Penguap Air, Panci Uap, ;77;水:すい|蒸:じょう|器:き
濃い;Koi;こい;Kental, Pekat, Kuat;77;濃:こ
空調機;Kūchōki;くうちょうき;Alat Pengkondisi Udara, Air Conditioner;77;空:くう|調:ちょう|機:き
ガス吸収式冷温水発生機;Gasu Kyūshū-shiki Reionsui Hasseiki;ガスきゅうしゅうしきれいおんすいはっせいき;Mesin Pembuat Air Dingin dan Panas Tipe Absorpsi Gas, Mesin Pembuat Air Dingin dan Panas dengan Sistem Absorpsi Gas;77;吸:きゅう|収:しゅう|式:しき|冷:れい|温:おん|水:すい|発:はっ|生:せい|機:き
通る;Tōru;とおる;Melalui, Lewat, Lulus;77;通:とお
冷房;Reibō;れいぼう;Pendingin Ruangan, Air Conditioning, AC;77;冷:れい|房:ぼう
冷水;Reisui;れいすい;Air Dingin, Air Es, Air Dingin;77;冷:れい|水:すい
真空;Shinkū;しんくう;Vakum, Hampa Udara;77;真:しん|空:くう
冷凍;Reitō;れいとう;Pembekuan, Freezing;77;冷:れい|凍:とう
室内機;Shitsunai-ki;しつないき;Unit Dalam Ruangan, Unit Indoor;77;室:しつ|内:ない|機:き

冷却塔;Reikyaku-tō;れいきゃくとう;Menara Pendingin, Cooling Tower;81;冷:れい|却:きゃく|塔:とう
別名;Betsumei;べつめい;Nama Lain, Alias, Nama Panggilan;81;別:べつ|名:めい
クーリングタワー;Kūringu Tawā;クーリングタワー;Cooling Tower, Menara Pendingin;81;
上昇;Jōshō;じょうしょう;Kenaikan, Meningkat, Naik;81;上:じょう|昇:しょう
冷却水;Reikyaku-sui;れいきゃくすい;Air Pendingin, Air Dingin;81;冷:れい|却:きゃく|水:すい
性能;Seinō;せいのう;Kinerja, Performa, Kemampuan;81;性:せい|能:のう
発揮;Hakki;はっき;Menunjukkan, Memperlihatkan, Menampilkan;81;発:はっ|揮:き
数多く;Kazu ōku;かずおおく;Banyak, Beragam, Banyak Sekali;81;数:かず|多:おお
部品;Buhin;ぶひん;Komponen, Bagian, Suku Cadang;81;部:ぶ|品:ひん
役目;Yakume;やくめ;Peran, Tugas, Fungsi;81;役:やく|目:め
診断;Shindan;しんだん;Diagnosis, Pemeriksaan, Penilaian;81;診:しん|断:だん
シーズン;Shīzun;シーズン;Musim, Musim Panas, Musim Dingin;81;
終了;Shūryō;しゅうりょう;Selesai, Berakhir, Tamat;81;終:しゅう|了:りょう
水抜き;Mizunuki;みずぬき;Pengeringan, Pengosongan Air, Pengurasan Air;81;水:みず|抜:ぬ
防護;Bōgo;ぼうご;Perlindungan, Proteksi, Pertahanan;81;防:ぼう|護:ご
防塵;Bōjin;ぼうじん;Anti Debu, Perlindungan Debu, Tahan Debu;81;防:ぼう|塵:じん
対策;Taisaku;たいさく;Tindakan, Solusi, Langkah;81;対:たい|策:さく
施す;Hodokosu;ほどこす;Memberikan, Melakukan, Menerapkan;81;施:ほどこ
防錆処理;Bōsei Shori;ぼうせいしょり;Perlindungan Anti Karat, Perlakuan Anti Karat, Pengolahan Anti Karat;81;防:ぼう|錆:せい|処:しょ|理:り
実施する;Jisshi suru;じっしする;Melaksanakan, Menerapkan, Menjalankan;81;実:じっ|施:し
翌年;Yokutoshi;よくとし;Tahun Berikutnya, Tahun Depan;81;翌:よく|年:とし
過程;Katei;かてい;Proses, Tahapan, Perjalanan;81;過:か|程:てい
大気中;Taikichū;たいきちゅう;Di Atmosfer, Di Udara Terbuka;81;大:たい|気:き|中:ちゅう
接触する;Sesshoku suru;せっしょくする;Kontak, Bersentuhan, Menyentuh;81;接:せっ|触:しょく
外気;Gaiki;がいき;Udara Luar, Udara Eksternal, Udara di Luar;81;外:がい|気:き
粉塵;Funjin;ふんじん;Debu, Partikel, Serbuk;81;粉:ふん|塵:じん
有毒;Yūdoku;ゆうどく;Beracun, Berbahaya, Toksik;81;有:ゆう|毒:どく
入り込み;Irikomi;いりこみ;Masuk, Menyusup, Penetrasi;81;入:い|込:こ
汚染;Osen;おせん;Pencemaran, Kontaminasi, Polusi;81;汚:お|染:せん
機器;Kiki;きき;Peralatan, Mesin, Alat;81;機:き|器:き
傷める;Itameru;いためる;Merusak, Menyakiti, Membuat Rusak;81;傷:いた
死骸;Shigai;しがい;Bangkai, Mayat, Sisa;81;死:し|骸:がい
冷却管;Reikyaku-kan;れいきゃくかん;Pipa Pendingin, Pipa Dingin;81;冷:れい|却:きゃく|管:かん
詰まらせる;Tsumaraseru;つまらせる;Menyumbat, Membuat Tersumbat, Menyebabkan Tersumbat;81;詰:つ
水温;Suion;すいおん;Suhu Air, Temperatur Air;81;水:すい|温:おん
常に;Tsune ni;つねに;Selalu, Senantiasa, Terus Menerus;81;常:つね
高齢者;Kōreisha;こうれいしゃ;Lansia, Orang Tua, Senior;81;高:こう|齢:れい|者:しゃ
死亡率;Shibōritsu;しぼうりつ;Tingkat Kematian, Angka Kematian, Rasio Kematian;81;死:し|亡:ぼう|率:りつ
レジオネラ菌;Rejionera Kin;レジオネラきん;Bakteri Legionella, Kuman Legionella;81;菌:きん
レジオネラ症;Rejionera Shō;レジオネラしょう;Penyakit Legionella, Infeksi Legionella;81;症:しょう
繫殖源;Hanshokugen;はんしょくげん;Sumber Perkembangbiakan, Sumber Reproduksi, Sumber Pertumbuhan;81;繫:はん|殖:しょく|源:げん
水質分析;Suishitsu Bunseki;すいしつぶんせき;Analisis Kualitas Air, Analisis Air, Pengujian Kualitas Air;81;水:すい|質:しつ|分:ぶん|析:せき
水質管理;Suishitsu Kanri;すいしつかんり;Pengelolaan Kualitas Air, Manajemen Kualitas Air, Pengawasan Kualitas Air;81;水:すい|質:しつ|管:かん|理:り
配慮;Hairyo;はいりょ;Pertimbangan, Perhatian, Memperhatikan;81;配:はい|慮:りょ
向流型;Kōryū-gata;こうりゅうがた;Tipe Aliran Melawan, Tipe Aliran Berlawanan, Tipe Aliran Kontra;81;向:こう|流:りゅう|型:がた
直交流型;Chokkōryū-gata;ちょっこうりゅうがた;Tipe Aliran Langsung, Tipe Aliran Sejajar, Tipe Aliran Paralel;81;直:ちょっ|交:こう|流:りゅう|型:がた
接触方法;Sesshoku Hōhō;せっしょくほうほう;Metode Kontak, Cara Kontak, Metode Penyentuhan;81;接:せっ|触:しょく|方:ほう|法:ほう
充填材;Jūtenzai;じゅうてんざい;Bahan Pengisi, Material Pengisi, Bahan Isian;81;充:じゅう|填:てん|材:ざい
冷凍機;Reitōki;れいとうき;Mesin Pembeku, Freezer, Alat Pembekuan;81;冷:れい|凍:とう|機:き
仕組み;Shikumi;しくみ;Mekanisme, Sistem, Struktur;81;仕:し|組:く
丸型;Marugata;まるがた;Bentuk Bulat, Tipe Bulat, Model Bulat;81;丸:まる|型:がた
角型;Kakugata;かくがた;Bentuk Persegi, Tipe Persegi, Model Persegi;81;角:かく|型:がた
開放型冷却塔;Kaihō-gata Reikyaku-tō;かいほうがたれいきゃくとう;Menara Pendingin Tipe Terbuka, Cooling Tower Tipe Terbuka;81;開:かい|放:ほう|型:がた|冷:れい|却:きゃく|塔:とう

空気調和気;Kūki Chōwa-ki;くうきちょうわき;Alat Pengkondisi Udara, Air Conditioner;83;空:くう|気:き|調:ちょう|和:わ|機:き
湿度;Shitsudo;しつど;Kelembaban, Humidity;83;湿:しつ|度:ど
調整する;Chōsei suru;ちょうせいする;Menyesuaikan, Mengatur, Menyelaraskan;83;調:ちょう|整:せい
送風ダクト;Sōfū Dakuto;そうふうだくと;Saluran Udara, Ducting, Saluran Ventilasi;83;送:そう|風:ふう
送り出し;Okuridashi;おくりだし;Pengiriman, Pengeluaran, Pengantaran;83;送:おく|出:だ
再び;Futatabi;ふたたび;Sekali Lagi, Kembali, Lagi;83;再:ふたた
示す;Shimesu;しめす;Menunjukkan, Memperlihatkan, Menandakan;83;示:しめ
冷却;Reikyaku;れいきゃく;Pendinginan, Cooling;83;冷:れい|却:きゃく
加熱する;Kanetsu suru;かねつする;Memanaskan, Menghangatkan, Pemanasan;83;加:か|熱:ねつ
冷温水コイル;Reionsui Koiru;れいおんすいこいる;Koil Air Dingin dan Panas, Koil Pendingin dan Pemanas;83;冷:れい|温:おん|水:すい
送風機;Sōfūki;そうふうき;Blower, Kipas Angin, Penghembus Udara;83;送:そう|風:ふう|機:き
加湿装置;Kashitsu Sōchi;かしつそうち;Alat Pelembab, Humidifier, Perangkat Pelembab;83;加:か|湿:しつ|装:そう|置:ち
排水受け;Haisui Uke;はいすいうけ;Penampung Air Limbah, Bak Penampung Air Limbah, Tempat Penampungan Air Limbah;83;排:はい|水:すい|受:う
エアフィルター;Ea Firutā;エアフィルター;Filter Udara, Penyaring Udara;83;
構成;Kōsei;こうせい;Komposisi, Struktur, Susunan;83;構:こう|成:せい
ドレンパン;Doren Pan;ドレンパン;Pan Drainase, Bak Penampung Air, Wadah Penampung Air;83;
鋼板製;Kōhan-sei;こうはんせい;Terbuat dari Plat Baja, Terbuat dari Baja, Terbuat dari Plat Besi;83;鋼:こう|板:はん|製:せい
腐食;Fushoku;ふしょく;Korosi, Karat, Pengrusakan;83;腐:ふ|食:しょく
機内;Kinai;きない;Dalam Mesin, Di Dalam, Internal;83;機:き|内:ない
防錆処理;Bōsei Shori;ぼうせいしょり;Perlindungan Anti Karat, Perlakuan Anti Karat, Pengolahan Anti Karat;83;防:ぼう|錆:せい|処:しょ|理:り
排気ダンパー;Haiki Danpā;はいきダンパー;Damper Pembuangan, Damper Buang, Katup Pembuangan;83;排:はい|気:き
還気ダンパー;Kanki Danpā;かんきダンパー;Damper Sirkulasi, Damper Udara Sirkulasi, Katup Sirkulasi;83;還:かん|気:き
給気ダンパー;Kyūki Danpā;きゅうきダンパー;Damper Pasokan Udara, Damper Pemasukan Udara, Katup Pasokan Udara;83;給:きゅう|気:き
外気ダンパー;Gaiki Danpā;がいきダンパー;Damper Udara Luar, Damper Eksternal, Katup Udara Luar;83;外:がい|気:き
還風機;Kanpūki;かんぷうき;Sirkulator, Kipas Sirkulasi, Alat Sirkulasi Udara;83;還:かん|風:ぷう|機:き
給気;Kyūki;きゅうき;Pasokan Udara, Pemasukan Udara, Udara Masuk;83;給:きゅう|気:き
還気;Kanki;かんき;Sirkulasi Udara, Udara Sirkulasi, Udara yang Beredar;83;還:かん|気:き
冷水コイル;Reisui Koiru;れいすいこいる;Koil Air Dingin, Koil Pendingin;83;冷:れい|水:すい
温水コイル;Onsui Koiru;おんすいこいる;Koil Air Panas, Koil Pemanas;83;温:おん|水:すい
概要図;Gaiyōzu;がいようず;Diagram Umum, Skema Umum, Gambar Umum;83;概:がい|要:よう|図:ず

ヒートポンプ式空調機;Hīto Ponpu-shiki Kūchōki;ヒートポンプしきくうちょうき;Alat Pengkondisi Udara Tipe Heat Pump, Air Conditioner Tipe Heat Pump;87;式:しき|空:くう|調:ちょう|機:き
圧縮機;Asshuku-ki;あっしゅくき;Kompressor, Mesin Pemampat, Alat Pemampat;87;圧:あっ|縮:しゅく|機:き
駆動源;Kudōgen;くどうげん;Sumber Penggerak, Sumber Tenaga, Sumber Daya;87;駆:く|動:どう|源:げん
ガスエンジン駆動式;Gasu Enjin Kudō-shiki;ガスエンジンくどうしき;Tipe Penggerak Mesin Gas, Tipe Penggerak dengan Mesin Gas;87;駆:く|動:どう|式:しき
電動機駆動式;Dendōki Kudō-shiki;でんどうきくどうしき;Tipe Penggerak Motor Listrik, Tipe Penggerak dengan Motor Listrik;87;電:でん|動:どう|機:き|駆:く|動:どう
ガスヒートポンプ;Gasu Hīto Ponpu;ガスヒートポンプ;Heat Pump Gas, Pompa Panas Gas;87;
電気モーターヒートポンプ;Denki Mōtā Hīto Ponpu;でんきもーたーひーとぽんぷ;Heat Pump Motor Listrik, Pompa Panas Motor Listrik;87;電:でん|気:き
仕組み;Shikumi;しくみ;Mekanisme, Sistem, Struktur;87;仕:し|組:く
投入エネルギー;Tōnyū Enerugī;とうにゅうえねるぎー;Energi Masukan, Energi yang Dimasukkan, Energi Input;87;投:とう|入:にゅう
身;Mi;み;Badan, Diri, Tubuh;87;身:み
エコキュート;Ekokyūto;エコキュート;EcoCute, Sistem Pemanas Air Panas dengan Heat Pump, Sistem Pemanas Air Panas Ramah Lingkungan;87;
省エネ技術;Shōene Gijutsu;しょうえねぎじゅつ;Teknologi Hemat Energi, Teknologi Penghematan Energi, Teknologi Efisiensi Energi;87;省:しょう|技:ぎ|術:じゅつ
室外機;Shitsugaiki;しつがいき;Unit Luar Ruangan, Unit Outdoor;87;室:しつ|外:がい|機:き
室内機;Shitsunai-ki;しつないき;Unit Dalam Ruangan, Unit Indoor;87;室:しつ|内:ない|機:き
熱交換器;Netsu Kōkanki;ねつこうかんき;Penukar Panas, Heat Exchanger;87;熱:ねつ|交:こう|換:かん|器:き
排気ガス;Haiki Gasu;はいきがす;Gas Buang, Gas Sisa, Emisi Gas;87;排:はい|気:き
室外熱交換器;Shitsugaikōkanki;しつがいこうかんき;Penukar Panas Luar Ruangan, Heat Exchanger Eksternal;87;室:しつ|外:がい|熱:ねつ|交:こう|換:かん|器:き
居室;Kyoshitsu;きょしつ;Ruang Hunian, Ruang Tempat Tinggal, Ruang Keluarga;87;居:きょ|室:しつ
空調空気;Kūchō Kūki;くうちょうくうき;Udara Pengkondisi, Udara AC, Udara yang Dikondisikan;87;空:くう|調:ちょう|空:くう|気:き
供給;Kyōkyū;きょうきゅう;Pasokan, Penyediaan, Pemberian;87;供:きょう|給:きゅう

換気設備;Kanki Setsubi;かんきせつび;Peralatan Ventilasi, Sistem Ventilasi, Perlengkapan Ventilasi;89;換:かん|気:き|設:せつ|備:び
執務環境;Shitsumu Kankyō;しつむかんきょう;Lingkungan Kerja, Kondisi Kerja, Suasana Kerja;89;執:しつ|務:む|環:かん|境:きょう
整える;Totonoeru;ととのえる;Menata, Merapikan, Menyesuaikan;89;整:ととの
吸い込み;Suikomi;すいこみ;Penghisapan, Penyerapan, Menyedot;89;吸:す|込:こ
吐き出す;Hakidasu;はきだす;Meniup, Menghembuskan, Mengeluarkan;89;吐:は|出:だ
いわゆる;Iwayuru;いわゆる;Yang Dikatakan, Yang Disebut, Yang Umum Dikenal;89;
換気;Kanki;かんき;Ventilasi, Pengudaraan, Sirkulasi Udara;89;換:かん|気:き
きちんと;Kichinto;きちんと;Rapi, Teratur, Tertib;89;きちんと
近年;Kinnen;きんねん;Beberapa Tahun Terakhir, Tahun-tahun Terakhir, Baru-baru ini;89;近:きん|年:ねん
吐き気;Hakike;はきけ;Mual, Rasa Mual, Rasa Muntah;89;吐:は|気:け
喉;Nodo;のど;Tenggorokan, Leher, Kerongkongan;89;喉:のど
不調;Fuchō;ふちょう;Tidak Sehat, Tidak Berfungsi dengan Baik, Gangguan;89;不:ふ|調:ちょう
訴える;Uttaeru;うったえる;Mengeluh, Menyampaikan, Mengajukan Keluhan;89;訴:うった
適切な;Tekisetsu na;てきせつな;Tepat, Sesuai, Cocok;89;適:てき|切:せつ
心懸ける;Kokorogake ru;こころがける;Berusaha, Berupaya, Memperhatikan;89;心:こころ|懸:が
法的に;Hōteki ni;ほうてきに;Secara Hukum, Secara Legal, Secara Resmi;89;法:ほう|的:てき
建築基準法;Kenchiku Kijun Hō;けんちくきじゅんほう;Undang-Undang Standar Bangunan, Hukum Standar Konstruksi, Peraturan Bangunan;89;建:けん|築:ちく|基:き|準:じゅん|法:ほう
居室;Kyoshitsu;きょしつ;Ruang Hunian, Ruang Tempat Tinggal, Ruang Keluarga;89;居:きょ|室:しつ
義務;Gimu;ぎむ;Kewajiban, Tanggung Jawab, Kewajiban Hukum;89;義:ぎ|務:む
規模;Kibo;きぼ;Skala, Ukuran, Besar;89;規:き|模:ぼ
構造;Kōzō;こうぞう;Struktur, Konstruksi, Bangunan;89;構:こう|造:ぞう
手法;Shuhō;しゅほう;Metode, Cara, Teknik;89;手:しゅ|法:ほう
便所;Benjo;べんじょ;Toilet, Kamar Mandi, WC;89;便:べん|所:じょ
湯沸室;Yuwakashitsu;ゆわかしつ;Ruang Pemanas Air, Ruang Ketel, Ruang Boiler;89;湯:ゆ|沸:わか|室:しつ
臭気;Shūki;しゅうき;Bau, Aroma, Bau Tidak Sedap;89;臭:しゅう|気:き
燃焼;Nenshō;ねんしょう;Pembakaran, Pembakaran, Proses Pembakaran;89;燃:ねん|焼:しょう
籠る;Komoru;こもる;Terkurung, Terperangkap, Bersembunyi;89;籠:こも
排風機;Haifūki;はいふうき;Exhaust Fan, Kipas Pembuangan, Alat Penghisap Udara;89;排:はい|風:ふう|機:き
内部;Naibu;ないぶ;Bagian Dalam, Internal, Di Dalam;89;内:ない|部:ぶ
埃;Hokori;ほこり;Debu, Serbuk, Kotoran;89;埃:ほこり
付着;Fuchaku;ふちゃく;Menempel, Melekat, Terpasang;89;付:ふ|着:ちゃく
能力;Nōryoku;のうりょく;Kemampuan, Kapasitas, Kekuatan;89;能:のう|力:りょく
木造建築物;Mokuzō Kenchikubutsu;もくぞうけんちくぶつ;Bangunan Kayu, Konstruksi Kayu, Struktur Kayu;89;木:もく|造:ぞう|建:けん|築:ちく|物:ぶつ
床下換気口;Yukashita Kankikō;ゆかしたかんきこう;Ventilasi Bawah Lantai, Lubang Ventilasi Bawah Lantai, Ventilasi di Bawah Lantai;89;床:ゆか|下:した|換:かん|気:き|口:こう
湿っている;Shimette iru;しめっている;Basah, Lembab, Berair;89;湿:しめ
適宜開放;Tekigi Kaihō;てきぎかいほう;Membuka Sesuai Kebutuhan, Membuka Secara Tepat, Membuka Sesuai Keperluan;89;適:てき|宜:ぎ|開:かい|放:ほう
給気;Kyūki;きゅうき;Pasokan Udara, Pemasukan Udara, Udara Masuk;89;給:きゅう|気:き
機械換気;Kikai Kanki;きかいかんき;Ventilasi Mekanik, Ventilasi dengan Mesin, Sistem Ventilasi Mekanis;89;機:き|械:かい|換:かん|気:き
排気;Haiki;はいき;Pembuangan, Buang, Emisi;89;排:はい|気:き
自然換気;Shizen Kanki;しぜんかんき;Ventilasi Alami, Ventilasi dengan Cara Alami, Sistem Ventilasi Alami;89;自:し|然:ぜん|換:かん|気:き
種換気;Shu Kanki;しゅかんき;Ventilasi Tipe, Ventilasi Jenis, Tipe Ventilasi;89;種:しゅ|換:かん|気:き
給気換気;Kyūki Kanki;きゅうきかんき;Ventilasi Pasokan Udara, Ventilasi Pemasukan Udara, Ventilasi Udara Masuk;89;給:きゅう|気:き|換:かん|気:き
機械排気;Kikai Haiki;きかいはいき;Pembuangan Mekanik, Pembuangan dengan Mesin, Sistem Pembuangan Mekanis;89;機:き|械:かい|排:はい|気:き
風量;Fūryō;ふうりょう;Volume Udara, Aliran Udara, Jumlah Udara;89;風:ふう|量:りょう
自然排気;Shizen Haiki;しぜんはいき;Pembuangan Alami, Pembuangan dengan Cara Alami, Sistem Pembuangan Alami;89;自:し|然:ぜん|排:はい|気:き
方式;Hōshiki;ほうしき;Metode, Sistem, Cara;89;方:ほう|式:しき
侵入;Shinnyū;しんにゅう;Penyusupan, Masuk, Penetrasi;89;侵:しん|入:にゅう
環境;Kankyō;かんきょう;Lingkungan, Kondisi Lingkungan, Keadaan Lingkungan;89;環:かん|境:きょう
空間;Kūkan;くうかん;Ruang, Area, Tempat;89;空:くう|間:かん
水蒸気;Suijōki;すいじょうき;Uap Air, Uap, Air Panas;89;水:すい|蒸:じょう|気:き
排出する;Haishutsu suru;はいしゅつする;Membuang, Mengeluarkan, Mengemisikan;89;排:はい|出:しゅつ

屋内消火栓設備;Okunai Shōkasen Setsubi;おくないしょうかせんせつび;Peralatan Hydrant Dalam Ruangan, Sistem Hydrant Indoor, Perlengkapan Pemadam Kebakaran Dalam Ruangan;95;屋:おく|内:ない|消:しょう|火:か|栓:せん|設:せつ|備:び
消火器;Shōkaki;しょうかき;Alat Pemadam Kebakaran, Pemadam Api, Fire Extinguisher;95;消:しょう|火:か|器:き
火災;Kasai;かさい;Kebakaran, Api, Bencana Kebakaran;95;火:か|災:さい
消防隊;Shōbōtai;しょうぼうたい;Pemadam Kebakaran, Tim Pemadam Kebakaran, Regu Pemadam Kebakaran;95;消:しょう|防:ぼう|隊:たい
到着;Tōchaku;とうちゃく;Kedatangan, Tiba, Sampai;95;到:とう|着:ちゃく
消火活動;Shōka Katsudō;しょうかかつどう;Aktivitas Pemadam Kebakaran, Kegiatan Memadamkan Api, Operasi Pemadam Kebakaran;95;消:しょう|火:か|活:かつ|動:どう
法令;Hōrei;ほうれい;Peraturan, Undang-Undang, Hukum;95;法:ほう|令:れい
定期点検;Teiki Tenken;ていきてんけん;Pemeriksaan Berkala, Inspeksi Rutin, Pemeriksaan Periodik;95;定:てい|期:き|点:てん|検:けん
定める;Sadameru;さだめる;Menetapkan, Menentukan, Mengatur;95;定:さだ
備える;Sonaeru;そなえる;Mempersiapkan, Menyediakan, Melengkapi;95;備:そな
実施訓練;Jisshi Kunren;じっしくんれん;Latihan Pelaksanaan, Latihan Praktik, Latihan Operasional;95;実:じっ|施:し|訓:くん|練:れん
普段;Fudan;ふだん;Biasanya, Sehari-hari, Normal;95;普:ふ|段:だん
建物規模;Tatemono Kibo;たてものきぼ;Skala Bangunan, Ukuran Bangunan, Besar Bangunan;95;建:たて|物:もの|規:き|模:ぼ
比較的;Hikakuteki;ひかくてき;Relatif, Cukup, Agak;95;比:ひ|較:かく|的:てき
加圧送水装置;Kaatsu Sōsui Sōchi;かあつそうすいそうち;Peralatan Penyemprotan Air Bertekanan, Sistem Penyemprotan Air Bertekanan, Alat Semprot Air Bertekanan;95;加:か|圧:あっ|送:そう|水:すい|装:そう|置:ち
消火水槽;Shōka Suisō;しょうかすいそう;Tangki Air Pemadam, Wadah Air Pemadam, Bak Air Pemadam;95;消:しょう|火:か|水:すい|槽:そう
消火栓箱;Shōkasen Bako;しょうかせんばこ;Kotak Hydrant, Kotak Pemadam Kebakaran, Box Hydrant;95;消:しょう|火:か|栓:せん|箱:ばこ
配管;Haikan;はいかん;Pipa, Perpipaan, Saluran Pipa;95;配:はい|管:かん
構成;Kōsei;こうせい;Komposisi, Struktur, Susunan;95;構:こう|成:せい
屋内消火栓;Okunai Shōkasen;おくないしょうかせん;Hydrant Dalam Ruangan, Hydrant Indoor, Pemadam Kebakaran Dalam Ruangan;95;屋:おく|内:ない|消:しょう|火:か|栓:せん
易操作性;I Sōsa-sei;いそうさせい;Kemudahan Pengoperasian, Kemudahan Penggunaan, User-Friendly;95;易:い|操:そう|作:さ|性:せい
放水;Hōsui;ほうすい;Penyemprotan Air, Pengeluaran Air, Aliran Air;95;放:ほう|水:すい
作業;Sagyou;さぎょう;Pekerjaan, Tugas, Operasi;95;作:さ|業:ぎょう
向上;Kōjō;こうじょう;Peningkatan, Perbaikan, Kemajuan;95;向:こう|上:じょう
操作;Sōsa;そうさ;Pengoperasian, Operasi, Cara Menggunakan;95;操:そう|作:さ
放水量;Hōsui-ryō;ほうすいりょう;Volume Penyemprotan Air, Jumlah Air yang Disemprotkan, Aliran Air;95;放:ほう|水:すい|量:りょう
扱う;Atsukau;あつかう;Menangani, Mengelola, Memperlakukan;95;扱:あつか
初期消火;Shoki Shōka;しょきしょうか;Pemadaman Awal, Pemadam Kebakaran Awal, Penanganan Kebakaran Awal;95;初:しょ|期:き|消:しょう|火:か
酸素;Sansō;さんそう;Oksigen, Gas Oksigen;95;酸:さん|素:そう
供給源;Kyōkyūgen;きょうきゅうげん;Sumber Pasokan, Sumber Penyediaan, Sumber Pemberian;95;供:きょう|給:きゅう|源:げん
断つ室息効果;Tatsushitsu Soku Kōka;たつしつそくこうか;Efek Pemadaman dengan Menutup Ruangan, Efek Memadamkan dengan Menutup Ruangan, Efek Pemadaman dengan Mengisolasi Ruangan;95;断:た|つ|室:しつ|息:そく|効果:こうか
点火源;Tenka Gen;てんかげん;Sumber Api, Sumber Penyulut, Sumber Pembakaran;95;点:てん|火:か|源:げん
消滅する;Shōmetsu suru;しょうめつする;Hilang, Punah, Musnah;95;消:しょう|滅:めつ
冷却効果;Reikyaku Kōka;れいきゃくこうか;Efek Pendinginan, Efek Dingin, Efek Cooling;95;冷:れい|却:きゃく|効:こう|果:か
燃焼;Nenshō;ねんしょう;Pembakaran, Proses Pembakaran, Pembakaran;95;燃:ねん|焼:しょう
連射反応;Rensha Hanno;れんしゃはんのう;Reaksi Berantai, Reaksi Beruntun, Reaksi Berturut-turut, Reaksi Berulang;95;連:れん|射:しゃ|反:はん|応:のう
抑える;Osaeru;おさえる;Menekan, Mengendalikan, Mengurangi;95;抑:おさ
抑制効果;Yokusei Kōka;よくせいこうか;Efek Pengendalian, Efek Penekanan, Efek Pembatasan;95;抑:よく|制:せい|効:こう|果:か
応用;Ōyō;おうよう;Aplikasi, Penerapan, Penggunaan;95;応:おう|用:よう
普及する;Fukyū suru;ふきゅうする;Menyebar, Menyebarluaskan, Memasyarakatkan;95;普:ふ|及:きゅう
粉末消火器;Funmatsu Shōkaki;ふんまつしょうかき;Alat Pemadam Kebakaran Serbuk, Powder Fire Extinguisher, Alat Pemadam Api Serbuk;95;粉:ふん|末:まつ|消:しょう|火:か|器:き
粉末消火剤;Funmatsu Shōkazai;ふんまつしょうかざい;Bahan Pemadam Kebakaran Serbuk, Bahan Pemadam Api Serbuk, Serbuk Pemadam Kebakaran;95;粉:ふん|末:まつ|消:しょう|火:か|剤:ざい
熱分解;Netsu Bunkai;ねつぶんかい;Pirolisis, Degradasi Termal, Penguraian Panas;95;熱:ねつ|分:ぶん|解:かい
窒息;Chissoku;ちっそく;Sesak Napas, Kekurangan Oksigen, Asfiksia;95;窒:ちっ|息:そく
鎮火;Chinka;ちんか;Pemadaman, Penanganan Kebakaran, Pengendalian Api;95;鎮:ちん|火:か
位置表示灯;Ichihyōjitō;いちひょうじとう;Lampu Indikator Posisi, Lampu Penunjuk Posisi, Lampu Indikasi Posisi;95;位:い|置:ち|表:ひょう|示:じ|灯:とう
起動;Kidō;きどう;Aktivasi, Pengaktifan, Memulai;95;起:き|動:どう
フリッカー;Furikā;フリッカー;Flicker, Kedipan, Fluktuasi Cahaya;95;
発信機;Hasshinki;はっしんき;Pemancar, Transmitter, Alat Pengirim Sinyal;95;発:はっ|信:しん|機:き
自火報;Jikahō;じかほう;Alarm Kebakaran Otomatis, Sistem Alarm Kebakaran Otomatis, Detektor Kebakaran Otomatis;95;自:じ|火:か|報:ほう
兼用;Ken'yō;けんよう;Serbaguna, Multifungsi, Digunakan untuk Beberapa Tujuan;95;兼:けん|用:よう
開閉弁;Kaihei Ben;かいへいべん;Katup Buka Tutup, Katup Pengatur, Katup Kontrol;95;開:かい|閉:へい|弁:べん
消防用ホース;Shōbō-yō Hōsu;しょうぼうようホース;Selang Pemadam Kebakaran, Hose Pemadam Kebakaran, Selang untuk Pemadam Kebakaran;95;消:しょう|防:ぼう|用:よう
消火栓;Shōkasen;しょうかせん;Hydrant, Pemadam Kebakaran, Alat Pemadam Kebakaran;95;消:しょう|火:か|栓:せん
発信器;Hasshinki;はっしんき;Pemancar, Transmitter, Alat Pengirim Sinyal;95;発:はっ|信:しん|器:き
始動;Shidō;しどう;Memulai, Mengaktifkan, Pengaktifan;95;始:し|動:どう
表示灯;Hyōjitō;ひょうじとう;Lampu Indikator, Lampu Penunjuk, Lampu Indikasi;95;表:ひょう|示:じ|灯:とう
点滅;Tenmetsu;てんめつ;Kedip, Berkedip, Fluktuasi Cahaya;95;点:てん|滅:めつ
鳴動;Meidō;めいどう;Bunyi, Suara, Getaran;95;鳴:めい|動:どう
伸ばす;Nobasu;のばす;Memperpanjang, Meningkatkan, Memanjangkan;95;伸:の
放水体制;Hōsui Taisei;ほうすいたいせい;Sistem Penyemprotan Air, Sistem Pengeluaran Air, Sistem Aliran Air;95;放:ほう|水:すい|体:たい|制:せい
バルブ;Barubu;バルブ;Valve, Katup, Klep;95;
開放操作;Kaihō Sōsa;かいほうそうさ;Operasi Pembukaan, Pengoperasian Pembukaan, Cara Membuka;95;開:かい|放:ほう|操:そう|作:さ
延長操作;Enchō Sōsa;えんちょうそうさ;Operasi Perpanjangan, Pengoperasian Perpanjangan, Cara Memperpanjang;95;延:えん|長:ちょう|操:そう|作:さ
連動する;Rendō suru;れんどうする;Bekerja Bersama, Beroperasi Bersama, Berfungsi Bersama;95;連:れん|動:どう
開閉装置付;Kaihei Sōchi-tsuki;かいへいそうちつき;Dengan Perangkat Buka Tutup, Dilengkapi dengan Perangkat Buka Tutup, Dengan Alat Buka Tutup;95;開:かい|閉:へい|装:そう|置:ち|付:つき
保形ホース;Hokei Hōsu;ほけいホース;Selang Berbentuk, Hose Berbentuk, Selang dengan Bentuk Tertentu;95;保:ほ|形:けい|ホース;
安定栓;Anteisen;あんていせん;Katup Stabil, Valve Stabil, Klep Stabil;95;安:あん|定:てい|栓:せん
圧力ゲージ;Atsuryoku Gēji;あつりょくゲージ;Pengukur Tekanan, Pressure Gauge, Alat Ukur Tekanan;95;圧:あつ|力:りょく
レバー;Rebā;レバー;Lever, Tuas, Pengungkit;95;
ホース;Hōsu;ホース;Selang, Hose;95;
内管;Naikan;ないかん;Pipa Dalam, Saluran Dalam, Pipa Internal;95;内:ない|管:かん
蓄圧式消火器;Chikuatsu-shiki Shōkaki;ちくあつしきしょうかき;Alat Pemadam Kebakaran Tipe Tekanan Tersimpan, Fire Extinguisher Tipe Tekanan Tersimpan, Alat Pemadam Api dengan Tekanan Tersimpan;95;蓄:ちく|圧:あつ|式:しき|消:しょう|火:か|器:き
加圧式ガス容器;Kaatsu-shiki Gasu Yōki;かあつしきガスようき;Tabung Gas Tipe Tekanan, Gas Cylinder Tipe Tekanan, Wadah Gas dengan Tekanan;95;加:か|圧:あつ|式:しき|容:よう|器:き
ガス導入管;Gasu Dōnyūkan;ガスどうにゅうかん;Pipa Masuk Gas, Saluran Masuk Gas, Pipa Pemasukan Gas;95;ガス|導:どう|入:にゅう|管:かん
加圧式消火器;Kaatsu-shiki Shōkaki;かあつしきしょうかき;Alat Pemadam Kebakaran Tipe Tekanan, Fire Extinguisher Tipe Tekanan, Alat Pemadam Api dengan Tekanan;95;加:か|圧:あつ|式:しき|消:しょう|火:か|器:き

スプリンクラー設備;Supurinkurā Setsubi;スプリンクラーせつび;Peralatan Sprinkler, Sistem Sprinkler, Perlengkapan Sprinkler;97;設:せつ|備:び
初期消火;Shoki Shōka;しょきしょうか;Pemadaman Awal, Pemadam Kebakaran Awal, Penanganan Kebakaran Awal;97;初:しょ|期:き|消:しょう|火:か
又は;Matawa;または;Atau, Ataupun, Serta;97;又：また
屋根下部分;Yaneshita Bubun;やねしたぶぶん;Bagian Bawah Atap, Area Bawah Atap, Bagian di Bawah Atap;97;屋:や|根:ね|下:した|部:ぶ|分:ぶん
配置する;Haichi suru;はいちする;Menempatkan, Mengatur, Menyusun;97;配:はい|置:ち
スプリンクラーヘッド;Supurinkurā Heddo;スプリンクラーヘッド;Kepala Sprinkler, Kepala Pemadam Kebakaran, Kepala Alat Pemadam Api;97;
火災感知;Kasai Kanchi;かさいかんち;Deteksi Kebakaran, Sensor Kebakaran, Alat Deteksi Api;97;火:か|災:さい|感:かん|知:ち
放水;Hōsui;ほうすい;Penyemprotan Air, Pengeluaran Air, Aliran Air;97;放:ほう|水:すい
閉鎖型湿式;Heisa-gata Shitsushiki;へいさがたしつしき;Tipe Tertutup Basah, Sistem Basah Tipe Tertutup, Alat Pemadam Kebakaran Basah Tipe Tertutup;97;閉:へい|鎖:さ|型:がた|湿:しつ|式:しき
電算機室;Densanki Shitsu;でんさんきしつ;Ruang Komputer, Ruang Server, Ruang Data Center;97;電:でん|算:さん|機:き|室:しつ
閉鎖型予作動式;Heisa-gata Yosadō-shiki;へいさがたよさどうしき;Tipe Tertutup dengan Sistem Predeteksi, Sistem Tertutup dengan Predeteksi, Alat Pemadam Kebakaran Tertutup dengan Sistem Predeteksi;97;閉:へい|鎖:さ|型:がた|予:よ|作:さ|動:どう|式:しき
寒冷地用;Kanreichi-yō;かんれいちよう;Untuk Daerah Dingin, Tipe untuk Daerah Dingin, Alat untuk Daerah Dingin;97;寒:かん|冷:れい|地:ち|用:よう
閉鎖型乾式;Heisa-gata Kanshiki;へいさがたかんしき;Tipe Tertutup Kering, Sistem Kering Tipe Tertutup, Alat Pemadam Kebakaran Kering Tipe Tertutup;97;閉:へい|鎖:さ|型:がた|乾:かん|式:しき
舞台部;Butai-bu;ぶたいぶ;Area Panggung, Bagian Panggung, Ruang Panggung;97;舞:ぶ|台:たい|部:ぶ
開放型;Kaihō-gata;かいほうがた;Tipe Terbuka, Sistem Terbuka, Alat Pemadam Kebakaran Tipe Terbuka;97;開:かい|放:ほう|型:がた
地下水槽;Chikasuisō;ちかすいそう;Tangki Air Bawah Tanah, Wadah Air Bawah Tanah, Bak Air Bawah Tanah;97;地:ち|下:か|水:すい|槽:そう
水源;Suigen;すいげん;Sumber Air, Sumber Air, Sumber Air;97;水:すい|源:げん
加圧送水装置;Kaatsu Sōsui Sōchi;かあつそうすいそうち;Peralatan Penyemprotan Air Bertekanan, Sistem Penyemprotan Air Bertekanan, Alat Semprot Air Bertekanan;97;加:か|圧:あっ|送:そう|水:すい|装:そう|置:ち
自動警報装置;Jidō Keihō Sōchi;じどうけいほうそうち;Peralatan Alarm Otomatis, Sistem Alarm Otomatis, Alat Peringatan Otomatis;97;自:じ|動:どう|警:けい|報:ほう|装:そう|置:ち
流水検知装置;Ryūsui Kenchi Sōchi;りゅうすいけんちそうち;Peralatan Deteksi Aliran Air, Sistem Deteksi Aliran Air, Alat Pendeteksi Aliran Air;97;流:りゅう|水:すい|検:けん|知:ち|装:そう|置:ち
表示装置;Hyōji Sōchi;ひょうじそうち;Peralatan Indikator, Sistem Indikator, Alat Penunjuk;97;表:ひょう|示:じ|装:そう|置:ち
警報装置;Keihō Sōchi;けいほうそうち;Peralatan Alarm, Sistem Alarm, Alat Peringatan;97;警:けい|報:ほう|装:そう|置:ち
送水口;Sōsuikō;そうすいこう;Lubang Penyemprotan, Saluran Penyemprotan, Pipa Penyemprotan;97;送:そう|水:すい|口:こう
弁類;Benrui;べんるい;Jenis Katup, Tipe Katup, Kategori Katup;97;弁:べん|類:るい
非常電源;Hijō Dengen;ひじょうでんげん;Sumber Daya Darurat, Sumber Listrik Darurat, Power Supply Darurat;97;非:ひ|常:じょう|電:でん|源:げん
構成;Kōsei;こうせい;Komposisi, Struktur, Susunan;97;構:こう|成:せい
定める;Sadameru;さだめる;Menetapkan, Menentukan, Mengatur;97;定:さだ
補助高架水槽;Hojo Kōka Suisō;ほじょこうかすいそう;Tangki Air Tinggi Bantuan, Wadah Air Tinggi Bantuan, Bak Air Tinggi Bantuan;97;補:ほ|助:じょ|高:こう|架:か|水:すい|槽:そう
デフレクター;Defurekutā;デフレクター;Deflektor, Pengarah Aliran, Alat Pengarah;97;
圧力計;Atsuryoku Kei;あつりょくけい;Pengukur Tekanan, Pressure Gauge, Alat Ukur Tekanan;97;圧:あつ|力:りょく|計:けい
圧力スイッチ;Atsuryoku Suicchi;あつりょくスイッチ;Saklar Tekanan, Pressure Switch, Alat Pengatur Tekanan;97;圧:あつ|力:りょく
消火ポンプユニット;Shōka Ponpu Yunitto;しょうかポンプユニット;Unit Pompa Pemadam Kebakaran, Unit Pompa Pemadam Api, Sistem Pompa Pemadam Kebakaran;97;消:しょう|火:か|ポンプ|ユニット

一般照明;Ippan Shōmei;いっぱんしょうめい;Penerangan Umum, Pencahayaan Umum, Lampu Umum;109;一般:いっぱん|照:しょう|明:めい
照明器具;Shōmei Kigu;しょうめいきぐ;Perlengkapan Penerangan, Peralatan Pencahayaan, Lampu;109;照:しょう|明:めい|器:き|具:ぐ
用途;Yōto;ようと;Penggunaan, Tujuan, Fungsi;109;用:よう|途:と
明るさ;Akarusa;あかるさ;Kecerahan, Tingkat Kecerahan, Intensitas Cahaya;109;明:あか|るさ
光源;Kōgen;こうげん;Sumber Cahaya, Sumber Penerangan, Sumber Lampu;109;光:こう|源:げん
電流;Denryū;でんりゅう;Arus Listrik, Aliran Listrik, Kekuatan Arus;109;電:でん|流:りゅう
抵抗;Teikō;ていこう;Resistansi, Hambatan, Tahanan;109;抵:てい|抗:こう
白熱灯;Hakunetsutō;はくねつとう;Lampu Pijar, Incandescent Lamp, Lampu dengan Filamen yang Memanas;109;白:はく|熱:ねつ|灯:とう
ハロゲン灯;Harogen-tō;ハロゲンとう;Lampu Halogen, Halogen Lamp, Lampu dengan Gas Halogen;109;灯:とう
放電;Hōden;ほうでん;Pelepasan Listrik, Pelepasan Arus, Discharge;109;放:ほう|電:でん
蛍光灯;Keikōtō;けいこうとう;Lampu Neon, Lampu Fluoresen, Fluorescent Lamp, Lampu dengan Gas Fluoresen;109;蛍:けい|光:こう|灯:とう
水銀灯;Suigin-tō;すいぎんとう;Lampu Merkuri, Mercury Lamp, Lampu dengan Gas Merkuri;109;水:すい|銀:ぎん|灯:とう
ナトリウム灯;Natoriumu-tō;ナトリウムとう;Lampu Natrium, Sodium Lamp, Lampu dengan Gas Natrium;109;灯:とう
メタルハライド灯;Metaruharaido-tō;メタルハライドとう;Lampu Metal Halide, Metal Halide Lamp, Lampu dengan Gas Metal Halide;109;灯:とう
半導体;Handōtai;はんどうたい;Semikonduktor, Komponen Elektronik, Alat Semikonduktor;109;半:はん|導:どう|体:たい
LED灯;LED-tō;LEDとう;Lampu LED, LED Lamp, Lampu dengan Teknologi LED;109;灯:とう
電球;Denkyū;でんきゅう;Bohlam, Lampu, Bola Lampu;109;電:でん|球:きゅう
光;Hikari;ひかり;Cahaya, Sinar, Penerangan;109;光:ひかり
発する;Hassuru;はっする;Menghasilkan, Memancarkan, Mengeluarkan;109;発:はっ
白熱電球;Hakunetsu Denkyū;はくねつでんきゅう;Bohlam Pijar, Incandescent Bulb, Lampu dengan Filamen yang Memanas;109;白:はく|熱:ねつ|電:でん|球:きゅう
寿命;Jumyō;じゅみょう;Umur, Masa Pakai, Usia;109;寿:じゅ|命:みょう
効率;Kōritsu;こうりつ;Efisiensi, Keefektifan, Rasio Efisiensi;109;効:こう|率:りつ
一部;Ichibu;いちぶ;Bagian, Sebagian, Satu Bagian;109;一:いち|部:ぶ
生産中止;Seisan Chūshi;せいさんちゅうし;Penghentian Produksi, Henti Produksi, Tidak Diproduksi Lagi;109;生:せい|産:さん|中:ちゅう|止:し
応じる;Ōjiru;おうじる;Menanggapi, Merespon, Sesuai dengan;109;応:おう
検討;Kento;けんとう;Pertimbangan, Pembahasan, Evaluasi;109;検:けん|討:とう
安定器;Anteiki;あんていき;Ballast, Stabilizer, Alat Penstabil;109;安:あん|定:てい|器:き
一種;Isshu;いっしゅ;Satu Jenis, Tipe, Kategori;109;一:いち|種:しゅ
変圧器;Hen'atsuki;へんあつき;Transformer, Alat Pengubah Tegangan, Perangkat Transformasi;109;変:へん|圧:あつ|器:き
内蔵する;Naizō suru;ないぞうする;Tertanam, Terintegrasi, Dibangun di Dalam;109;内:ない|蔵:ぞう
蛍光管;Keikōkan;けいこうかん;Tabung Fluoresen, Fluorescent Tube, Lampu Tabung Fluoresen;109;蛍:けい|光:こう|管:かん
点灯する;Tentō suru;てんとうする;Menyalakan, Menghidupkan, Nyalakan;109;点:てん|灯:とう
グローランプ;Gurōranpu;グローランプ;Glow Lamp, Lampu Glow, Lampu Pemanas untuk Tabung Fluoresen;109;
グロースタート型;Gurō Sutāto-gata;グロースタートがた;Tipe Glow Start, Sistem Glow Start, Alat Pemanas Tipe Glow Start;109;型:がた
水銀;Suigin;すいぎん;Merkuri, Mercury;109;水:すい|銀:ぎん
防止;Bōshi;ぼうし;Pencegahan, Penghindaran, Perlindungan;109;防:ぼう|止:し
法律;Hōritsu;ほうりつ;Hukum, Undang-Undang, Peraturan;109;法:ほう|律:りつ
関係;Kankei;かんけい;Hubungan, Keterkaitan, Relasi;109;関:かん|係:けい
大手各社;Ōte Kakusha;おおてかくしゃ;Perusahaan Besar, Perusahaan Utama, Perusahaan Terkemuka;109;大:おお|手:て|各:かく|社:しゃ
製造;Seizō;せいぞう;Pembuatan, Produksi,Manufacturing;109;製:せい|造:ぞう
中止する;Chūshi suru;ちゅうしする;Menghentikan, Membatalkan, Tidak Melanjutkan;109;中:ちゅう|止:し
解説;Kaisetsu;かいせつ;Penjelasan, Uraian, Keterangan;109;解:かい|説:せつ
参照する;Sanshō suru;さんしょうする;Merujuk, Mengacu, Referensi;109;参:さん|照:しょう
フィラメント;Firamento;フィラメント;Filamen, Elemen Pemanas, Bahan yang Memanas dalam Lampu Pijar;109;
電球発光;Denkyū Hakkō;でんきゅうはっこう;Penerangan dengan Bohlam, Penerangan dengan Lampu Pijar, Cahaya dari Bohlam;109;電:でん|球:きゅう|発:はっ|光:こう
電子;Denshi;でんし;Elektron, Partikel Elektron, Muatan Negatif;109;電:でん|子:し
電極;Denkyoku;でんきょく;Elektroda, Kutub, Terminal;109;電:でん|極:きょく
水銀ガス;Suigin Gasu;すいぎんガス;Gas Merkuri, Merkuri Gas, Gas dengan Kandungan Merkuri;109;水:すい|銀:ぎん|ガス
紫外線;Shigaisen;しがいせん;Sinar Ultraviolet, UV, Sinar UV;109;紫:し|外:がい|線:せん
蛍光塗料;Keikō Toryō;けいこうとりょう;Cat Fluoresen, Cat Penerangan, Cat yang Memancarkan Cahaya;109;蛍:けい|光:こう|塗:と|料:りょう

非常用照明;Hijō-yō Shōmei;ひじょうようしょうめい;Penerangan Darurat, Lampu Darurat, Sistem Penerangan Darurat;111;非:ひ|常:じょう|用:よう|照:しょう|明:めい
非常用照明器具;Hijō-yō Shōmei Kigu;ひじょうようしょうめいきぐ;Perlengkapan Penerangan Darurat, Alat Penerangan Darurat, Lampu Darurat;111;非:ひ|常:じょう|用:よう|照:しょう|明:めい|器:き|具:ぐ
災害;Saigai;さいがい;Bencana, Musibah, Malapetaka;111;災:さい|害:がい
停電;Teiden;ていでん;Pemadaman Listrik, Mati Listrik, Gangguan Listrik;111;停:てい|電:でん
速やかに;Sumiyaka ni;すみやかに;Segera, Dengan Cepat, Secepatnya;111;速:すみ
避難;Hinan;ひなん;Evakuasi, Pengungsian, Tempat Perlindungan;111;避:ひ|難:なん
通路;Tsūro;つうろ;Koridor, Lorong, Jalur;111;通:つう|路:ろ
照らし出す;Terashidasu;てらしだす;Menerangi, Menyoroti, Memancarkan Cahaya;111;照:て|出:だ
蓄電池内蔵型;Chikudenchi Naizō-gata;ちくでんちないぞうがた;Tipe dengan Baterai Tersimpan, Alat dengan Baterai Internal, Sistem dengan Baterai Terintegrasi;111;蓄:ちく|電:でん|池:ち|内:ない|蔵:ぞう|型:がた
別置型;Betsuchi-gata;べっちがた;Tipe Terpisah, Sistem Terpisah, Alat dengan Penempatan Terpisah;111;別:べつ|置:ち|型:がた
内蔵型;Naizō-gata;ないぞうがた;Tipe Tersimpan, Sistem Tersimpan, Alat dengan Baterai Internal;111;内:ない|蔵:ぞう|型:がた
充電装置;Jūden Sōchi;じゅうでんそうち;Peralatan Pengisian, Sistem Pengisian, Alat Pengisi Daya;111;充:じゅう|電:でん|装:そう|置:ち
一箇所;Ikkasho;いっかしょ;Satu Tempat, Satu Lokasi, Satu Area;111;一:いっ|箇:か|所:しょ
設ける;Mōkeru;もうける;Menyediakan, Menempatkan, Memasang;111;設:もう
配線;Haisen;はいせん;Pengkabelan, Wiring, Sistem Kabel;111;配:はい|線:せん
常時;Jōji;じょうじ;Selalu, Secara Terus-Menerus, Setiap Saat;111;常:じょう|時:じ
充電状態;Jūden Jōtai;じゅうでんじょうたい;Status Pengisian, Kondisi Pengisian, Keadaan Pengisian;111;充:じゅう|電:でん|状:じょう|態:たい
切り替わる;Kirigawaru;きりかわる;Beralih, Berubah, Berganti;111;切:き|替:か
点灯する;Tentō suru;てんとうする;Menyalakan, Menghidupkan, Nyalakan;111;点:てん|灯:とう
点検用;Tenken-yō;てんけんよう;Untuk Pemeriksaan, Alat untuk Inspeksi, Perlengkapan untuk Pemeriksaan;111;点:てん|検:けん|用:よう
不良;Furyō;ふりょう;Rusak, Cacat, Tidak Berfungsi;111;不:ふ|良:りょう
内蔵蓄電池;Naizō Chikudenchi;ないぞうちくでんち;Baterai Internal, Baterai Tersimpan, Baterai yang Dibangun di Dalam;111;内:ない|蔵:ぞう|蓄:ちく|電:でん|池:ち
寿命;Jumyō;じゅみょう;Umur, Masa Pakai, Usia;111;寿:じゅ|命:みょう
通常;Tsūjō;つうじょう;Normal, Biasa, Umum;111;通:つう|常:じょう
程度;Teido;ていど;Tingkat, Derajat, Skala;111;程:てい|度:ど
正常に;Seijō ni;せいじょうに;Normal, Berfungsi dengan Baik, Dalam Kondisi Normal;111;正:せい|常:じょう
点検スイッチ;Tenken Suicchi;てんけんスイッチ;Saklar Pemeriksaan, Switch Inspeksi, Alat untuk Memeriksa;111;点:てん|検:けん
自動復帰形;Jidō Fukki-gata;じどうふっきがた;Tipe Pemulihan Otomatis, Sistem Pemulihan Otomatis, Alat dengan Fungsi Pemulihan Otomatis;111;自:じ|動:どう|復:ふ|帰:き|形:がた
充電モニター;Jūden Monitā;じゅうでんモニター;Monitor Pengisian, Alat Pemantau Pengisian, Sistem Pemantauan Pengisian;111;充:じゅう|電:でん|モニター
公共施設用;Kōkyō Shisetsu-yō;こうきょうしせつよう;Untuk Fasilitas Umum, Tipe untuk Fasilitas Umum, Alat untuk Fasilitas Umum;111;公:こう|共:きょう|施:し|設:せつ|用:よう
代表的な;Daihōteki na;だいほうてきな;Representatif, Tipe Umum, Contoh Umum;111;代:だい|表:ひょう|的:てき

誘導灯;Yūdōtō;ゆうどうとう;Lampu Petunjuk, Lampu Panduan, Lampu Evakuasi;113;誘:ゆう|導:どう|灯:とう
避難経路;Hinan Keiro;ひなんけいろ;Rute Evakuasi, Jalur Evakuasi, Rute Pengungsian;113;避:ひ|難:なん|経:けい|路:ろ
点灯;Tentō;てんとう;Menyalakan, Menghidupkan, Nyalakan;113;点:てん|灯:とう
常用電源;Jōyō Dengen;じょうようでんげん;Sumber Daya Utama, Sumber Listrik Utama, Power Supply Utama;113;常:じょう|用:よう|電:でん|源:げん
充電式;Jūden-shiki;じゅうでんしき;Tipe Pengisian, Sistem Pengisian, Alat dengan Fungsi Pengisian;113;充:じゅう|電:でん|式:しき
内蔵する;Naizō suru;ないぞうする;Tertanam, Terintegrasi, Dibangun di Dalam;113;内:ない|蔵:ぞう
本体下部;Hontai Kabu;ほんたいかぶ;Bagian Bawah Unit, Area Bawah Perangkat, Bagian di Bawah Alat;113;本:ほん|体:たい|下:か|部:ぶ
紐;Himo;ひも;Tali, Tali Tarik, Tali Penarik;113;紐:ひも
操作する;Sōsa suru;そうさする;Mengoperasikan, Menjalankan, Melakukan Operasi;113;操:そう|作:さ
消防法;Shōbōhō;しょうぼうほう;Hukum Pemadam Kebakaran, Undang-Undang Pemadam Kebakaran, Peraturan Pemadam Kebakaran;113;消:しょう|防:ぼう|法:ほう
施行規則;Shikō Kisoku;しこうきそく;Peraturan Pelaksanaan, Aturan Pelaksanaan, Peraturan Eksekusi;113;施:し|行:こう|規:き|則:そく
検査報告;Kensa Hōkoku;けんさほうこく;Laporan Inspeksi, Laporan Pemeriksaan, Hasil Pemeriksaan;113;検:けん|査:さ|報:ほう|告:こく
定める;Sadameru;さだめる;Menetapkan, Menentukan, Mengatur;113;定:さだ
表示面輝度;Hyōjimen Kido;ひょうじめんきど;Kecerahan Permukaan Tampilan, Luminansi Permukaan Tampilan, Tingkat Kecerahan Permukaan Tampilan;113;表:ひょう|示:じ|面:めん|輝:き|度:ど
確保;Kakuhō;かくほ;Menjamin, Memastikan, Mengamankan;113;確:かく|保:ほ
要件;Yōken;ようけん;Persyaratan, Kebutuhan, Kondisi;113;要:よう|件:けん
予備電源;Yobi Dengen;よびでんげん;Sumber Daya Cadangan, Sumber Listrik Cadangan, Power Supply Cadangan;113;予:よ|備:び|電:でん|源:げん
連続;Renzoku;れんぞく;Kontinu, Berkelanjutan, Terus-Menerus;113;連:れん|続:ぞく
長期間;Chōkikan;ちょうきかん;Periode Panjang, Jangka Waktu Lama, Durasi Panjang;113;長:ちょう|期:き|間:かん
定格型器具;Teikaku-gata Kigu;ていかくがたきぐ;Peralatan Tipe Berperingkat, Alat dengan Peringkat Tertentu, Perlengkapan dengan Spesifikasi Tertentu;113;定:てい|格:かく|型:がた|器:き|具:ぐ

コンセント;Konsento;コンセント;Stop Kontak, Soket Listrik, Colokan Listrik;117;
一般用;Ippan-yō;いっぱんよう;Untuk Umum, Tipe Umum, Alat untuk Penggunaan Umum;117;一:いっ|般:ぱん|用:よう
電力機器;Denryoku Kiki;でんりょくきき;Peralatan Listrik, Perangkat Listrik, Alat Tenaga Listrik;117;電:でん|力:りょく|機:き|器:き
専用;Sen'yō;せんよう;Eksklusif, Khusus, Hanya untuk;117;専:せん|用:よう
差し込み口;Sashikomi Guchi;さしこみぐち;Lubang Colokan, Soket, Tempat Colokan;117;差:さ|込:こ|口:ぐち
抜け止め式;Nukedome-shiki;ぬけどめしき;Tipe Pengunci, Sistem Pengunci, Alat dengan Fungsi Pengunci;117;抜:ぬ|止:ど|式:しき
接地端子;Setchi Tanshi;せっちたんし;Terminal Grounding, Terminal Pembumian, Alat untuk Grounding;117;接:せっ|地:ち|端:たん|子:し
事務機;Jimuki;じむき;Peralatan Kantor, Alat Kantor, Mesin Kantor;117;事:じ|務:む|機:き
電流;Denryū;でんりゅう;Arus Listrik, Aliran Listrik, Kekuatan Arus;117;電:でん|流:りゅう
定格;Teikaku;ていかく;Peringkat, Spesifikasi, Rating;117;定:てい|格:かく
超えない;Koenai;こえない;Tidak Melebihi, Tidak Melampaui, Tidak Melebihi Batas;117;超:こ
電線;Densen;でんせん;Kabel Listrik, Kabel, Saluran Listrik;117;電:でん|線:せん
電灯分電盤;Dentō Bundenban;でんとうぶんでんばん;Panel Distribusi Lampu, Panel Distribusi Penerangan, Panel Listrik untuk Lampu;117;電:でん|灯:とう|分:ぶん|電:でん|盤:ばん
配線用遮断器;Haisen-yō Shadan-ki;はいせんようしゃだんき;Pemutus Sirkuit untuk Pengkabelan, Circuit Breaker untuk Wiring, Alat Pemutus Arus untuk Kabel;117;配:はい|線:せん|用:よう|遮:しゃ|断:だん|器:き
ブレーカー;Burēkā;ブレーカー;Breaker, Pemutus Arus, Circuit Breaker;117;
延長する;Enchō suru;えんちょうする;Memperpanjang, Melanjutkan, Menambah Panjang;117;延:えん|長:ちょう
延長コード;Enchō Kōdo;えんちょうコード;Kabel Perpanjangan, Extension Cord, Kabel Ekstensi;117;延:えん|長:ちょう
柱;Hashira;はしら;Tiang, Kolom, Pilar;117;柱:はしら
ステップル;Sutepuru;ステップル;Staple, Penjepit, Alat Penjepit;117;
釘;Kugi;くぎ;Paku, Paku Kayu, Alat untuk Menancapkan;117;釘:くぎ
固定する;Kotei suru;こていする;Memperbaiki, Menetapkan, Mengamankan;117;固:こ|定:てい
好ましい;Konomashii;このましい;Diinginkan, Disukai, Preferensi;117;好:この
タコ足配線;Takoashi Haisen;たこあしはいせん;Pengkabelan Berbentuk Gurita, Kabel Ekstensi dengan Banyak Cabang, Wiring dengan Banyak Soket;117;足:あし|配:はい|線:せん
束ねる;Tabaneru;たばねる;Mengikat, Mengumpulkan, Menyusun;117;束:たば
発熱;Hatsunetsu;はつねつ;Panas, Penghasil Panas, Menghasilkan Panas;117;発:はつ|熱:ねつ
発火;Hakka;はっか;Pembakaran, Menyala, Terbakar;117;発:はっ|火:か
増設;Zōsetsu;ぞうせつ;Penambahan, Ekspansi, Pemasangan Tambahan;117;増:ぞう|設:せつ
依頼;Irai;いらい;Permintaan, Permohonan, Tugas;117;依:い|頼:らい
回路;Kairo;かいろ;Sirkuit, Rangkaian, Jalur Listrik;117;回:かい|路:ろ

電灯分電盤;Dentō Bundenban;でんとうぶんでんばん;Panel Distribusi Lampu, Panel Distribusi Penerangan, Panel Listrik untuk Lampu;117;電:でん|灯:とう|分:ぶん|電:でん|盤:ばん
動力盤;Dōryoku Ban;どうりょくばん;Panel Daya, Panel Listrik untuk Peralatan Berat, Panel Distribusi Tenaga;119;動:どう|力:りょく|盤:ばん
電灯;Dentō;でんとう;Lampu, Penerangan, Cahaya;119;電:でん|灯:とう
分配する;Bunpai suru;ぶんぱいする;Mendistribusikan, Membagi, Menyalurkan;119;分:ぶん|配:ぱい
規模;Kibo;きぼ;Skala, Ukuran, Besaran;119;規:き|模:ぼ
配線室;Haisen Shitsu;はいせんしつ;Ruang Kabel, Ruang Pengkabelan, Ruang Wiring;119;配:はい|線:せん|室:しつ
銅製;Dōsei;どうせい;Terbuat dari Tembaga, Bahan Tembaga, Material Tembaga;119;銅:どう|製:せい
配線用遮断器;Haisen-yō Shadan-ki;はいせんようしゃだんき;Pemutus Sirkuit untuk Pengkabelan, Circuit Breaker untuk Wiring, Alat Pemutus Arus untuk Kabel;119;配:はい|線:せん|用:よう|遮:しゃ|断:だん|器:き
漏電遮断器;Rōden Shadan-ki;ろうでんしゃだんき;Pemutus Arus Bocor, Ground Fault Circuit Breaker, Alat Pemutus Arus untuk Kebocoran Listrik;119;漏:ろう|電:でん|遮:しゃ|断:だん|器:き
電線;Densen;でんせん;Kabel Listrik, Kabel, Saluran Listrik;119;電:でん|線:せん
銅帯;Dōtai;どうたい;Pita Tembaga, Strip Tembaga, Bahan Tembaga dalam Bentuk Pita;119;銅:どう|帯:たい
回路毎;Kairo-goto;かいろごと;Setiap Sirkuit, Per Sirkuit, Tiap Jalur Listrik;119;回:かい|路:ろ|毎:ごと
遮断器;Shadan-ki;しゃだんき;Pemutus Arus, Circuit Breaker, Alat Pemutus Listrik;119;遮:しゃ|断:だん|器:き
設ける;Mōkeru;もうける;Menyediakan, Menempatkan, Memasang;119;設:もう
定格;Teikaku;ていかく;Peringkat, Spesifikasi, Rating;119;定:てい|格:かく
給水設備;Kyūsui Setsubi;きゅうすいせつび;Peralatan Penyediaan Air, Sistem Penyediaan Air, Alat untuk Menyediakan Air;119;給:きゅう|水:すい|設:せつ|備:び
換気設備;Kanki Setsubi;かんきせつび;Peralatan Ventilasi, Sistem Ventilasi, Alat untuk Ventilasi;119;換:かん|気:き|設:せつ|備:び
冷暖房設備;Reidanbō Setsubi;れいだんぼうせつび;Peralatan Pendingin dan Pemanas, Sistem AC dan Pemanas, Alat untuk Pendinginan dan Pemanasan;119;冷:れい|暖:だん|房:ぼう|設:せつ|備:び
基本的な;Kihonteki na;きほんてきな;Dasar, Fundamental, Pokok;119;基:き|本:ほん|的:てき
構造;Kōzō;こうぞう;Struktur, Konstruksi, Susunan;119;構:こう|造:ぞう
電源電圧;Dengen Den'atsu;でんげんでんあつ;Tegangan Sumber Daya, Tegangan Listrik, Voltage Power Supply;119;電:でん|源:げん|電:でん|圧:あつ
盤表面;Ban Hyōmen;ばんひょうめん;Permukaan Panel, Bagian Depan Panel, Muka Panel;119;盤:ばん|表:ひょう|面:めん
表示ランプ;Hyōji Ranpu;ひょうじランプ;Lampu Indikator, Lampu Penunjuk, Lampu Tampilan;119;表:ひょう|示:じ
入切スイッチ;Irikiri Suicchi;いりきりスイッチ;Saklar On/Off, Saklar Hidup/Mati, Switch untuk Menyalakan dan Mematikan;119;入:いり|切:きり
動力;Dōryoku;どうりょく;Tenaga, Daya, Power;119;動:どう|力:りょく
動力混合分電盤;Dōryoku Kongō Bundenban;どうりょくこんごうぶんでんばん;Panel Distribusi Campuran Tenaga, Panel Distribusi Gabungan, Panel Listrik untuk Tenaga dan Lampu;119;動:どう|力:りょく|混:こん|合:ごう|分:ぶん|電:でん|盤:ばん

配線用遮断器;Haisen-yō Shadan-ki;はいせんようしゃだんき;Pemutus Sirkuit untuk Pengkabelan, Circuit Breaker untuk Wiring, Alat Pemutus Arus untuk Kabel;121;配:はい|線:せん|用:よう|遮:しゃ|断:だん|器:き
漏電遮断器;Rōden Shadan-ki;ろうでんしゃだんき;Pemutus Arus Bocor, Ground Fault Circuit Breaker, Alat Pemutus Arus untuk Kebocoran Listrik;121;漏:ろう|電:でん|遮:しゃ|断:だん|器:き
分電盤;Bundenban;ぶんでんばん;Panel Distribusi, Panel Listrik, Panel Pembagi Listrik;121;分:ぶん|電:でん|盤:ばん
限る;Kagiru;かぎる;Membatasi, Hanya untuk, Terbatas pada;121;限:かぎ
目安;Meyasu;めやす;Panduan, Acuan, Standar;121;目:め|安:やす
異常;Ijō;いじょう;Abnormal, Tidak Normal, Keadaan Tidak Biasa;121;異:い|常:じょう
定格電流;Teikaku Denryū;ていかくでんりゅう;Arus Listrik Berperingkat, Arus Listrik Tertentu, Rating Arus Listrik;121;定:てい|格:かく|電:でん|流:りゅう
つまみ;Tsumami;つまみ;Tombol, Kenop, Alat untuk Mengoperasikan;121;
一旦;Ittan;いったん;Sementara, Sekali, Untuk Sementara;121;一:いっ|旦:たん
戻す;Modosu;もどす;Mengembalikan, Kembali, Memulihkan;121;戻:もど
役入;Yakuiri;やくいり;Fungsi, Peran, Kegunaan;121;役:やく|入:いり
取り除く;Torinozoku;とりのぞく;Menghilangkan, Menyingkirkan, Membuang;121;取:と|除:のぞ
漏電する;Rōden suru;ろうでんする;Bocor Listrik, Terjadi Kebocoran Listrik, Arus Bocor;121;漏:ろう|電:でん
持ち合わせる;Mochiawaseru;もちあわせる;Memiliki, Membawa, Mempunyai;121;持:も|合:あ
役割;Yakuwari;やくわり;Peran, Fungsi, Tugas;121;役:やく|割:わり
果たす;Hatasu;はたす;Memenuhi, Melaksanakan, Menjalankan;121;果:は
復帰ボタン;Fukki Botan;ふっきボタン;Tombol Pemulihan, Tombol Reset, Alat untuk Mengembalikan ke Kondisi Normal;121;復:ふっ|帰:き
作動試験用;Sadō Shiken-yō;さどうしけんよう;Untuk Uji Operasi, Alat untuk Pengujian Fungsi, Perlengkapan untuk Uji Coba;121;作:さ|動:どう|試:し|験:けん|用:よう
押し込む;Oshikomu;おしこむ;Menekan, Mendorong, Memasukkan dengan Tekanan;121;押:お|込:こ
発生する;Hassei suru;はっせいする;Terjadi, Muncul, Timbul;121;発:はっ|生:せい
再役入する;Saiyakuiri suru;さいやくいりする;Memasukkan Kembali, Mengembalikan, Memulihkan Fungsi;121;再:さい|役:やく|入:いり
小型漏電ブレーカー;Kogata Rōden Burēkā;こがたろうでんブレーカー;Circuit Breaker Bocor Kecil, Pemutus Arus Bocor Tipe Kecil, Alat Pemutus Arus untuk Kebocoran Listrik dengan Ukuran Kecil;121;小:こ|型:がた|漏:ろう|電:でん
漏電保護専用;Rōden Hogo Sen'yō;ろうでんほごせんよう;Eksklusif untuk Perlindungan Kebocoran Listrik, Hanya untuk Perlindungan Arus Bocor, Alat Khusus untuk Melindungi dari Kebocoran Listrik;121;漏:ろう|電:でん|保:ほ|護:ご|専:せん|用:よう
高速型;Kōsoku-gata;こうそくがた;Tipe Kecepatan Tinggi, Sistem Kecepatan Tinggi, Alat dengan Fungsi Kecepatan Tinggi;121;高:こう|速:そく|型:がた
衝撃波不動型;Shōgekiha Fudō-gata;しょうげきはふどうがた;Tipe yang Tidak Mudah Terpicu Gelombang Kejut;121;衝:しょう|撃:げき|波:は|不:ふ|動:どう|型:がた

放送設備;Hōsō Setsubi;ほうそうせつび;Peralatan Penyiaran, Sistem Penyiaran, Alat untuk Penyiaran;123;放:ほう|送:そう|設:せつ|備:び
音声;Onsei;おんせい;Suara, Audio, Bunyi;123;音:おん|声:せい
音楽;Ongaku;おんがく;Musik, Lagu, Alunan;123;音:おん|楽:がく
チャイム;Chaimu;チャイム;Bel, Lonceng, Alat untuk Membunyikan;123;
増幅;Zōfuku;ぞうふく;Amplifikasi, Penguatan, Memperbesar;123;増:ぞう|幅:ふく
各所;Kakusho;かくしょ;Setiap Tempat, Berbagai Tempat, Tiap Lokasi;123;各:かく|所:しょ
範囲;Hani;はんい;Lingkup, Cakupan, Area;123;範:はん|囲:い
放送する;Hōsō suru;ほうそうする;Menyiarakan, Menyiarkan, Melakukan Penyiaran;123;放:ほう|送:そう
増幅器;Zōfuku-ki;ぞうふくき;Amplifier, Penguat, Alat untuk Memperkuat Sinyal;123;増:ぞう|幅:ふく|器:き
アンプ;Anpu;アンプ;Amp, Amplifier, Alat untuk Memperkuat Sinyal;123;
チューナー;Chūnā;チューナー;Tuner, Penyetel, Alat untuk Menyetel Sinyal;123;
プレーヤー;Purēyā;プレーヤー;Player, Pemutar, Alat untuk Memutar Musik atau Audio;123;
マイクロホン;Maikurohon;マイクロホン;Microphone, Mikrofon, Alat untuk Merekam atau Menguatkan Suara;123;
各種;Kakushu;かくしゅ;Berbagai Jenis, Setiap Jenis, Tiap Tipe;123;各:かく|種:しゅ
主要な;Shuyō na;しゅような;Utama, Penting, Esensial;123;主:しゅ|要:よう
埃;Hokori;ほこり;Debu, Kotoran, Partikel Kecil;123;埃:ほこり
こまめな;Komame na;こまめな;Sering, Rajin, Sering Melakukan;123;
発熱;Hatsunetsu;はつねつ;Panas, Penghasil Panas, Menghasilkan Panas;123;発:はつ|熱:ねつ
風通し;Kaze Tōshi;かぜとおし;Sirkulasi Udara, Ventilasi, Aliran Udara;123;風:かぜ|通:とお
音量調節器;Onryō Chōsetsuki;おんりょうちょうせつき;Volume Control, Pengatur Volume, Alat untuk Mengatur Kekuatan Suara;123;音:おん|量:りょう|調:ちょう|節:せつ|器:き
アッテネーター;Attenētā;アッテネーター;Attenuator, Peredam, Alat untuk Meredam Sinyal;123;
用途;Yōto;ようと;Penggunaan, Tujuan, Fungsi;123;用:よう|途:と
規模;Kibo;きぼ;Skala, Ukuran, Besaran;123;規:き|模:ぼ
予備電源;Yobi Dengen;よびでんげん;Sumber Daya Cadangan, Sumber Listrik Cadangan, Power Supply Cadangan;123;予:よ|備:び|電:でん|源:げん
内蔵蓄電池;Naizō Chikudenchi;ないぞうちくでんち;Baterai Internal, Baterai Tersimpan, Baterai yang Dibangun di Dalam;123;内:ない|蔵:ぞう|蓄:ちく|電:でん|池:ち
さらに;Sarā ni;さらに;Lebih Lanjut, Selain Itu, Tambahan;123;
配線;Haisen;はいせん;Pengkabelan, Wiring, Sistem Kabel;123;配:はい|線:せん
ラック型;Rakku-gata;ラックがた;Tipe Rak, Sistem Rak, Alat dengan Bentuk Rak;123;型:がた
壁掛型;Kabe-kake-gata;かべかけがた;Tipe Gantung di Dinding, Sistem Gantung di Dinding, Alat dengan Desain untuk Digantung di Dinding;123;壁:かべ|掛:かけ|型:がた
遠隔操作器;Enkaku Sōsa-ki;えんかくそうさき;Alat Pengoperasian Jarak Jauh, Remote Control, Perangkat untuk Mengendalikan dari Jarak Jauh;123;遠:えん|隔:かく|操:そう|作:さ|器:き
非常用放送設備;Hijō-yō Hōsō Setsubi;ひじょうようほうそうせつび;Peralatan Penyiaran Darurat, Sistem Penyiaran untuk Keadaan Darurat, Alat untuk Penyiaran dalam Situasi Darurat;123;非:ひ|常:じょう|用:よう|放:ほう|送:そう|設:せつ|備:び
天井埋込型;Tenjō Umekomi-gata;てんじょううめこみがた;Tipe Tertanam di Langit-langit, Sistem Tertanam di Langit-langit, Alat dengan Desain untuk Ditanam di Langit-langit;123;天:てん|井:じょう|埋:うめ|込:こみ|型:がた
天井露出型;Tenjō Roshutsu-gata;てんじょうろしゅつがた;Tipe Terpasang di Langit-langit, Sistem Terpasang di Langit-langit, Alat dengan Desain untuk Dipasang di Langit-langit;123;天:てん|井:じょう|露:ろ|出:しゅつ|型:がた
トランペット型;Toranpetto-gata;トランペットがた;Tipe Terompet, Sistem Terompet, Alat dengan Bentuk Terompet;123;型:がた
非常用スピーカー;Hijō-yō Supīkā;ひじょうようスピーカー;Speaker Darurat, Alat Pengeras Suara untuk Keadaan Darurat, Sistem Pengeras Suara Darurat;123;非:ひ|常:じょう|用:よう

電話設備;Denwa Setsubi;でんわせつび;Peralatan Telepon, Sistem Telepon, Alat untuk Komunikasi Telepon;127;電:でん|話:わ|設:せつ|備:び
電話機;Denwa-ki;でんわき;Telepon, Alat Telepon, Perangkat Telepon;127;電:でん|話:わ|機:き
配管配線;Haikan Haisen;はいかんはいせん;Pipa dan Kabel, Sistem Pipa dan Kabel, Alat untuk Pipa dan Kabel;127;配:はい|管:かん|配:はい|線:せん
電話交換機;Denwa Kōkan-ki;でんわこうかんき;Sentral Telepon, Switch Telepon, Alat Pertukaran Telepon, Sistem Pertukaran Telepon;127;電:でん|話:わ|交:こう|換:かん|機:き
総称する;Sōshō suru;そうしょうする;Menyebut Secara Umum, Menggeneralisasi, Menyebut dengan Istilah Umum;127;総:そう|称:しょう
電気通信事業者;Denki Tsūshin Jigyōsha;でんきつうしんじぎょうしゃ;Operator Telekomunikasi, Perusahaan Telekomunikasi, Penyedia Layanan Telekomunikasi;127;電:でん|気:き|通:つう|信:しん|事:じ|業:ぎょう|者:しゃ
繋がる;Tsunagaru;つながる;Terhubung, Terkoneksi, Tersambung;127;繋:つな
直通電話;Chokutsū Denwa;ちょくつうでんわ;Telepon Langsung, Telepon Non-Stop, Telepon Tanpa Perantara;127;直:ちょく|通:つう|電:でん|話:わ
小中規模;Shōchū Kibo;しょうちゅうきぼ;Skala Kecil hingga Menengah, Ukuran Kecil sampai Sedang, Tingkat Kecil dan Menengah;127;小:しょう|中:ちゅう|規:き|模:ぼ
対応;Taiō;たいおう;Mendukung, Kompatibel, Dapat Digunakan dengan;127;対:たい|応:おう
用いる;Mochiiru;もちいる;Menggunakan, Memanfaatkan, Memakai;127;用:もち
湿気;Shikke;しっけ;Kelembaban, Uap Air, Kondisi Lembab;127;湿:しっ|気:け
振動;Shindō;しんどう;Getaran, Vibrasi, Guncangan;127;振:しん|動:どう
高温;Kōon;こうおん;Suhu Tinggi, Panas, Kondisi Panas;127;高:こう|温:おん
環境;Kankō;かんこう;Lingkungan, Atmosfer, Kondisi Sekitar;127;環:かん|境:きょう
電話配線;Denwa Haisen;でんわはいせん;Kabel Telepon, Sistem Kabel Telepon, Alat untuk Kabel Telepon;127;電:でん|話:わ|配:はい|線:せん
変更;Henkō;へんこう;Perubahan, Modifikasi, Pembaruan;127;変:へん|更:こう
増設;Zōsetsu;そうせつ;Penambahan, Peningkatan, Pembenahan;127;増:そう|設:せつ
容易;Yōi;ようい;Mudah, Praktis, Tidak Rumit;127;容:よう|易:い
端子盤;Tanshi-ban;たんしばん;Papan Terminal, Papan Koneksi, Alat untuk Koneksi Terminal;127;端:たん|子:し|盤:ばん
構内交換機;Kōnai Kōkan-ki;こうないこうかんき;Switch dalam Bangunan, Perangkat Pertukaran dalam Bangunan, Alat untuk Pertukaran dalam Bangunan;127;構:こう|内:ない|交:こう|換:かん|機:き
社外;Shagai;しゃがい;Di luar perusahaan, Di luar organisasi, Diluar lingkungan perusahaan;127;社:しゃ|外:がい
発着;Hacchaku;はっちゃく;Penerbangan, Pemberangkatan, Kedatangan;127;発:はっ|着:ちゃく
繋ぐ;Tsunagu;つなぐ;Menghubungkan, Menyambungkan, Membuat Koneksi;127;繋:つな
同線同士;Dōsen Dōshi;どうせんどうし;Kabel yang Sama, Kabel yang Terhubung, Kabel yang Sejenis;127;同:どう|線:せん|同:どう|士:し

通信ネットワーク設備;Tsūshin Nettowāku Setsubi;つうしんネットワークせつび;Peralatan Jaringan Komunikasi, Sistem Jaringan Komunikasi, Alat untuk Jaringan Komunikasi;129;通:つう|信:しん|設:せつ|備:び
接続;Setsuzoku;せつぞく;Koneksi, Sambungan, Hubungan;129;接:せつ|続:ぞく
略す;Ryaku su;りゃくす;Menyingkat, Mengabbreviate, Memperpendek;129;略:りゃく
自宅;Jitaku;じたく;Rumah, Tempat Tinggal, Kediaman;129;自:じ|宅:たく
一定の;Ittei no;いっていの;Tertentu, Spesifik, Tetap;129;一:いっ|定:てい
限定する;Gentei suru;げんていする;Membatasi, Menentukan, Membuat Batasan;129;限:げん|定:てい
横築する;Yokochiku suru;よこちくする;Membangun secara Horizontal, Mendirikan dengan Cara Menyamping, Membangun dengan Orientasi Horizontal;129;横:よこ|築:ちく
プリンクール;Purinkūru;プリンクール;Pringle, Alat untuk Memperkuat Sinyal, Sistem untuk Memperkuat Sinyal;129;
周辺機器;Shūhen Kiki;しゅうへんきき;Perangkat Sekitar, Peralatan Pendukung, Alat Tambahan;129;周:しゅう|辺:へん|機:き|器:き
共有;Kyōyū;きょうゆう;Berbagi, Bersama, Kolaborasi;129;共:きょう|有:ゆう
挙げられる;Agerareru;あげられる;Dapat Diberikan, Bisa Diberikan, Contoh yang Bisa Diberikan;129;挙:あ
有線;Yūsen;ゆうせん;Berkabel, Kabel, Dengan Kabel;129;有:ゆう|線:せん
無線;Musen;むせん;Nirkabel, Wireless, Tanpa Kabel;129;無:む|線:せん
通信速度;Tsūshin Sokudo;つうしんそくど;Kecepatan Komunikasi, Kecepatan Transmisi, Laju Komunikasi;129;通:つう|信:しん|速:そく|度:ど
比較的;Hikakuteki;ひかくてき;Relatif, Cukup, Agak;129;比:ひ|較:かく|的:てき
活用する;Katsuyō suru;かつようする;Memanfaatkan, Menggunakan, Mengaplikasikan;129;活:かつ|用:よう
複数台;Fukusū-dai;ふくすうだい;Beberapa Unit, Banyak Unit, Lebih dari Satu Unit;129;複:ふく|数:すう|台:だい
絡まる;Karamaru;からまる;Tersangkut, Terjerat, Terkait;129;絡:から
不要;Fuyō;ふよう;Tidak Perlu, Tidak Diperlukan, Tidak Dibutuhkan;129;不:ふ|要:よう
電波;Denpa;でんぱ;Gelombang Radio, Sinyal Radio, Frekuensi Radio;129;電:でん|波:ぱ
利点;Riten;りてん;Keuntungan, Manfaat, Kelebihan;129;利:り|点:てん
適切な;Tekisetsu na;てきせつな;Tepat, Sesuai, Cocok;129;適:てき|切:せつ
選択する;Sentaku suru;せんたくする;Memilih, Menentukan, Mengambil Pilihan;129;選:せん|択:たく
配線事例;Haisen Jirei;はいせんじれい;Contoh Pengkabelan, Studi Kasus Pengkabelan, Ilustrasi Pengkabelan;129;配:はい|線:せん|事:じ|例:れい
サーもカメラ;Sāmo Kamera;サーもカメラ;Thermal Camera, Kamera Termal, Alat untuk Mendeteksi Panas;129;
子器;Koki;こき;Sub Unit, Perangkat Tambahan, Alat Pendukung;129;子:こ|器:き
親器;Oyaki;おやき;Main Unit, Perangkat Utama, Alat Utama;129;親:おや|器:き
モニター;Monitā;モニター;Monitor, Layar, Alat untuk Menampilkan;129;
分電盤;Bundenban;ぶんでんばん;Panel Distribusi, Panel Listrik, Panel Pembagi Listrik;129;分:ぶん|電:でん|盤:ばん
電気室;Denki Shitsu;でんきしつ;Ruang Listrik, Ruang Elektrik, Tempat untuk Peralatan Listrik;129;電:でん|気:き|室:しつ
入場ゲート;Nyūjō Gēto;にゅうじょうゲート;Gerbang Masuk, Pintu Masuk, Alat untuk Akses Masuk;129;入:にゅう|場:じょう
エントランスロビー;Entoransu Robī;エントランスロビー;Lobi, Ruang Tunggu, Area Masuk;129;
追加ネットワーク回線;Tsuika Nettowāku Kaisen;ついかネットワークかいせん;Penambahan Jalur Jaringan, Penambahan Sirkuit Jaringan, Alat untuk Menambah Jalur Jaringan;129;追:つい|加:か|回:かい|線:せん
既設のネットワーク回線;Kisetsu no Nettowāku Kaisen;きせつのネットワークかいせん;Jalur Jaringan yang Sudah Ada, Sirkuit Jaringan yang Sudah Terpasang, Alat untuk Jaringan yang Sudah Ada;129;既:き|設:せつ|回:かい|線:せん
電力線「既設」;Denryokusen "Kisetsu";でんりょくせん「きせつ」;Saluran Listrik "Sudah Ada", Jalur Listrik "Existing", Alat untuk Saluran Listrik yang Sudah Terpasang;129;電:でん|力:りょく|線:せん|既:き|設:せつ

インターホン設備;Intāhon Setsubi;インターホンせつび;Peralatan Interkom, Sistem Interkom, Alat untuk Komunikasi Internal;131;設:せつ|備:び
連絡用;Renraku-yō;れんらくよう;Untuk Komunikasi, Alat untuk Berkomunikasi, Sistem untuk Berkomunikasi;131;連:れん|絡:らく|用:よう
通話設備;Tsūwa Setsubi;つうわせつび;Peralatan Telepon, Sistem Telepon, Alat untuk Berkomunikasi melalui Telepon;131;通:つう|話:わ|設:せつ|備:び
用いる;Mochiiru;もちいる;Menggunakan, Memanfaatkan, Memakai;131;用:もち
親機;Oyaki;おやき;Main Unit, Perangkat Utama, Alat Utama;131;親:おや|機:き
通話;Tsūwa;つうわ;Telepon, Komunikasi, Pembicaraan;131;通:つう|話:わ
子機;Koki;こき;Sub Unit, Perangkat Tambahan, Alat Pendukung;131;子:こ|機:き
親子式;Oyako-shiki;おやこしき;Tipe Parent-Child, Sistem Parent-Child, Alat dengan Konfigurasi Parent-Child;131;親:おや|子:こ|式:しき
同士;Dōshi;どうし;Sesama, Satu Sama Lain, Saling;131;同:どう|士:し
相互式;Sōgo-shiki;そうごしき;Tipe Saling, Sistem Saling, Alat dengan Konfigurasi Saling;131;相:そう|互:ご|式:しき
組み合わせる;Kumiawaseru;くみあわせる;Menggabungkan, Memadukan, Menyatukan;131;組:く|合:あ
複合式;Fukugō-shiki;ふくごうしき;Tipe Gabungan, Sistem Gabungan, Alat dengan Konfigurasi Gabungan;131;複:ふく|合:ごう|式:しき
玄関;Genkan;げんかん;Pintu Masuk, Area Masuk, Foyer;131;玄:げん|関:かん
施設管理者;Shisetsu Kanrisha;しせつかんりしゃ;Manajer Fasilitas, Pengelola Fasilitas, Orang yang Bertanggung Jawab atas Fasilitas;131;施:し|設:せつ|管:かん|理:り|者:しゃ
防災センサー;Bōsai Sensā;ぼうさいセンサー;Sensor Bencana, Alat Deteksi Bencana, Sistem Sensor untuk Keamanan;131;防:ぼう|災:さい
各室相互;Kakushitsu Sōgo;かくしつそうご;Setiap Ruangan Saling, Tiap Ruangan Saling, Alat untuk Komunikasi Antar Ruangan;131;各:かく|室:しつ|相:そう|互:ご
ナースコール;Nāsu Kōru;ナースコール;Nurse Call, Sistem Panggilan Perawat, Alat untuk Memanggil Perawat;131;
系統図;Keitōzu;けいとうず;Diagram Sistem, Diagram Alur, Skema Sistem;131;系:けい|統:とう|図:ず

テレビ共聴設備;Terebi Kyōchō Setsubi;テレビきょうちょうせつび;Peralatan Antena TV Bersama, Sistem Antena TV Kolektif, Alat untuk Menerima Sinyal TV Bersama;133;共:きょう|聴:ちょう|設:せつ|備:び
放送;Hōsō;ほうそう;Penyiaran, Siaran, Broadcast;133;放:ほう|送:そう
受信する;Jushin suru;じゅしんする;Menerima Sinyal, Menangkap Sinyal, Proses Penerimaan;133;受:じゅ|信:しん
不経済;Fukeizai;ふけいざい;Tidak Ekonomis, Tidak Efisien, Boros;133;不:ふ|経:けい|済:ざい
全て;Subete;すべて;Semua, Seluruh, Keseluruhan;133;全:すべ
良好;Ryōkō;りょうこう;Baik, Bagus, Memuaskan;133;良:りょう|好:こう
信号;Shingō;しんごう;Sinyal, Tanda, Indikator;133;信:しん|号:ごう
増幅器;Zōfuku-ki;ぞうふくき;Amplifier, Penguat, Alat untuk Memperkuat Sinyal;133;増:ぞう|幅:ふく|器:き
ブースター;Būsutā;ブースター;Booster, Penguat Sinyal, Alat untuk Meningkatkan Sinyal;133;
端子;Tanshi;たんし;Terminal, Koneksi, Alat untuk Koneksi;133;端:たん|子:し
供給する;Kyōkyū suru;きょうきゅうする;Menyediakan, Memberikan, Memasok;133;供:きょう|給:きゅう
テレビ共同受信設備;Terebi Kyōdō Jushin Setsubi;テレビきょうどうじゅしんせつび;Peralatan Penerimaan TV Bersama, Sistem Penerimaan TV Kolektif, Alat untuk Menerima Sinyal TV Bersama;133;共:きょう|同:どう|受:じゅ|信:しん|設:せつ|備:び
地デジ放送;Chideji Hōsō;ちでじほうそう;Penyiaran Digital Terestrial, Siaran TV Digital, Broadcast TV Digital;133;地:ち|放:ほう|送:そう
衛星放送;Eisei Hōsō;えいせいほうそう;Penyiaran Satelit, Siaran Satelit, Broadcast Satelit;133;衛:えい|星:せい|放:ほう|送:そう
混合器;Kongō-ki;こんごうき;Mixer, Alat Pencampur, Perangkat untuk Mencampur Sinyal;133;混:こん|合:ごう|器:き
調整;Chōsei;ちょうせい;Penyesuaian, Kalibrasi, Penyetelan;133;調:ちょう|整:せい
分配器;Bunpai-ki;ぶんぱいき;Splitter, Alat Pembagi, Perangkat untuk Membagi Sinyal;133;分:ぶん|配:ぱい|器:き
出入力;Shutsunyūryoku;しゅつにゅうりょく;Input/Output, Masukan/Keluaran, Alat untuk Input dan Output;133;出:しゅつ|入:にゅう|力:りょく
地上;Chijō;ちじょう;Terestrial, Di Bumi, Penyiaran Darat;133;地:ち|上:じょう
放送用チューナー;Hōsō-yō Chūnā;ほうそうようチューナー;Tuner untuk Penyiaran, Alat Penyetel untuk Broadcast, Sistem Penyetel untuk Siaran;133;放:ほう|送:そう|用:よう

受変電設備;Juhenden Setsubi;じゅへんでんせつび;Peralatan Transformator dan Distribusi, Sistem Transformator dan Distribusi, Alat untuk Transformasi dan Distribusi Listrik;137;受:じゅ|変:へん|電:でん|設:せつ|備:び
電力送電会社;Denryoku Sōden Kaisha;でんりょくそうでんかいしゃ;Perusahaan Pengiriman Listrik, Perusahaan Transmisi Listrik, Penyedia Layanan Transmisi Listrik;137;電:でん|力:りょく|送:そう|電:でん|会:かい|社:しゃ
高圧;Kōatsu;こうあつ;Tegangan Tinggi, High Voltage, Kondisi dengan Tegangan Listrik yang Tinggi;137;高:こう|圧:あつ
配電線;Haiden-sen;はいでんせん;Saluran Distribusi, Jalur Distribusi, Alat untuk Distribusi Listrik;137;配:はい|電:でん|線:せん
分岐;Bunki;ぶんき;Cabang, Percabangan, Alat untuk Membagi Arus Listrik;137;分:ぶん|岐:き
構内柱;Kōnai-bashira;こうないばしら;Tiang di Dalam Area, Tiang Internal, Struktur Penyangga di Area;137;構:こう|内:ない|柱:ばしら
引き込む;Hikikomu;ひきこむ;Menarik Masuk, Menghubungkan, Memasukkan;137;引:ひ|込:こ
変圧器;Hen'atsuki;へんあつき;Transformator, Alat untuk Mengubah Tegangan Listrik, Perangkat Transformasi Listrik;137;変:へん|圧:あつ|器:き
動力用;Dōryoku-yō;どうりょくよう;Untuk Daya, Untuk Tenaga, Alat untuk Kebutuhan Daya;137;動:どう|力:りょく|用:よう
変圧;Hen'atsu;へんあつ;Transformasi Tegangan, Perubahan Tegangan, Proses Mengubah Tegangan Listrik;137;変:へん|圧:あつ
責任分界点;Sekinin Bunkai-ten;せきにんぶんかいてん;Titik Batas Tanggung Jawab, Titik Pemisah Tanggung Jawab, Batas Tanggung Jawab;137;責:せき|任:にん|分:ぶん|界:かい|点:てん
避雷器;Hiraiki;ひらいき;Surge Arrester, Alat Penangkal Petir, Perangkat untuk Melindungi dari Lonjakan Listrik;137;避:ひ|雷:らい|器:き
高圧開閉器;Kōatsu Kaiheiki;こうあつかいへいき;Switch Tegangan Tinggi, Alat Pemutus Tegangan Tinggi, Perangkat untuk Mengendalikan Tegangan Tinggi;137;高:こう|圧:あつ|開:かい|閉:へい|器:き
低圧開閉器;Teiatsu Kaiheiki;ていあつかいへいき;Switch Tegangan Rendah, Alat Pemutus Tegangan Rendah, Perangkat untuk Mengendalikan Tegangan Rendah;137;低:てい|圧:あつ|開:かい|閉:へい|器:き
高圧負荷開閉器;Kōatsu Fuka Kaiheiki;こうあつふかかいへいき;Switch Beban Tegangan Tinggi, Alat Pemutus Beban Tegangan Tinggi, Perangkat untuk Mengendalikan Beban pada Tegangan Tinggi;137;高:こう|圧:あつ|負:ふ|荷:か|開:かい|閉:へい|器:き
電力ヒューズ;Denryoku Hyūzu;でんりょくヒューズ;Sekring Listrik, Fuse, Alat untuk Melindungi dari Arus Berlebih;137;電:でん|力:りょく
単相;Tansō;たんそう;Fasa Tunggal, Single Phase, Sistem Listrik dengan Satu Fasa;137;単:たん|相:そう
電力用コンデンサ;Denryoku-yō Kondensa;でんりょくようコンデンサ;Kapasitor untuk Listrik, Alat Penyimpan Energi Listrik, Perangkat untuk Menyimpan Muatan Listrik;137;電:でん|力:りょく|用:よう
三相;Sansō;さんそう;Fasa Tiga, Three Phase, Sistem Listrik dengan Tiga Fasa;137;三:さん|相:そう
低圧配電盤;Teiatsu Haidenban;ていあつはいでんばん;Panel Distribusi Tegangan Rendah, Panel Listrik Tegangan Rendah, Alat untuk Distribusi Listrik dengan Tegangan Rendah;137;低:てい|圧:あつ|配:はい|電:でん|盤:ばん
電灯回路配電用遮断器;Dentō Kairo Haiden-yō Shadan-ki;でんとうかいろはいでんようしゃだんき;Pemutus Sirkuit untuk Distribusi Penerangan, Alat Pemutus untuk Sirkuit Lampu, Perangkat untuk Melindungi Sirkuit Penerangan;137;電:でん|灯:とう|回:かい|路:ろ|配:はい|電:でん|用:よう|遮:しゃ|断:だん|器:き
キュービクル;Kyūbikuru;キュービクル;Cubicle, Ruang Tertutup untuk Peralatan Listrik, Alat untuk Menempatkan Peralatan Listrik;137;

自家発電設備;Jikahatsuden Setsubi;じかはつでんせつび;Peralatan Pembangkit Listrik Mandiri, Sistem Pembangkit Listrik Sendiri, Alat untuk Menghasilkan Listrik secara Mandiri;139;自:じ|家:か|発:はつ|電:でん|設:せつ|備:び
最小限;Saishōgen;さいしょうげん;Minimum, Paling Sedikit, Batas Terendah;139;最:さい|小:しょう|限:げん
非常照明;Hijō Shōmei;ひじょうしょうめい;Penerangan Darurat, Lampu Darurat, Sistem Penerangan untuk Keadaan Darurat;139;非:ひ|常:じょう|照:しょう|明:めい
普段;Fudan;ふだん;Biasanya, Sehari-hari, Kondisi Normal;139;普:ふ|段:だん
稼働する;Kadō suru;かどうする;Beroperasi, Berfungsi, Bekerja;139;稼:か|働:どう
能力;Nōryoku;のうりょく;Kapasitas, Kemampuan, Daya;139;能:のう|力:りょく
試運転;Shiunten;しうんてん;Uji Coba Operasi, Test Run, Proses Pengujian;139;試:し|運:うん|転:てん
整備;Seibi;せいび;Pemeliharaan, Perawatan, Proses Merawat dan Memelihara;139;整:せい|備:び
構成する;Kōsei suru;こうせいする;Menyusun, Membentuk, Mengorganisasi;139;構:こう|成:せい
主要な;Shuyō na;しゅような;Utama, Penting, Esensial;139;主:しゅ|要:よう
発電機;Hatsudenki;はつでんき;Generator, Alat untuk Menghasilkan Listrik, Perangkat Pembangkit Listrik;139;発:はつ|電:でん|機:き
冷却装置;Reikyaku Sōchi;れいきゃくそうち;Peralatan Pendingin, Sistem Pendingin, Alat untuk Mendinginkan;139;冷:れい|却:きゃく|装:そう|置:ち
燃料タンク;Nenryō Tanku;ねんりょうタンク;Tangki Bahan Bakar, Alat Penyimpan Bahan Bakar, Sistem untuk Menyimpan Bahan Bakar;139;燃:ねん|料:りょう
同様;Dōyō;どうよう;Sama, Serupa, Mirip;139;同:どう|様:よう
始動;Shidō;しどう;Start, Memulai, Proses Memulai;139;始:し|動:どう
圧縮空気;Asshuku Kūki;あっしゅくくうき;Udara Terkompresi, Kompresor Udara, Alat untuk Menghasilkan Udara Terkompresi;139;圧:あっ|縮:しゅく|空:くう|気:き
発電機;Hatsudenki;はつでんき;Generator, Alat untuk Menghasilkan Listrik, Perangkat Pembangkit Listrik;139;発:はつ|電:でん|機:き
機関;Kikan;きかん;Mesin, Motor, Perangkat Penggerak;139;機:き|関:かん
重油;Jūyu;じゅうゆ;Minyak Berat, Bahan Bakar Minyak Berat, Alat untuk Bahan Bakar Minyak Berat;139;重:じゅう|油:ゆ
軽油;Keiyu;けいゆ;Minyak Ringan, Bahan Bakar Minyak Ringan, Alat untuk Bahan Bakar Minyak Ringan;139;軽:けい|油:ゆ
乗用車;Jōyōsha;じょうようしゃ;Mobil Penumpang, Kendaraan Pribadi, Alat Transportasi untuk Penumpang;139;乗:じょう|用:よう|車:しゃ
都市ガス;Toshi Gasu;としガス;Gas Kota, Gas Alam, Alat untuk Gas yang Digunakan di Perkotaan;139;都:と|市:し
ガスタービン;Gasutābin;ガスタービン;Gas Turbine, Turbin Gas, Alat untuk Menghasilkan Tenaga dari Gas;139;
想像する;Sōzō suru;そうぞうする;Membayangkan, Mengimajinasikan, Berpikir tentang;139;想:そう|像:ぞう
液体燃料;Ekitai Nenryō;えきたいねんりょう;Bahan Bakar Cair, Alat untuk Bahan Bakar dalam Bentuk Cair, Sistem untuk Menyimpan Bahan Bakar Cair;139;液:えき|体:たい|燃:ねん|料:りょう
両方;Ryōhō;りょうほう;Keduanya, Dua-duanya, Baik Satu maupun Lain;139;両:りょう|方:ほう
搭載する;Tōsai suru;とうさいする;Memasang, Menginstal, Menempatkan;139;搭:とう|載:さい
防油堤;Bōyutei;ぼうゆてい;Tanggul Penahan Minyak, Alat untuk Mencegah Tumpahan Minyak, Sistem untuk Menahan Minyak;139;防:ぼう|油:ゆ|堤:てい
配管ピット;Haikan Pitto;はいかんピット;Pipa Pit, Lubang Pipa, Alat untuk Menempatkan Pipa;139;配:はい|管:かん

直流電源装置;Chokuryū Dengen Sōchi;ちょくりゅうでんげんそうち;Peralatan Sumber Daya Listrik DC, Sistem Sumber Daya Listrik Arus Searah, Alat untuk Menyediakan Listrik DC;141;直:ちょく|流:りゅう|電:でん|源:げん|装:そう|置:ち
受変電設備;Juhenden Setsubi;じゅへんでんせつび;Peralatan Transformator dan Distribusi, Sistem Transformator dan Distribusi, Alat untuk Transformasi dan Distribusi Listrik;141;受:じゅ|変:へん|電:でん|設:せつ|備:び
制御設備;Seigyō Setsubi;せいぎょうせつび;Peralatan Kontrol, Sistem Kontrol, Alat untuk Mengendalikan;141;制:せい|御:ぎょう|設:せつ|備:び
通常;Tsūjō;つうじょう;Normal, Biasa, Kondisi Standar;141;通:つう|常:じょう
鉛蓄電池;Enchikudenchi;えんちくでんち;Baterai Timbal, Alat Penyimpan Energi Listrik dengan Elektrolit Timbal, Sistem Penyimpanan Energi Listrik dengan Baterai Timbal;141;鉛:えん|蓄:ちく|電:でん|池:ち
開放型;Kaihō-gata;かいほうがた;Tipe Terbuka, Sistem Terbuka, Alat dengan Desain Terbuka;141;開:かい|放:ほう|型:がた
密閉型;Mippei-gata;みっぺいがた;Tipe Tertutup, Sistem Tertutup, Alat dengan Desain Tertutup;141;密:みっ|閉:ぺい|型:がた
バッテリー液;Batterī-eki;バッテリー液;Cairan Baterai, Elektrolit Baterai, Alat untuk Mengisi Baterai;141;液:えき
蒸留水;Jōryūsui;じょうりゅうすい;Air Distilasi, Air Murni, Alat untuk Menghasilkan Air Distilasi;141;蒸:じょう|留:りゅう|水:すい
補給する;Hokyū suru;ほきゅうする;Mengisi Ulang, Menyediakan, Memasok;141;補:ほ|給:きゅう
性能;Seinō;せいのう;Kinerja, Performa, Kemampuan;141;性:せい|能:のう
低下する;Teika suru;ていかする;Menurun, Turun, Berkurang;141;低:てい|下:か
使用状態;Shiyō Jōtai;しようじょうたい;Kondisi Penggunaan, Status Penggunaan, Alat untuk Menilai Kondisi Penggunaan;141;使:し|用:よう|状:じょう|態:たい
目安;Meyasu;めやす;Panduan, Acuan, Alat untuk Menilai;141;目:め|安:やす
著しい;Ichijirushii;いちじるしい;Signifikan, Mencolok, Sangat Terlihat;141;著:いちじる
保守;Hoshu;ほしゅ;Pemeliharaan, Perawatan, Proses Merawat dan Memelihara;141;保:ほ|守:しゅ
負荷;Fuka;ふか;Beban, Beban, Alat untuk Menilai Beban;141;負:ふ|荷:か
整流器盤;Seiryūki-ban;せいりゅうきばん;Panel Penyearah, Alat untuk Menyearahkan Arus Listrik, Sistem untuk Menyearahkan Listrik;141;整:せい|流:りゅう|器:き|盤:ばん
保護装置;Hogo Sōchi;ほごそうち;Peralatan Perlindungan, Sistem Perlindungan, Alat untuk Melindungi;141;保:ほ|護:ご|装:そう|置:ち
表示装置;Hyōji Sōchi;ひょうじそうち;Peralatan Tampilan, Sistem Tampilan, Alat untuk Menampilkan Informasi;141;表:ひょう|示:じ|装:そう|置:ち
負荷電圧補償装置;Fuka Den'atsu Hokyō Sōchi;ふかでんあつほきょうそうち;Peralatan Kompensasi Tegangan Beban, Sistem Kompensasi Tegangan untuk Beban, Alat untuk Menyeimbangkan Tegangan Beban;141;負:ふ|荷:か|電:でん|圧:あつ|補:ほ|償:きょう|装:そう|置:ち
蓄電池盤;Chikudenchi-ban;ちくでんちばん;Panel Baterai, Alat untuk Menempatkan Baterai, Sistem untuk Menyimpan Baterai;141;蓄:ちく|電:でん|池:ち|盤:ばん
アルカリ蓄電池;Arukari Chikudenchi;アルカリちくでんち;Baterai Alkaline, Alat Penyimpan Energi Listrik dengan Elektrolit Alkaline, Sistem Penyimpanan Energi Listrik dengan Baterai Alkaline;141;蓄:ちく|電:でん|池:ち

無停電電源装置;Muteiden Dengen Sōchi;むていでんげんそうち;UPS (Uninterruptible Power Supply), Peralatan Sumber Daya Listrik Tanpa Gangguan, Sistem Sumber Daya Listrik yang Tidak Terganggu, Alat untuk Menyediakan Listrik Tanpa Gangguan;143;無:む|停:てい|電:でん|源:げん|装:そう|置:ち
断たれる;Tatareru;たたれる;Terputus, Terhenti, Tidak Berfungsi;143;断:た
商用交流出力;Shōyō Kōryū Shutsuryoku;しょうようこうりゅうしゅつりょく;PLN, Output AC Komersial, Output Arus Bolak-Balik untuk Penggunaan Komersial, Alat untuk Menyediakan Output AC;143;商:しょう|用:よう|交:こう|流:りゅう|出:しゅつ|力:りょく
交流入力;Kōryū Nyūryoku;こうりゅうにゅうりょく;Input AC, Masukan Arus Bolak-Balik, Alat untuk Menerima Input AC;143;交:こう|流:りゅう|入:にゅう|力:りょく
交流出力;Kōryū Shutsuryoku;こうりゅうしゅつりょく;Output AC, Keluaran Arus Bolak-Balik, Alat untuk Memberikan Output AC;143;交:こう|流:りゅう|出:しゅつ|力:りょく
従来;Jūrai;じゅうらい;Konvensional, Tradisional, Cara Lama;143;従:じゅう|来:らい
計算機設備;Keisanki Setsubi;けいさんきせつび;Peralatan Komputer, Sistem Komputer, Alat untuk Pengolahan Data;143;計:けい|算:さん|機:き|設:せつ|備:び
監視制御設備;Kanshi Seigyō Setsubi;かんしせいぎょうせつび;Peralatan Kontrol dan Pemantauan, Sistem Kontrol dan Pemantauan, Alat untuk Mengendalikan dan Memantau;143;監:かん|視:し|制:せい|御:ぎょう|設:せつ|備:び
故障時;Koshō-ji;こしょうじ;Saat Terjadi Kerusakan, Ketika Terjadi Gangguan, Kondisi Saat Terjadi Masalah;143;故:こ|障:しょう|時:じ
本体故障時;Hontai Koshō-ji;ほんたいこしょうじ;Saat Terjadi Kerusakan pada Perangkat Utama, Ketika Perangkat Utama Rusak, Kondisi Saat Perangkat Utama Bermasalah;143;本:ほん|体:たい|故:こ|障:しょう|時:じ
無瞬断;Mushundan;むしゅんだん;Tanpa Gangguan Sekejap, Tidak Ada Pemutusan Sementara, Kondisi Tanpa Gangguan Sementara;143;無:む|瞬:しゅん|断:だん
切り替え;Kirikae;きりかえ;Beralih, Mengganti, Proses Peralihan;143;切:き|替:り
通常時;Tsūjō-ji;つうじょうじ;Saat Normal, Kondisi Normal, Waktu Normal;143;通:つう|常:じょう|時:じ
整流器;Seiryūki;せいりゅうき;Rectifier, Alat Penyearah, Perangkat untuk Menyearahkan Arus Listrik;143;整:せい|流:りゅう|器:き
インバータ;Inbāta;インバータ;Inverter, Alat Pengubah Arus, Perangkat untuk Mengubah Arus Listrik;143;
負荷;Fuka;ふか;Beban, Beban, Alat untuk Menilai Beban;143;負:ふ|荷:か
